id,title,primary_genre,poster_file,poster_url,source_json,status,error
222662,Trashology,Comedy,images/222662_Trashology_Comedy.jpg,https://image.tmdb.org/t/p/original/hVE6dZvpVWA8z5f8JKLS3mZsdfK.jpg,page_10.json,ok,
1239489,The Gardener,Comedy,images/1239489_The_Gardener_Comedy.jpg,https://image.tmdb.org/t/p/original/h36cJkid3MAadrI2uNbLpEbr6NW.jpg,page_10.json,ok,
1290159,A House of Dynamite,Thriller,images/1290159_A_House_of_Dynamite_Thriller.jpg,https://image.tmdb.org/t/p/original/AiJ8L90ftPAwVf3SDx7Fj9IMZoy.jpg,page_1.json,ok,
818418,2 Below 0,Comedy,images/818418_2_Below_0_Comedy.jpg,https://image.tmdb.org/t/p/original/ugCOXD2CNWqrBSkpoDfpgoWvjVq.jpg,page_10.json,ok,
425274,Now You See Me: Now You Don't,Thriller,images/425274_Now_You_See_Me_Now_You_Dont_Thriller.jpg,https://image.tmdb.org/t/p/original/oD3Eey4e4Z259XLm3eD3WGcoJAh.jpg,page_10.json,ok,
1280450,Stolen Girl,Thriller,images/1280450_Stolen_Girl_Thriller.jpg,https://image.tmdb.org/t/p/original/fZlNXEHZsBp7unqw009MeBbMv87.jpg,page_1.json,ok,
604079,The Long Walk,Thriller,images/604079_The_Long_Walk_Thriller.jpg,https://image.tmdb.org/t/p/original/wobVTa99eW0ht6c1rNNzLkazPtR.jpg,page_1.json,ok,
20125,Gladiatress,Comedy,images/20125_Gladiatress_Comedy.jpg,https://image.tmdb.org/t/p/original/mbiaH8jDBaHJrpkTiKOd9GGmqoD.jpg,page_100.json,ok,
501630,Summer '03,Comedy,images/501630_Summer_03_Comedy.jpg,https://image.tmdb.org/t/p/original/rZhUcUkDzgvF0pjEjMZvUsvcUqH.jpg,page_100.json,ok,
1362315,The Hand That Rocks the Cradle,Thriller,images/1362315_The_Hand_That_Rocks_the_Cradle_Thriller.jpg,https://image.tmdb.org/t/p/original/hH953zlL3xdEDpizAquISRrSm1P.jpg,page_10.json,ok,
22825,The Box,Thriller,images/22825_The_Box_Thriller.jpg,https://image.tmdb.org/t/p/original/xMAmOu6xl4CsstixcuecBle9krd.jpg,page_100.json,ok,
937249,57 Seconds,Thriller,images/937249_57_Seconds_Thriller.jpg,https://image.tmdb.org/t/p/original/dfS5qHWFuXyZQnwYREwb7N4qU5p.jpg,page_100.json,ok,
553604,Honest Thief,Thriller,images/553604_Honest_Thief_Thriller.jpg,https://image.tmdb.org/t/p/original/zeD4PabP6099gpE0STWJrJrCBCs.jpg,page_100.json,ok,
145645,Cannibal Collector,Comedy,images/145645_Cannibal_Collector_Comedy.jpg,https://image.tmdb.org/t/p/original/pHcCm6wHhWZLwGyhnhfL09IRrZD.jpg,page_10.json,ok,
1215020,American Sweatshop,Thriller,images/1215020_American_Sweatshop_Thriller.jpg,https://image.tmdb.org/t/p/original/zUXz9LHeU82S3n2pJhiEifOOei5.jpg,page_100.json,ok,
407794,Indiscretion,Thriller,images/407794_Indiscretion_Thriller.jpg,https://image.tmdb.org/t/p/original/fBqnegI286dGFBiEWxCgcaPxahC.jpg,page_100.json,ok,
611605,1BR,Thriller,images/611605_1BR_Thriller.jpg,https://image.tmdb.org/t/p/original/aiYLasUoJXqOgJ9pnahDMELC9wf.jpg,page_100.json,ok,
462181,Palm Swings,Comedy,images/462181_Palm_Swings_Comedy.jpg,https://image.tmdb.org/t/p/original/nZYTZ861wP2z4S7Bd2ZIwKFj241.jpg,page_101.json,ok,
539565,Zola,Comedy,images/539565_Zola_Comedy.jpg,https://image.tmdb.org/t/p/original/bJLCPROp9bmNndurwZpVnOioVpB.jpg,page_100.json,ok,
198277,Begin Again,Comedy,images/198277_Begin_Again_Comedy.jpg,https://image.tmdb.org/t/p/original/qx4HXHXt528hS4rwePZbZo20xqZ.jpg,page_100.json,ok,
833425,No Exit,Thriller,images/833425_No_Exit_Thriller.jpg,https://image.tmdb.org/t/p/original/5cnLoWq9o5tuLe1Zq4BTX4LwZ2B.jpg,page_101.json,ok,
680587,Fully Realized Humans,Comedy,images/680587_Fully_Realized_Humans_Comedy.jpg,https://image.tmdb.org/t/p/original/oKo5etyL8NvgOZegf1uVRlzc2WP.jpg,page_100.json,ok,
8457,Drillbit Taylor,Comedy,images/8457_Drillbit_Taylor_Comedy.jpg,https://image.tmdb.org/t/p/original/shqO696kFnM8Z4ODa3JglcjP97u.jpg,page_101.json,ok,
438871,Dark Resonance,Thriller,images/438871_Dark_Resonance_Thriller.jpg,https://image.tmdb.org/t/p/original/2BGaCxU2nPqaXPuAgsfPo9Lyy3G.jpg,page_101.json,ok,
537192,EX-Shamkar,Comedy,images/537192_EX-Shamkar_Comedy.jpg,https://image.tmdb.org/t/p/original/8IjPY8PTWC1X3YwcXFgpbp2d0C.jpg,page_102.json,ok,
846542,Annie Live!,Comedy,images/846542_Annie_Live_Comedy.jpg,https://image.tmdb.org/t/p/original/sVvCYvChT69s1r1kF3jOT0HCCM0.jpg,page_101.json,ok,
10707,The Squid and the Whale,Comedy,images/10707_The_Squid_and_the_Whale_Comedy.jpg,https://image.tmdb.org/t/p/original/h4FMTKrWgwSUQTSbMnSA4ECKzl2.jpg,page_102.json,ok,
192141,No Escape,Thriller,images/192141_No_Escape_Thriller.jpg,https://image.tmdb.org/t/p/original/jIXZEvL4dmgkjyhD5JUDeOaASKB.jpg,page_102.json,ok,
353069,Mother's Day,Comedy,images/353069_Mothers_Day_Comedy.jpg,https://image.tmdb.org/t/p/original/AvGTqWgDjQ0TwDkApFMAA1BxJOD.jpg,page_102.json,ok,
49730,Red Riding Hood,Thriller,images/49730_Red_Riding_Hood_Thriller.jpg,https://image.tmdb.org/t/p/original/dMI4XZCfC0VhUNN1Ds6ty6iRoyJ.jpg,page_102.json,ok,
114150,Pitch Perfect,Comedy,images/114150_Pitch_Perfect_Comedy.jpg,https://image.tmdb.org/t/p/original/gsFoJk9g8W3zgaipRrrURk7LbiF.jpg,page_102.json,ok,
12193,Four Christmases,Comedy,images/12193_Four_Christmases_Comedy.jpg,https://image.tmdb.org/t/p/original/zixj44TC7rwzpxtJAG5OzFJnEqe.jpg,page_103.json,ok,
79548,Gone,Thriller,images/79548_Gone_Thriller.jpg,https://image.tmdb.org/t/p/original/5GcbQhm0Qbbf1qt24spUpqX5tfP.jpg,page_103.json,ok,
25248,Saint Ralph,Comedy,images/25248_Saint_Ralph_Comedy.jpg,https://image.tmdb.org/t/p/original/3MdWgqUunIBWnc7mYi2dtZrD54Y.jpg,page_103.json,ok,
645444,Psycho BFF,Thriller,images/645444_Psycho_BFF_Thriller.jpg,https://image.tmdb.org/t/p/original/znqtsvwjGa1zqG6hhv88Dyaa3lZ.jpg,page_102.json,ok,
601744,Loqueesha,Comedy,images/601744_Loqueesha_Comedy.jpg,https://image.tmdb.org/t/p/original/uwJiIxoNre4mih8F5ayRw2f7Vwb.jpg,page_103.json,ok,
62557,Fetish,Thriller,images/62557_Fetish_Thriller.jpg,https://image.tmdb.org/t/p/original/yxMC0JdK9RvwvnCgxvU5KqpcRB.jpg,page_103.json,ok,
683340,Vengeance,Comedy,images/683340_Vengeance_Comedy.jpg,https://image.tmdb.org/t/p/original/n1SlTeEv3dNJB3gF9AHAVElQ6LO.jpg,page_103.json,ok,
21481,Twitches,Comedy,images/21481_Twitches_Comedy.jpg,https://image.tmdb.org/t/p/original/oQ2wWWefU2flwuPgdIkLGhPq6Tk.jpg,page_103.json,ok,
10577,Dracula 2000,Thriller,images/10577_Dracula_2000_Thriller.jpg,https://image.tmdb.org/t/p/original/jnAfl6GSZbBMigL98RJGbOSk4V1.jpg,page_104.json,ok,
1214474,Stress Positions,Comedy,images/1214474_Stress_Positions_Comedy.jpg,https://image.tmdb.org/t/p/original/dsVWPrHJvXEt1XPxAEqLiSq0eyy.jpg,page_103.json,ok,
69485,Blame,Thriller,images/69485_Blame_Thriller.jpg,https://image.tmdb.org/t/p/original/lO1IRi9Cu0IgVf7NK9GQf2kb68w.jpg,page_104.json,ok,
1244890,Sharp Corner,Thriller,images/1244890_Sharp_Corner_Thriller.jpg,https://image.tmdb.org/t/p/original/hPK7H70vQVpT3qn9zedKqizXVdx.jpg,page_104.json,ok,
8699,Anchorman: The Legend of Ron Burgundy,Comedy,images/8699_Anchorman_The_Legend_of_Ron_Burgundy_Comedy.jpg,https://image.tmdb.org/t/p/original/mhZIcRePT7U8viFQVjt1ZjYIsR4.jpg,page_104.json,ok,
37786,Sex and the City 2,Comedy,images/37786_Sex_and_the_City_2_Comedy.jpg,https://image.tmdb.org/t/p/original/iHSRxhZsPaVuLCivvV6WEkMVGWU.jpg,page_104.json,ok,
592485,Zoombies 2,Comedy,images/592485_Zoombies_2_Comedy.jpg,https://image.tmdb.org/t/p/original/i60pYN5dgct0oQCTuh7cpKRYw5G.jpg,page_105.json,ok,
242042,Barefoot,Comedy,images/242042_Barefoot_Comedy.jpg,https://image.tmdb.org/t/p/original/7CWdmxafzSVEUv4mMlOpw89NKXE.jpg,page_104.json,ok,
75081,Rewind,Thriller,images/75081_Rewind_Thriller.jpg,https://image.tmdb.org/t/p/original/qh6caiwrFMwxljjD5GxAFvhe7xB.jpg,page_105.json,ok,
51540,Horrible Bosses,Comedy,images/51540_Horrible_Bosses_Comedy.jpg,https://image.tmdb.org/t/p/original/uQkUwgyFHAm0jGQERPG6Z9o9Zbj.jpg,page_105.json,ok,
211948,Bakgat 3,Comedy,images/211948_Bakgat_3_Comedy.jpg,https://image.tmdb.org/t/p/original/mirnnqZqWGiyaSlNfHkyztp0b6F.jpg,page_104.json,ok,
1321450,Coffee Talk,Comedy,images/1321450_Coffee_Talk_Comedy.jpg,https://image.tmdb.org/t/p/original/m2tJjOYp00S5lgIay9pwXo3y9iq.jpg,page_104.json,ok,
137355,Scream Queen,Comedy,images/137355_Scream_Queen_Comedy.jpg,https://image.tmdb.org/t/p/original/zYDOOdThFDknymkD7sHg4uJa4Vw.jpg,page_105.json,ok,
30618,Bunraku,Thriller,images/30618_Bunraku_Thriller.jpg,https://image.tmdb.org/t/p/original/6VG9XFig4djqZEEot3PGGWeIpkf.jpg,page_105.json,ok,
954388,Quicksand,Thriller,images/954388_Quicksand_Thriller.jpg,https://image.tmdb.org/t/p/original/cVLfO3CbVg8p5Qcaifq6AidOe2w.jpg,page_105.json,ok,
971412,Weekend Getaway,Thriller,images/971412_Weekend_Getaway_Thriller.jpg,https://image.tmdb.org/t/p/original/5x7RvcL0W8x7CZKP99KQnpjDz8w.jpg,page_106.json,ok,
1242357,The Gutter,Comedy,images/1242357_The_Gutter_Comedy.jpg,https://image.tmdb.org/t/p/original/onyGyEV8tPSi0thqdlsUUErxwrB.jpg,page_106.json,ok,
990333,Holiday Hostage,Comedy,images/990333_Holiday_Hostage_Comedy.jpg,https://image.tmdb.org/t/p/original/alHXleeHGoYupwFAcImbnNTXUpa.jpg,page_106.json,ok,
13778,Dickie Roberts: Former Child Star,Comedy,images/13778_Dickie_Roberts_Former_Child_Star_Comedy.jpg,https://image.tmdb.org/t/p/original/iOp2EavuxouJFo8xgcPfBKPxjUQ.jpg,page_106.json,ok,
86828,Absolutely Anything,Comedy,images/86828_Absolutely_Anything_Comedy.jpg,https://image.tmdb.org/t/p/original/2gkyLFG3MpbqXC1eF8dlSge886s.jpg,page_106.json,ok,
549053,Last Christmas,Comedy,images/549053_Last_Christmas_Comedy.jpg,https://image.tmdb.org/t/p/original/kDEjffiKgjuGo2DRzsqfjvW0CQh.jpg,page_106.json,ok,
95136,Bruno,Comedy,images/95136_Bruno_Comedy.jpg,https://image.tmdb.org/t/p/original/6gj9iMwlKZh3C4Q21q1qNu8idVE.jpg,page_107.json,ok,
580633,Tales from the Lodge,Comedy,images/580633_Tales_from_the_Lodge_Comedy.jpg,https://image.tmdb.org/t/p/original/mQUIAwsebsOEq7CR8KUfM8HP9ft.jpg,page_106.json,ok,
762361,Joyride,Comedy,images/762361_Joyride_Comedy.jpg,https://image.tmdb.org/t/p/original/yJHwqLB5U3joO6sqVajDevGsRnz.jpg,page_107.json,ok,
78178,Crust,Comedy,images/78178_Crust_Comedy.jpg,https://image.tmdb.org/t/p/original/rd4VT2ch88yTVrTMC3yhioYOX4U.jpg,page_107.json,ok,
220289,Coherence,Thriller,images/220289_Coherence_Thriller.jpg,https://image.tmdb.org/t/p/original/ezUtb9m5DeLwL2gxi4gktzNCvQv.jpg,page_107.json,ok,
617505,Hubie Halloween,Comedy,images/617505_Hubie_Halloween_Comedy.jpg,https://image.tmdb.org/t/p/original/dbhC6qRydXyRmpUdcl9bL9rARya.jpg,page_107.json,ok,
285223,Burnout,Comedy,images/285223_Burnout_Comedy.jpg,https://image.tmdb.org/t/p/original/hbL1c8NUmBxnsT4fCUscqUorLO7.jpg,page_108.json,ok,
395932,The Bet,Comedy,images/395932_The_Bet_Comedy.jpg,https://image.tmdb.org/t/p/original/wJBOinXsZD3ui8VfERJZwy7gQdR.jpg,page_106.json,ok,
1239655,Friendship,Comedy,images/1239655_Friendship_Comedy.jpg,https://image.tmdb.org/t/p/original/eikAu9gPJTQQmwFwa1zX5Hfz96P.jpg,page_108.json,ok,
21542,Love Don't Co$t a Thing,Comedy,images/21542_Love_Dont_Cot_a_Thing_Comedy.jpg,https://image.tmdb.org/t/p/original/88zspc72LIkfiuMnGpHnsWCuqEH.jpg,page_108.json,ok,
947891,My Old Ass,Comedy,images/947891_My_Old_Ass_Comedy.jpg,https://image.tmdb.org/t/p/original/yUs4Sw9AyTg2sA1qWBkNpD2mGSj.jpg,page_108.json,ok,
400157,Wonder Park,Comedy,images/400157_Wonder_Park_Comedy.jpg,https://image.tmdb.org/t/p/original/8KomINZhIuJeB4oB7k7tkq8tmE.jpg,page_108.json,ok,
996866,Failure!,Comedy,images/996866_Failure_Comedy.jpg,https://image.tmdb.org/t/p/original/88NQffi3zkG1qGOvMIPnmfJo4jM.jpg,page_108.json,ok,
11397,Not Another Teen Movie,Comedy,images/11397_Not_Another_Teen_Movie_Comedy.jpg,https://image.tmdb.org/t/p/original/9ZaGxvj1mqdKVLpSloq4mzS7SK6.jpg,page_109.json,ok,
935906,Scrapper,Comedy,images/935906_Scrapper_Comedy.jpg,https://image.tmdb.org/t/p/original/fezRPcjrd4whodnVVcFRCgDpK11.jpg,page_109.json,ok,
65754,The Girl with the Dragon Tattoo,Thriller,images/65754_The_Girl_with_the_Dragon_Tattoo_Thriller.jpg,https://image.tmdb.org/t/p/original/8bokS83zGdhaXgN9tjidUKmAftW.jpg,page_109.json,ok,
417830,Diary of a Wimpy Kid: The Long Haul,Comedy,images/417830_Diary_of_a_Wimpy_Kid_The_Long_Haul_Comedy.jpg,https://image.tmdb.org/t/p/original/ivRrDm5PlOndteVZgjhQenzKU5t.jpg,page_109.json,ok,
203739,Vampire Academy,Comedy,images/203739_Vampire_Academy_Comedy.jpg,https://image.tmdb.org/t/p/original/cJZpKgiFfjDZ6L5aOJvbmDhsGqY.jpg,page_109.json,ok,
1268552,Fran the Man,Comedy,images/1268552_Fran_the_Man_Comedy.jpg,https://image.tmdb.org/t/p/original/fxST2MqYdafW5zucXX85qddvnjm.jpg,page_11.json,ok,
1042834,Eden,Thriller,images/1042834_Eden_Thriller.jpg,https://image.tmdb.org/t/p/original/jbFEESMVbpJU8IjZBjiWGJdEsxR.jpg,page_11.json,ok,
467240,Burning Shadow,Thriller,images/467240_Burning_Shadow_Thriller.jpg,https://image.tmdb.org/t/p/original/zFdP3TVJyFZ1EgGRjYffWHeApOk.jpg,page_11.json,ok,
89799,Moving August,Comedy,images/89799_Moving_August_Comedy.jpg,https://image.tmdb.org/t/p/original/lxgRS5RdSX1QqGOowx2blpPLVzk.jpg,page_11.json,ok,
109851,From the Shadows,Thriller,images/109851_From_the_Shadows_Thriller.jpg,https://image.tmdb.org/t/p/original/7mff7LLNQRZ7crRNYhhWIsHaZjQ.jpg,page_11.json,ok,
391162,The Impersonators,Comedy,images/391162_The_Impersonators_Comedy.jpg,https://image.tmdb.org/t/p/original/8qUViEIZanyGRlWDPiWiy2cWA07.jpg,page_108.json,ok,
196867,Annie,Comedy,images/196867_Annie_Comedy.jpg,https://image.tmdb.org/t/p/original/aKAM9V0izx4VhsdyAdBvAB26UCZ.jpg,page_110.json,ok,
8273,American Wedding,Comedy,images/8273_American_Wedding_Comedy.jpg,https://image.tmdb.org/t/p/original/pCO3lJv2PzPkJty29APxCVSjyoE.jpg,page_110.json,ok,
246403,Tusk,Comedy,images/246403_Tusk_Comedy.jpg,https://image.tmdb.org/t/p/original/pA2SgITmH0lzet9Nn5cxeinRKMv.jpg,page_110.json,ok,
711974,Acrylic,Comedy,images/711974_Acrylic_Comedy.jpg,https://image.tmdb.org/t/p/original/ypQf0th11CHASVenIlJXxajHioa.jpg,page_110.json,ok,
434986,Replace,Thriller,images/434986_Replace_Thriller.jpg,https://image.tmdb.org/t/p/original/5pYnf8a9Plaqwfny6lfk5Bpzgo8.jpg,page_110.json,ok,
482373,Don't Breathe 2,Thriller,images/482373_Dont_Breathe_2_Thriller.jpg,https://image.tmdb.org/t/p/original/aOu6PJVO9RyGAzdUwG6fupu0gpz.jpg,page_110.json,ok,
974292,Magpie,Thriller,images/974292_Magpie_Thriller.jpg,https://image.tmdb.org/t/p/original/x6mB5j1IiM00Pl2u71hQXRcHV70.jpg,page_111.json,ok,
776509,Connecting Dots,Comedy,images/776509_Connecting_Dots_Comedy.jpg,https://image.tmdb.org/t/p/original/jPlg7GK7tSzfFXz6dMkJxg2Gft4.jpg,page_110.json,ok,
602654,Horizon Line,Thriller,images/602654_Horizon_Line_Thriller.jpg,https://image.tmdb.org/t/p/original/vWGkIHeCLw9wWvPXnPTOM9d5GiK.jpg,page_111.json,ok,
451751,American Satan,Thriller,images/451751_American_Satan_Thriller.jpg,https://image.tmdb.org/t/p/original/hM9dOYWPh5pcQ3ruFXDayXsqgHw.jpg,page_110.json,ok,
26108,Stage Beauty,Comedy,images/26108_Stage_Beauty_Comedy.jpg,https://image.tmdb.org/t/p/original/q3rTkp6d8NG2dPdb3Ert3C0YojK.jpg,page_111.json,ok,
9541,Jersey Girl,Comedy,images/9541_Jersey_Girl_Comedy.jpg,https://image.tmdb.org/t/p/original/nMmMWoSooR6QmCjdT0AvZardof1.jpg,page_111.json,ok,
506407,Social Animals,Comedy,images/506407_Social_Animals_Comedy.jpg,https://image.tmdb.org/t/p/original/45QgvkuwZF8mffzDcK3wZSpNpA0.jpg,page_111.json,ok,
363618,Painkillers,Thriller,images/363618_Painkillers_Thriller.jpg,https://image.tmdb.org/t/p/original/3p3k3VSCiqd2pdb4Qtyon3XlMrA.jpg,page_111.json,ok,
19719,LolliLove,Comedy,images/19719_LolliLove_Comedy.jpg,https://image.tmdb.org/t/p/original/7GIE8Td9CG7x6uDnCdd3JDJsQ57.jpg,page_111.json,ok,
11130,The Princess Diaries 2: Royal Engagement,Comedy,images/11130_The_Princess_Diaries_2_Royal_Engagement_Comedy.jpg,https://image.tmdb.org/t/p/original/5XToqGcE4qdfOSaCPWI7kAb1bm7.jpg,page_111.json,ok,
686158,InstaPsycho,Thriller,images/686158_InstaPsycho_Thriller.jpg,https://image.tmdb.org/t/p/original/xqxAS8eRKWfPKAdD4PFtop7TOzw.jpg,page_112.json,ok,
666930,Pumpkin Hell,Comedy,images/666930_Pumpkin_Hell_Comedy.jpg,https://image.tmdb.org/t/p/original/mqSMOpmjPxMY32Dm9KZemBtQC0a.jpg,page_111.json,ok,
765119,The Bubble,Comedy,images/765119_The_Bubble_Comedy.jpg,https://image.tmdb.org/t/p/original/edYk5TSowZIDv138bCpF5ls3XI5.jpg,page_111.json,ok,
82650,Diary of a Wimpy Kid: Dog Days,Comedy,images/82650_Diary_of_a_Wimpy_Kid_Dog_Days_Comedy.jpg,https://image.tmdb.org/t/p/original/zGtie23gOL8H6dJvXRNdmCtscRq.jpg,page_111.json,ok,
1075978,Black Balsam,Thriller,images/1075978_Black_Balsam_Thriller.jpg,https://image.tmdb.org/t/p/original/ydZGVFKeQtFkBM6xOrAaLg3vXct.jpg,page_111.json,ok,
202144,Hoodlum & Son,Comedy,images/202144_Hoodlum__Son_Comedy.jpg,https://image.tmdb.org/t/p/original/6s0DzZaMmwswuTPexYf43TQmMHb.jpg,page_112.json,ok,
4614,The Sum of All Fears,Thriller,images/4614_The_Sum_of_All_Fears_Thriller.jpg,https://image.tmdb.org/t/p/original/3E4LW4bjRhEMDeeXeIsmkJ94v8K.jpg,page_112.json,ok,
547054,Comma Boat,Comedy,images/547054_Comma_Boat_Comedy.jpg,https://image.tmdb.org/t/p/original/zNAqAVZOYealaJcalmaaTfZEgI9.jpg,page_112.json,ok,
2771,American Splendor,Comedy,images/2771_American_Splendor_Comedy.jpg,https://image.tmdb.org/t/p/original/rPLMxuk82AiqDiwEUVJ6E7WpjYs.jpg,page_113.json,ok,
89008,The Oranges,Comedy,images/89008_The_Oranges_Comedy.jpg,https://image.tmdb.org/t/p/original/3HDjhip7qzvEAb5A0AiJfcUBo22.jpg,page_112.json,ok,
11852,The Hot Chick,Comedy,images/11852_The_Hot_Chick_Comedy.jpg,https://image.tmdb.org/t/p/original/lnnGE4TKa05t20SZ2batuAhXCp4.jpg,page_113.json,ok,
606877,Born Into Mafia 2,Thriller,images/606877_Born_Into_Mafia_2_Thriller.jpg,https://image.tmdb.org/t/p/original/9ShA3jIqAy4W1sGiLStAF73rhFF.jpg,page_112.json,ok,
864873,Hypnotic,Thriller,images/864873_Hypnotic_Thriller.jpg,https://image.tmdb.org/t/p/original/miEj4kNc4efZ5WbPJqWl1UXWrvS.jpg,page_113.json,ok,
933557,The Contrast,Comedy,images/933557_The_Contrast_Comedy.jpg,https://image.tmdb.org/t/p/original/sioXCmW4Q2VXLYm9hIY8GcnU3m7.jpg,page_112.json,ok,
802443,Deadly Illusions,Thriller,images/802443_Deadly_Illusions_Thriller.jpg,https://image.tmdb.org/t/p/original/wj0PpS8cvXCNB3Wvhe6w5k0Nnke.jpg,page_114.json,ok,
520016,Driven,Thriller,images/520016_Driven_Thriller.jpg,https://image.tmdb.org/t/p/original/5szS3NXiycrTL67AunS7TLG0EE0.jpg,page_113.json,ok,
12572,"New York, I Love You",Comedy,images/12572_New_York_I_Love_You_Comedy.jpg,https://image.tmdb.org/t/p/original/85pnbEkyGi211Rq9DmnqbNX18aK.jpg,page_113.json,ok,
13771,Venus,Comedy,images/13771_Venus_Comedy.jpg,https://image.tmdb.org/t/p/original/pY1B5ipgUkxtBN3fkJWuKAeFL2G.jpg,page_114.json,ok,
10052,Dragonfly,Thriller,images/10052_Dragonfly_Thriller.jpg,https://image.tmdb.org/t/p/original/tafDYI10ZhorJ6nmsPqUfzQpRLn.jpg,page_114.json,ok,
784995,Maybe Someday,Comedy,images/784995_Maybe_Someday_Comedy.jpg,https://image.tmdb.org/t/p/original/yhIy4aSsX02yuYjkk21ZCnutZCD.jpg,page_114.json,ok,
864384,New Material,Comedy,images/864384_New_Material_Comedy.jpg,https://image.tmdb.org/t/p/original/qCtxmmYRVjvFCzdQSkL29Hfulut.jpg,page_114.json,ok,
381041,Rainbow Time,Comedy,images/381041_Rainbow_Time_Comedy.jpg,https://image.tmdb.org/t/p/original/xRlvr8nejfUa3DphrxNDBWTl55M.jpg,page_115.json,ok,
924482,The Ledge,Thriller,images/924482_The_Ledge_Thriller.jpg,https://image.tmdb.org/t/p/original/S99eCSnRFfeZJmDaIGIZF58H7w.jpg,page_114.json,ok,
83186,Wrong,Comedy,images/83186_Wrong_Comedy.jpg,https://image.tmdb.org/t/p/original/k6IvmVvfsoIL8HNVusb4oAQr6Rk.jpg,page_115.json,ok,
1159320,Coffee Diva,Comedy,images/1159320_Coffee_Diva_Comedy.jpg,https://image.tmdb.org/t/p/original/kbzha3AT8gxXxWOlYoDb7VjVCj5.jpg,page_115.json,ok,
229126,Enemies of Laughter,Comedy,images/229126_Enemies_of_Laughter_Comedy.jpg,https://image.tmdb.org/t/p/original/8ICYde5nwy0dCQUgsuBEK2Masjt.jpg,page_115.json,ok,
608499,Saint-Narcisse,Comedy,images/608499_Saint-Narcisse_Comedy.jpg,https://image.tmdb.org/t/p/original/osTteBBNxczHt7asRE2KDUk6dRc.jpg,page_115.json,ok,
259018,Behaving Badly,Comedy,images/259018_Behaving_Badly_Comedy.jpg,https://image.tmdb.org/t/p/original/vHPRAvYa4AT2KfORbpTlhNGtGEI.jpg,page_115.json,ok,
17203,Blow Dry,Comedy,images/17203_Blow_Dry_Comedy.jpg,https://image.tmdb.org/t/p/original/iLGjyrjuOxILTx9FFNm2ktqzaxt.jpg,page_116.json,ok,
303991,Demolition,Comedy,images/303991_Demolition_Comedy.jpg,https://image.tmdb.org/t/p/original/4t56LZ1KbOOxgKfqMKN6truBDVc.jpg,page_115.json,ok,
1077280,Die Hart,Comedy,images/1077280_Die_Hart_Comedy.jpg,https://image.tmdb.org/t/p/original/ff9iMXJjtRdm58nRzM88sNr5CTu.jpg,page_115.json,ok,
287954,Lolita from Interstellar Space,Comedy,images/287954_Lolita_from_Interstellar_Space_Comedy.jpg,https://image.tmdb.org/t/p/original/nhWlip1s5YzhRFKGlHABGJrBhZn.jpg,page_116.json,ok,
1436493,Endzgiving,Comedy,images/1436493_Endzgiving_Comedy.jpg,https://image.tmdb.org/t/p/original/owVGrMX8RPeGn5n0dEk1r4iCmLX.jpg,page_116.json,ok,
134411,Snitch,Thriller,images/134411_Snitch_Thriller.jpg,https://image.tmdb.org/t/p/original/1suKSCm8gVUIIOh4MgtWAtzkMe4.jpg,page_116.json,ok,
52067,Cedar Rapids,Comedy,images/52067_Cedar_Rapids_Comedy.jpg,https://image.tmdb.org/t/p/original/udHprtPPfDHdcR1ijoY24mt9OB1.jpg,page_116.json,ok,
846250,Fire Island,Comedy,images/846250_Fire_Island_Comedy.jpg,https://image.tmdb.org/t/p/original/2vVUdYoqUX5rK8plxPGERGGjQLI.jpg,page_116.json,ok,
78127,Silk Shoes,Comedy,images/78127_Silk_Shoes_Comedy.jpg,https://image.tmdb.org/t/p/original/5tQSZelBDicqNQhFtSsE5hjfjj6.jpg,page_116.json,ok,
500788,Garbage,Thriller,images/500788_Garbage_Thriller.jpg,https://image.tmdb.org/t/p/original/10boApMWasEeYULj4DNaSJHBeDD.jpg,page_114.json,ok,
19918,Spread,Comedy,images/19918_Spread_Comedy.jpg,https://image.tmdb.org/t/p/original/27iaV68VjKWQabPhnklWD1kCqb1.jpg,page_116.json,ok,
70829,The Last Godfather,Comedy,images/70829_The_Last_Godfather_Comedy.jpg,https://image.tmdb.org/t/p/original/zLcKGxKn8qgrGaUZAWZY3Nvi5fr.jpg,page_117.json,ok,
18556,Steel Trap,Thriller,images/18556_Steel_Trap_Thriller.jpg,https://image.tmdb.org/t/p/original/fqbyYbURgpHyEr0ZXko5kZNDjhE.jpg,page_117.json,ok,
13335,Harold & Kumar Escape from Guantanamo Bay,Comedy,images/13335_Harold__Kumar_Escape_from_Guantanamo_Bay_Comedy.jpg,https://image.tmdb.org/t/p/original/gmXKlm8c8O7JEISYP4WiWq2x3We.jpg,page_117.json,ok,
361222,Stalking Eva,Thriller,images/361222_Stalking_Eva_Thriller.jpg,https://image.tmdb.org/t/p/original/b0n9iqHvSUbY1EnJte9eBXOR0UH.jpg,page_116.json,ok,
192690,Act Naturally,Comedy,images/192690_Act_Naturally_Comedy.jpg,https://image.tmdb.org/t/p/original/psJDtJOnuephGxMxE5qBYhuxfRB.jpg,page_117.json,ok,
406103,Diverge,Thriller,images/406103_Diverge_Thriller.jpg,https://image.tmdb.org/t/p/original/mMzRj9Z9hBdw4AKDzjTk6VXRzBN.jpg,page_117.json,ok,
55284,The Singles 2nd Ward,Comedy,images/55284_The_Singles_2nd_Ward_Comedy.jpg,https://image.tmdb.org/t/p/original/ujCtMl8ncRTBHCis4V92jhYyhUW.jpg,page_118.json,ok,
413279,Team Thor,Comedy,images/413279_Team_Thor_Comedy.jpg,https://image.tmdb.org/t/p/original/jVSmX89BvsQV2z3wh2IVYVNVw1a.jpg,page_117.json,ok,
818,Austin Powers in Goldmember,Comedy,images/818_Austin_Powers_in_Goldmember_Comedy.jpg,https://image.tmdb.org/t/p/original/n8V61f1v7idya4WJzGEJNoIp9iL.jpg,page_118.json,ok,
10184,He's Just Not That Into You,Comedy,images/10184_Hes_Just_Not_That_Into_You_Comedy.jpg,https://image.tmdb.org/t/p/original/jip2ap24Y6JxEgzVRyNqyYssnyR.jpg,page_118.json,ok,
728949,Nightbitch,Comedy,images/728949_Nightbitch_Comedy.jpg,https://image.tmdb.org/t/p/original/h49Pie8gM2jK0UHGFRjfPB3YTd.jpg,page_118.json,ok,
290696,Dysmorphia,Comedy,images/290696_Dysmorphia_Comedy.jpg,https://image.tmdb.org/t/p/original/eUvwLaOeMRdau1UNdGCB2Jngpyz.jpg,page_118.json,ok,
26041,Frozen,Thriller,images/26041_Frozen_Thriller.jpg,https://image.tmdb.org/t/p/original/a6RlPQUerliQLkAieku5B8Loamk.jpg,page_118.json,ok,
590223,Love and Monsters,Comedy,images/590223_Love_and_Monsters_Comedy.jpg,https://image.tmdb.org/t/p/original/718NnyxyQuBQcGWt9sdelA1Zc3h.jpg,page_118.json,ok,
49012,Arthur,Comedy,images/49012_Arthur_Comedy.jpg,https://image.tmdb.org/t/p/original/foUTAJurvnbUoIUbnuUk5dyHx7M.jpg,page_118.json,ok,
520134,Born Guilty,Comedy,images/520134_Born_Guilty_Comedy.jpg,https://image.tmdb.org/t/p/original/4OoZl2XplFJqZVTmMauyiVHd7HJ.jpg,page_118.json,ok,
499771,Dystopia,Thriller,images/499771_Dystopia_Thriller.jpg,https://image.tmdb.org/t/p/original/rGERDgMlIIsu05EGqUPmzGl4x7I.jpg,page_116.json,ok,
425134,How to Be a Latin Lover,Comedy,images/425134_How_to_Be_a_Latin_Lover_Comedy.jpg,https://image.tmdb.org/t/p/original/tjCDa24gNZGhpsFRhKnN9x83rTj.jpg,page_118.json,ok,
360606,Adventures in Babysitting,Comedy,images/360606_Adventures_in_Babysitting_Comedy.jpg,https://image.tmdb.org/t/p/original/t12bYhmv7LIcHT4TGGpW6WaMV2W.jpg,page_119.json,ok,
515001,Jojo Rabbit,Comedy,images/515001_Jojo_Rabbit_Comedy.jpg,https://image.tmdb.org/t/p/original/1mqL7VG4Ix8wmxwypmCA1HTHBky.jpg,page_119.json,ok,
421473,Above Suspicion,Thriller,images/421473_Above_Suspicion_Thriller.jpg,https://image.tmdb.org/t/p/original/kpZ2SfwLHjuf2HmgaFko32cPgbl.jpg,page_119.json,ok,
19803,Underclassman,Comedy,images/19803_Underclassman_Comedy.jpg,https://image.tmdb.org/t/p/original/kOpQ5doAbDaxKyGq91PugsCTOYO.jpg,page_119.json,ok,
796922,White Elephant,Comedy,images/796922_White_Elephant_Comedy.jpg,https://image.tmdb.org/t/p/original/9ukpqXXNi7lUJ4KpeNV8ROP9PjV.jpg,page_12.json,ok,
821390,The Retreat,Thriller,images/821390_The_Retreat_Thriller.jpg,https://image.tmdb.org/t/p/original/xDlc336bLsy9dgkvuGEm0bGz6Mb.jpg,page_119.json,ok,
463364,The Isle,Thriller,images/463364_The_Isle_Thriller.jpg,https://image.tmdb.org/t/p/original/r4XDWsBWMzpoNm5fUMjr9cyY5rI.jpg,page_119.json,ok,
71010,Purpose,Thriller,images/71010_Purpose_Thriller.jpg,https://image.tmdb.org/t/p/original/UIGD4ZCpyp9qzRCycsddKmXgAe.jpg,page_12.json,ok,
806773,Straitjacket,Thriller,images/806773_Straitjacket_Thriller.jpg,https://image.tmdb.org/t/p/original/a6N8kHG80yLyCYSyPm85a2BdBmV.jpg,page_12.json,ok,
978124,Mouthpiece,Comedy,images/978124_Mouthpiece_Comedy.jpg,https://image.tmdb.org/t/p/original/aPy1Z992lNw4E8oJABNIgHcjsRV.jpg,page_119.json,ok,
354544,Demetri Martin: Live (At The Time),Comedy,images/354544_Demetri_Martin_Live_At_The_Time_Comedy.jpg,https://image.tmdb.org/t/p/original/5I5icNRfvpMbbNboGaI8nUlSZw6.jpg,page_12.json,ok,
346698,Barbie,Comedy,images/346698_Barbie_Comedy.jpg,https://image.tmdb.org/t/p/original/iuFNMS8U5cb6xfzi51Dbkovj7vM.jpg,page_12.json,ok,
766507,Prey,Thriller,images/766507_Prey_Thriller.jpg,https://image.tmdb.org/t/p/original/2FKjLRt7oK1bRRIrxgWmthbBdFh.jpg,page_12.json,ok,
111407,Shadow of Fear,Thriller,images/111407_Shadow_of_Fear_Thriller.jpg,https://image.tmdb.org/t/p/original/dS6ZC5FsDHy1fTBpQ4UBv5gZYZc.jpg,page_12.json,ok,
135675,12 Dogs of Christmas: Great Puppy Rescue,Comedy,images/135675_12_Dogs_of_Christmas_Great_Puppy_Rescue_Comedy.jpg,https://image.tmdb.org/t/p/original/iEmQFlE4RXDCFrrqvlrJTasjoL6.jpg,page_12.json,ok,
60961,Held Up,Comedy,images/60961_Held_Up_Comedy.jpg,https://image.tmdb.org/t/p/original/sE9XWNeWB766n3UnmXJNF1Oe52e.jpg,page_12.json,ok,
297680,Hangar 10,Thriller,images/297680_Hangar_10_Thriller.jpg,https://image.tmdb.org/t/p/original/9ios4yceUMuYtiUIetd3Fhbpk4X.jpg,page_12.json,ok,
1180763,From the Shadows,Thriller,images/1180763_From_the_Shadows_Thriller.jpg,https://image.tmdb.org/t/p/original/22aFuf6UnDaGP9G5CLfF92Cj1nf.jpg,page_12.json,ok,
803404,The Runner,Thriller,images/803404_The_Runner_Thriller.jpg,https://image.tmdb.org/t/p/original/bQWHN1vHGhLJSKeHoPUXRqxbCOr.jpg,page_120.json,ok,
64320,Good Neighbours,Thriller,images/64320_Good_Neighbours_Thriller.jpg,https://image.tmdb.org/t/p/original/1i2YBTnZyC71TuJXq4RQWPGSbvv.jpg,page_120.json,ok,
24811,Delivering Milo,Comedy,images/24811_Delivering_Milo_Comedy.jpg,https://image.tmdb.org/t/p/original/t0XvS2GVf522bcOV5kFG2JC2DVL.jpg,page_120.json,ok,
763285,Ambulance,Thriller,images/763285_Ambulance_Thriller.jpg,https://image.tmdb.org/t/p/original/hUbgg3mMSbY9PlpTxBo4IFUVSd6.jpg,page_120.json,ok,
82687,The Guilt Trip,Comedy,images/82687_The_Guilt_Trip_Comedy.jpg,https://image.tmdb.org/t/p/original/55JqWqocsMNx5uanELDRDFqu40J.jpg,page_120.json,ok,
931124,Hotel Limbo,Comedy,images/931124_Hotel_Limbo_Comedy.jpg,https://image.tmdb.org/t/p/original/2dJwbw0MK6sEKNPsZMGMRqmRi49.jpg,page_120.json,ok,
471493,Ryde,Thriller,images/471493_Ryde_Thriller.jpg,https://image.tmdb.org/t/p/original/9beQCY3w1GiqCSeAQeU4GBb7oZW.jpg,page_120.json,ok,
32856,Valentine's Day,Comedy,images/32856_Valentines_Day_Comedy.jpg,https://image.tmdb.org/t/p/original/qOTcfD2DdnOTmhH0r1TOE09VvNh.jpg,page_120.json,ok,
12096,The Pink Panther,Comedy,images/12096_The_Pink_Panther_Comedy.jpg,https://image.tmdb.org/t/p/original/57ViRkdsddHLK32W8Nf3ZPLSAu4.jpg,page_121.json,ok,
58668,Patient X,Thriller,images/58668_Patient_X_Thriller.jpg,https://image.tmdb.org/t/p/original/xHqAfAswjjeODNVDenh7se9G4Q0.jpg,page_121.json,ok,
1312029,Twisted Justice,Thriller,images/1312029_Twisted_Justice_Thriller.jpg,https://image.tmdb.org/t/p/original/kBIYcQpLAyuV8lJiKeNCJQjsYvJ.jpg,page_120.json,ok,
1240447,Haunted,Comedy,images/1240447_Haunted_Comedy.jpg,https://image.tmdb.org/t/p/original/l42izP89XGpyiOHAOy0Ono1Sq66.jpg,page_121.json,ok,
141679,Spike Island,Comedy,images/141679_Spike_Island_Comedy.jpg,https://image.tmdb.org/t/p/original/jKlnZHSfQW09Q1SICvpDwPL762o.jpg,page_121.json,ok,
308266,War Dogs,Comedy,images/308266_War_Dogs_Comedy.jpg,https://image.tmdb.org/t/p/original/mDcPRjZC1bb6LavFU3gwsWdVfCM.jpg,page_121.json,ok,
307663,Vice,Thriller,images/307663_Vice_Thriller.jpg,https://image.tmdb.org/t/p/original/cBwZIq1QFasmsC9Wi3HvyEljfYN.jpg,page_121.json,ok,
125467,Creative Nonfiction,Comedy,images/125467_Creative_Nonfiction_Comedy.jpg,https://image.tmdb.org/t/p/original/uydy8s06lCGsoO0gePlHThBy3Zm.jpg,page_122.json,ok,
734265,Love Hard,Comedy,images/734265_Love_Hard_Comedy.jpg,https://image.tmdb.org/t/p/original/oTkAFDZRLnqrXOrOwuy3Tvul0v5.jpg,page_122.json,ok,
49520,The Change-Up,Comedy,images/49520_The_Change-Up_Comedy.jpg,https://image.tmdb.org/t/p/original/iV6ARQZyGpjygtzFMdWH9U1Lj9x.jpg,page_122.json,ok,
239563,St. Vincent,Comedy,images/239563_St._Vincent_Comedy.jpg,https://image.tmdb.org/t/p/original/1bb7MTHCIPhpKZFysDpxNaNrdMk.jpg,page_122.json,ok,
13525,Suburban Girl,Comedy,images/13525_Suburban_Girl_Comedy.jpg,https://image.tmdb.org/t/p/original/feyDNSfMFOh4siaYJzs0EBrebsL.jpg,page_123.json,ok,
426253,The Lovers,Comedy,images/426253_The_Lovers_Comedy.jpg,https://image.tmdb.org/t/p/original/tRWza39fHyef12FvScIBduaHMi6.jpg,page_123.json,ok,
912908,Strays,Comedy,images/912908_Strays_Comedy.jpg,https://image.tmdb.org/t/p/original/n1hqbSCtyBAxaXEl1Dj3ipXJAJG.jpg,page_122.json,ok,
386891,Kicking Off,Comedy,images/386891_Kicking_Off_Comedy.jpg,https://image.tmdb.org/t/p/original/pHzVWzyyBHNil44ge1aMYqGlcSx.jpg,page_123.json,ok,
334584,Blackout,Thriller,images/334584_Blackout_Thriller.jpg,https://image.tmdb.org/t/p/original/jAcCWfs10mUoQfeGnKLtDrlYz41.jpg,page_123.json,ok,
42391,Dead Babies,Thriller,images/42391_Dead_Babies_Thriller.jpg,https://image.tmdb.org/t/p/original/kmXGeB6BwgBcvSCha2aXMLEHvUi.jpg,page_124.json,ok,
57157,Young Adult,Comedy,images/57157_Young_Adult_Comedy.jpg,https://image.tmdb.org/t/p/original/4tGMz5xUs9sk8X9B28G6UalHK1d.jpg,page_124.json,ok,
719538,Tea Time,Comedy,images/719538_Tea_Time_Comedy.jpg,https://image.tmdb.org/t/p/original/3TXZtB4giXbQFG4nAoHSJDfijuo.jpg,page_123.json,ok,
92416,Deviation,Thriller,images/92416_Deviation_Thriller.jpg,https://image.tmdb.org/t/p/original/piGTxfUy1S1yrS5ZjwXfo0Uolrl.jpg,page_124.json,ok,
646593,Wander,Thriller,images/646593_Wander_Thriller.jpg,https://image.tmdb.org/t/p/original/2AwPvNHphpZBJDqjZKVuMAbvS0v.jpg,page_124.json,ok,
744594,White Noise,Comedy,images/744594_White_Noise_Comedy.jpg,https://image.tmdb.org/t/p/original/kesxNdLZlmGoTRspDHU1WgdEuGw.jpg,page_123.json,ok,
1012268,The Ruler,Thriller,images/1012268_The_Ruler_Thriller.jpg,https://image.tmdb.org/t/p/original/lFJxwIUKJ6FyGQyEb4w7ilXQrqs.jpg,page_123.json,ok,
458353,High Heel Homicide,Thriller,images/458353_High_Heel_Homicide_Thriller.jpg,https://image.tmdb.org/t/p/original/u8qHMiRkWPhDeL4W85OKA5cahPI.jpg,page_124.json,ok,
84178,Black Rock,Thriller,images/84178_Black_Rock_Thriller.jpg,https://image.tmdb.org/t/p/original/dkUDpTgP634Mt7fl2rR5N7P9HRS.jpg,page_124.json,ok,
1479481,Terrestrial,Thriller,images/1479481_Terrestrial_Thriller.jpg,https://image.tmdb.org/t/p/original/gDxYsLpocaA2lmGqq6md6zvGvLQ.jpg,page_124.json,ok,
278632,Julia,Thriller,images/278632_Julia_Thriller.jpg,https://image.tmdb.org/t/p/original/56W0KP6xEpvAjVf3Ofc0yyhfuNk.jpg,page_124.json,ok,
822965,Slay,Comedy,images/822965_Slay_Comedy.jpg,https://image.tmdb.org/t/p/original/ujn44hVWHfag7AfQSdJ22dY9O2K.jpg,page_124.json,ok,
535581,The Dead Don't Die,Comedy,images/535581_The_Dead_Dont_Die_Comedy.jpg,https://image.tmdb.org/t/p/original/ndvOjo7Nfk8ULnFLMXthPzhI62L.jpg,page_124.json,ok,
157386,The Spectacular Now,Comedy,images/157386_The_Spectacular_Now_Comedy.jpg,https://image.tmdb.org/t/p/original/tYDbDuZ3K4Xwp3cwtmZM6k53bwq.jpg,page_125.json,ok,
22599,Star,Comedy,images/22599_Star_Comedy.jpg,https://image.tmdb.org/t/p/original/zslEgrYEg6EDzOYrr8EfDoQK8j1.jpg,page_125.json,ok,
889637,Christmas in the Pines,Comedy,images/889637_Christmas_in_the_Pines_Comedy.jpg,https://image.tmdb.org/t/p/original/zrY2rneJjRjjFzOm531s6f1sy6G.jpg,page_125.json,ok,
747188,Asteroid City,Comedy,images/747188_Asteroid_City_Comedy.jpg,https://image.tmdb.org/t/p/original/rAkz95CREc3A1qTnwlSQ0jh8Zw8.jpg,page_125.json,ok,
298583,All Roads Lead to Rome,Comedy,images/298583_All_Roads_Lead_to_Rome_Comedy.jpg,https://image.tmdb.org/t/p/original/usBaQ6oqSBcooG36ClRuhC3W7dq.jpg,page_125.json,ok,
13523,Sex Drive,Comedy,images/13523_Sex_Drive_Comedy.jpg,https://image.tmdb.org/t/p/original/aO4swvDjqW635lesjYbytrEhBsn.jpg,page_125.json,ok,
44250,Cruel World,Comedy,images/44250_Cruel_World_Comedy.jpg,https://image.tmdb.org/t/p/original/nwJnkCghNpjnJ6GkSDg5YYooGV4.jpg,page_125.json,ok,
266294,Sisters,Comedy,images/266294_Sisters_Comedy.jpg,https://image.tmdb.org/t/p/original/hpvHqAiusQtGNDx48dA3z5ejjon.jpg,page_125.json,ok,
107872,Fugue,Thriller,images/107872_Fugue_Thriller.jpg,https://image.tmdb.org/t/p/original/9vne1hD8MTMzjbRUANcYlTJhvyA.jpg,page_125.json,ok,
1128655,The Surfer,Thriller,images/1128655_The_Surfer_Thriller.jpg,https://image.tmdb.org/t/p/original/gm9Ou0dkxhb1vcrkB6uRhoifcHC.jpg,page_125.json,ok,
280002,The Remaining,Thriller,images/280002_The_Remaining_Thriller.jpg,https://image.tmdb.org/t/p/original/fFeTfXI67Oj80s65jtbq4uQ4InP.jpg,page_126.json,ok,
20048,Confessions of a Shopaholic,Comedy,images/20048_Confessions_of_a_Shopaholic_Comedy.jpg,https://image.tmdb.org/t/p/original/r17R9OIC0pKDqqsNore6atYLCVZ.jpg,page_126.json,ok,
75638,Red Lights,Thriller,images/75638_Red_Lights_Thriller.jpg,https://image.tmdb.org/t/p/original/sukxYMaUTNizM7bcEJ4YeH80e8h.jpg,page_126.json,ok,
810171,The Valet,Comedy,images/810171_The_Valet_Comedy.jpg,https://image.tmdb.org/t/p/original/q7FmdJHKMLIC4XgWfcFRIu2iVdL.jpg,page_126.json,ok,
48123,Contaminated Man,Thriller,images/48123_Contaminated_Man_Thriller.jpg,https://image.tmdb.org/t/p/original/c48V2n84yY9bDW4IgUIZjqp9o72.jpg,page_125.json,ok,
416144,Hotel Mumbai,Thriller,images/416144_Hotel_Mumbai_Thriller.jpg,https://image.tmdb.org/t/p/original/v32SC4HFZtlDRWXMaR2V2dWqAXJ.jpg,page_126.json,ok,
724665,"Confess, Fletch",Comedy,images/724665_Confess_Fletch_Comedy.jpg,https://image.tmdb.org/t/p/original/h2oyiPu7aql1s1mLDoKBNAH7p3B.jpg,page_126.json,ok,
1049638,Rye Lane,Comedy,images/1049638_Rye_Lane_Comedy.jpg,https://image.tmdb.org/t/p/original/int5eEKNc8g0V5i3XYaPeaC6paD.jpg,page_126.json,ok,
14606,The Baker,Comedy,images/14606_The_Baker_Comedy.jpg,https://image.tmdb.org/t/p/original/mSCfWh9joaock0Tl3sbDxDmdfJQ.jpg,page_126.json,ok,
774752,The Guardians of the Galaxy Holiday Special,Comedy,images/774752_The_Guardians_of_the_Galaxy_Holiday_Special_Comedy.jpg,https://image.tmdb.org/t/p/original/8dqXyslZ2hv49Oiob9UjlGSHSTR.jpg,page_126.json,ok,
1075519,The Locksmith,Thriller,images/1075519_The_Locksmith_Thriller.jpg,https://image.tmdb.org/t/p/original/kNQ9Z3TQ5vU5fvwuHqZvLooFcCI.jpg,page_127.json,ok,
325813,Splitting Adam,Comedy,images/325813_Splitting_Adam_Comedy.jpg,https://image.tmdb.org/t/p/original/mmqV1kSZ0ycLYJ1lGwEsC4sO8pI.jpg,page_127.json,ok,
278925,Broken Vows,Thriller,images/278925_Broken_Vows_Thriller.jpg,https://image.tmdb.org/t/p/original/rqxCm1xyd5f2wKeUOCjXy3Brhsc.jpg,page_127.json,ok,
64720,Take Shelter,Thriller,images/64720_Take_Shelter_Thriller.jpg,https://image.tmdb.org/t/p/original/dldIX0q5jewe8rSyCh8d5I1RYx3.jpg,page_126.json,ok,
919330,Yearly Departed,Comedy,images/919330_Yearly_Departed_Comedy.jpg,https://image.tmdb.org/t/p/original/ksZVaS3agPBkQ1r8ySc4SZ3IeXi.jpg,page_127.json,ok,
728604,Intersection,Thriller,images/728604_Intersection_Thriller.jpg,https://image.tmdb.org/t/p/original/glG4tOogvAMmVJXe165pJyX8Rx5.jpg,page_127.json,ok,
40681,Jailbait!,Comedy,images/40681_Jailbait_Comedy.jpg,https://image.tmdb.org/t/p/original/v5RP4E294HknBcevRCQk3S4RIlr.jpg,page_127.json,ok,
63727,Exorcismus,Thriller,images/63727_Exorcismus_Thriller.jpg,https://image.tmdb.org/t/p/original/9mNSRW05Y80iS9HdwvP5SIq4oL5.jpg,page_127.json,ok,
193893,Let's Be Cops,Comedy,images/193893_Lets_Be_Cops_Comedy.jpg,https://image.tmdb.org/t/p/original/pf4FoUr2phn5WyZjU7rLXSiW1Ve.jpg,page_127.json,ok,
13260,Semi-Pro,Comedy,images/13260_Semi-Pro_Comedy.jpg,https://image.tmdb.org/t/p/original/7KJrvJf96UpkXsWVOjzCo1IbnW6.jpg,page_127.json,ok,
597856,Critters Attack!,Comedy,images/597856_Critters_Attack_Comedy.jpg,https://image.tmdb.org/t/p/original/iQJQNElDQqQ3iXf46pyMmhReoyp.jpg,page_127.json,ok,
1114738,Boneyard,Thriller,images/1114738_Boneyard_Thriller.jpg,https://image.tmdb.org/t/p/original/At4aWmOnKwH9k1ciB5ZNe0dP1jH.jpg,page_128.json,ok,
467632,Bad Samaritan,Thriller,images/467632_Bad_Samaritan_Thriller.jpg,https://image.tmdb.org/t/p/original/ojCu9SLxAPwhhC2tXtHNdrTmxCH.jpg,page_128.json,ok,
89749,Mr. & Mrs. Gambler,Comedy,images/89749_Mr.__Mrs._Gambler_Comedy.jpg,https://image.tmdb.org/t/p/original/3a2IMjIW7dXuRGZNxk0ojm3xG5m.jpg,page_128.json,ok,
245698,Pawn Sacrifice,Thriller,images/245698_Pawn_Sacrifice_Thriller.jpg,https://image.tmdb.org/t/p/original/5vcLstd2hYn0XhyuEKaPbBZAqSh.jpg,page_128.json,ok,
846956,Rogue Agent,Thriller,images/846956_Rogue_Agent_Thriller.jpg,https://image.tmdb.org/t/p/original/4tOaGR6mzUAEQzIgWCeVoneRIkp.jpg,page_128.json,ok,
380565,Home Invasion,Thriller,images/380565_Home_Invasion_Thriller.jpg,https://image.tmdb.org/t/p/original/9Wbt3orDldytLe3JMOl2lzukxnw.jpg,page_128.json,ok,
332653,Delirium,Thriller,images/332653_Delirium_Thriller.jpg,https://image.tmdb.org/t/p/original/dgInPTf1JSxDGTQvvWERzmcJdC5.jpg,page_127.json,ok,
12590,Below,Thriller,images/12590_Below_Thriller.jpg,https://image.tmdb.org/t/p/original/4tsaLD98DcXh4ltOn9wEWhsUkSc.jpg,page_128.json,ok,
9932,Analyze That,Comedy,images/9932_Analyze_That_Comedy.jpg,https://image.tmdb.org/t/p/original/q3R6Hno3WFfIkHQg7CeVAEOcHQQ.jpg,page_128.json,ok,
74959,Bark!,Comedy,images/74959_Bark_Comedy.jpg,https://image.tmdb.org/t/p/original/q2banzU948GfWDeNrcY1K3Tjg3I.jpg,page_128.json,ok,
369524,The Comedian,Comedy,images/369524_The_Comedian_Comedy.jpg,https://image.tmdb.org/t/p/original/jR7PZd7K0dFT6oL9qhbSsiJXDsR.jpg,page_129.json,ok,
31318,The Beckoning,Thriller,images/31318_The_Beckoning_Thriller.jpg,https://image.tmdb.org/t/p/original/tW6xxfGvLOi8fjqWLinUPAev42b.jpg,page_129.json,ok,
6439,Racing Stripes,Comedy,images/6439_Racing_Stripes_Comedy.jpg,https://image.tmdb.org/t/p/original/epDsuf5oUdzTFYHqV2IRcyy8Rwc.jpg,page_128.json,ok,
1330122,Mutiny!,Comedy,images/1330122_Mutiny_Comedy.jpg,https://image.tmdb.org/t/p/original/8yae58xjpsDudIAfqGHfICStCki.jpg,page_128.json,ok,
583083,The Kissing Booth 2,Comedy,images/583083_The_Kissing_Booth_2_Comedy.jpg,https://image.tmdb.org/t/p/original/mb7wQv0adK3kjOUr9n93mANHhPJ.jpg,page_129.json,ok,
1209222,Plain Sight,Thriller,images/1209222_Plain_Sight_Thriller.jpg,https://image.tmdb.org/t/p/original/30X6UxIf3px1NThS4LnyVgeyq0K.jpg,page_129.json,ok,
686872,In Vino,Comedy,images/686872_In_Vino_Comedy.jpg,https://image.tmdb.org/t/p/original/ld8lrK4met4hhGKRUATTAppBsXF.jpg,page_129.json,ok,
15105,Still Waiting...,Comedy,images/15105_Still_Waiting..._Comedy.jpg,https://image.tmdb.org/t/p/original/plzhxWNw2JleCNCuPsx773DCXy5.jpg,page_129.json,ok,
1073087,Scrambled,Comedy,images/1073087_Scrambled_Comedy.jpg,https://image.tmdb.org/t/p/original/yzwERLkcxNh9uve42IAUBHckU0s.jpg,page_129.json,ok,
57297,Searchers 2.0,Comedy,images/57297_Searchers_2.0_Comedy.jpg,https://image.tmdb.org/t/p/original/x8MmKskt2pf7IvfMut3ySyVHbcs.jpg,page_13.json,ok,
934201,The Prank,Comedy,images/934201_The_Prank_Comedy.jpg,https://image.tmdb.org/t/p/original/kLDglJRVvImOzZ3VdtxrcOnqEF9.jpg,page_13.json,ok,
1125257,Freakier Friday,Comedy,images/1125257_Freakier_Friday_Comedy.jpg,https://image.tmdb.org/t/p/original/9wV65OmsjLAqBfDnYTkMPutXH8j.jpg,page_13.json,ok,
616747,Haunted Mansion,Comedy,images/616747_Haunted_Mansion_Comedy.jpg,https://image.tmdb.org/t/p/original/8Im6DknDVxRiGXc5t8rVOJyzuNx.jpg,page_13.json,ok,
19423,Going the Distance,Comedy,images/19423_Going_the_Distance_Comedy.jpg,https://image.tmdb.org/t/p/original/shmF571Ph6U5E03ahuuzOPi6rl9.jpg,page_130.json,ok,
1244953,Trust,Thriller,images/1244953_Trust_Thriller.jpg,https://image.tmdb.org/t/p/original/n9GS1mUAVMiC3gBn9rb8jrDoK4D.jpg,page_13.json,ok,
1151334,Eenie Meanie,Thriller,images/1151334_Eenie_Meanie_Thriller.jpg,https://image.tmdb.org/t/p/original/12Va3oO3oYUdOd75zM57Nx1976a.jpg,page_13.json,ok,
474819,Countrycide,Thriller,images/474819_Countrycide_Thriller.jpg,https://image.tmdb.org/t/p/original/fJddfXIlhaEdGHr0bNWxHZbCsHb.jpg,page_130.json,ok,
1273492,Roommate Regret,Thriller,images/1273492_Roommate_Regret_Thriller.jpg,https://image.tmdb.org/t/p/original/kG2JC9i9suypflSHzg70xasbXLS.jpg,page_130.json,ok,
291870,Dirty Grandpa,Comedy,images/291870_Dirty_Grandpa_Comedy.jpg,https://image.tmdb.org/t/p/original/k0Lz1TfSlbcQthQKYGwE7blDfwN.jpg,page_130.json,ok,
312332,Sinful Deeds,Thriller,images/312332_Sinful_Deeds_Thriller.jpg,https://image.tmdb.org/t/p/original/8fKCeC1xhqLV47Plk2EwsNlkNU5.jpg,page_131.json,ok,
843884,Rainfalls,Thriller,images/843884_Rainfalls_Thriller.jpg,https://image.tmdb.org/t/p/original/oWIDupBYJ0qVyMTTXWZeV8CpIoy.jpg,page_131.json,ok,
653598,Spree,Comedy,images/653598_Spree_Comedy.jpg,https://image.tmdb.org/t/p/original/tbYvzpy4QFhUHRBHe4VeUKJst96.jpg,page_131.json,ok,
710717,Good Boy,Comedy,images/710717_Good_Boy_Comedy.jpg,https://image.tmdb.org/t/p/original/6rDcczFVBVb1q6Mck7HaoWo2J5n.jpg,page_130.json,ok,
862283,Marmalade,Comedy,images/862283_Marmalade_Comedy.jpg,https://image.tmdb.org/t/p/original/s24hQoong2Mo98CqPLnwfgblfAV.jpg,page_131.json,ok,
314353,Yearbook,Comedy,images/314353_Yearbook_Comedy.jpg,https://image.tmdb.org/t/p/original/f525iOjNrGnOzmccZ7mtC5Z88JE.jpg,page_131.json,ok,
432866,Spooked,Comedy,images/432866_Spooked_Comedy.jpg,https://image.tmdb.org/t/p/original/k7ORMkEXD4Dt5a69cFWZqvJ52Db.jpg,page_131.json,ok,
13243,Meet Bill,Comedy,images/13243_Meet_Bill_Comedy.jpg,https://image.tmdb.org/t/p/original/u5EqwPmzc40qIyUUSMvoaWVsSMc.jpg,page_131.json,ok,
15378,The Grand,Comedy,images/15378_The_Grand_Comedy.jpg,https://image.tmdb.org/t/p/original/3H4QTgFxt1lJps8U2tKfSTbsMl7.jpg,page_132.json,ok,
395458,Suburbicon,Thriller,images/395458_Suburbicon_Thriller.jpg,https://image.tmdb.org/t/p/original/yqYwf0kPK2SaCWM80msl4nYK6U7.jpg,page_132.json,ok,
581279,Cups & Robbers,Comedy,images/581279_Cups__Robbers_Comedy.jpg,https://image.tmdb.org/t/p/original/dGxvnuQ8YExD2hC4yQF9bKCq3dO.jpg,page_132.json,ok,
653349,Vacation Friends,Comedy,images/653349_Vacation_Friends_Comedy.jpg,https://image.tmdb.org/t/p/original/cCyJeTAct07ORPJPHyzxCrVtZzh.jpg,page_132.json,ok,
883987,Megan,Thriller,images/883987_Megan_Thriller.jpg,https://image.tmdb.org/t/p/original/xFsqpz9wn7yREHWGQvviiJE9RVO.jpg,page_132.json,ok,
254470,Pitch Perfect 2,Comedy,images/254470_Pitch_Perfect_2_Comedy.jpg,https://image.tmdb.org/t/p/original/oFBQUufCV4c8WZoNhtGM17p884H.jpg,page_132.json,ok,
615177,Coffee & Kareem,Comedy,images/615177_Coffee__Kareem_Comedy.jpg,https://image.tmdb.org/t/p/original/fsIIv6QKDlqrVyGGkouMah4D4ir.jpg,page_132.json,ok,
9778,Serendipity,Comedy,images/9778_Serendipity_Comedy.jpg,https://image.tmdb.org/t/p/original/4jS66Qmq2Ru5S2YzHVknGd4xJyT.jpg,page_133.json,ok,
455207,Crazy Rich Asians,Comedy,images/455207_Crazy_Rich_Asians_Comedy.jpg,https://image.tmdb.org/t/p/original/1XxL4LJ5WHdrcYcihEZUCgNCpAW.jpg,page_132.json,ok,
338913,Bill,Comedy,images/338913_Bill_Comedy.jpg,https://image.tmdb.org/t/p/original/xasl8mg8odWgceBfHimz39smNjb.jpg,page_132.json,ok,
1072371,Jules,Comedy,images/1072371_Jules_Comedy.jpg,https://image.tmdb.org/t/p/original/yMOWu8rpZPiBI0j8MInBTtNO0vU.jpg,page_133.json,ok,
40807,50/50,Comedy,images/40807_5050_Comedy.jpg,https://image.tmdb.org/t/p/original/8f9tM9JVB4ETBhxlQcXIjLckArl.jpg,page_133.json,ok,
214030,Fading Gigolo,Comedy,images/214030_Fading_Gigolo_Comedy.jpg,https://image.tmdb.org/t/p/original/bThnmRhh0d3oKcmte2w0aArm8Lq.jpg,page_133.json,ok,
1455383,The Rug,Comedy,images/1455383_The_Rug_Comedy.jpg,https://image.tmdb.org/t/p/original/qH7fQ8frkFNXGnwow9I7nLMIJHW.jpg,page_133.json,ok,
26123,American Pie Presents: The Book of Love,Comedy,images/26123_American_Pie_Presents_The_Book_of_Love_Comedy.jpg,https://image.tmdb.org/t/p/original/hwP0GEP0zy8ar965Xaht19SmMd3.jpg,page_133.json,ok,
787781,Quiz Lady,Comedy,images/787781_Quiz_Lady_Comedy.jpg,https://image.tmdb.org/t/p/original/tqKiprkTUfXWi8bOjCl0lHtCwod.jpg,page_133.json,ok,
12779,Swept Away,Comedy,images/12779_Swept_Away_Comedy.jpg,https://image.tmdb.org/t/p/original/rAa3nTeDpwgLX6XxnT3wR86C5WE.jpg,page_133.json,ok,
781376,We Are,Comedy,images/781376_We_Are_Comedy.jpg,https://image.tmdb.org/t/p/original/AlEgrJTDClDnFvFIuxePvsPrYkx.jpg,page_133.json,ok,
664341,Eileen,Thriller,images/664341_Eileen_Thriller.jpg,https://image.tmdb.org/t/p/original/x6kedRqcj8jH0cik9p1jzkDwZvM.jpg,page_133.json,ok,
931628,A Sacrifice,Thriller,images/931628_A_Sacrifice_Thriller.jpg,https://image.tmdb.org/t/p/original/ihXINKQfzdaVKvZwZqmchy20uVD.jpg,page_134.json,ok,
58469,Now Eat,Comedy,images/58469_Now_Eat_Comedy.jpg,https://image.tmdb.org/t/p/original/jTnNVymWcN4JfyHTwkUC8fNfv5D.jpg,page_132.json,ok,
360339,Eden,Thriller,images/360339_Eden_Thriller.jpg,https://image.tmdb.org/t/p/original/nVtCuhdg1mYjMMFdUKqijgrAWAS.jpg,page_134.json,ok,
132110,10 Terrorists,Comedy,images/132110_10_Terrorists_Comedy.jpg,https://image.tmdb.org/t/p/original/5Ejysgn2oitDUnLl0cYvAMLo3MU.jpg,page_134.json,ok,
691812,Blood and Money,Thriller,images/691812_Blood_and_Money_Thriller.jpg,https://image.tmdb.org/t/p/original/m7WhE0z9G8lWmo3sF1mopOgfWNc.jpg,page_134.json,ok,
487297,What Men Want,Comedy,images/487297_What_Men_Want_Comedy.jpg,https://image.tmdb.org/t/p/original/30IiwvIRqPGjUV0bxJkZfnSiCL.jpg,page_134.json,ok,
1495036,Pasa Faho,Comedy,images/1495036_Pasa_Faho_Comedy.jpg,https://image.tmdb.org/t/p/original/fS87Po8Y7HKpQBZR5tLPD17vYeH.jpg,page_134.json,ok,
19794,Labor Pains,Comedy,images/19794_Labor_Pains_Comedy.jpg,https://image.tmdb.org/t/p/original/mIjFpM6pPaGAXSaf2rhvxdj9uhV.jpg,page_135.json,ok,
1123278,Lazareth,Thriller,images/1123278_Lazareth_Thriller.jpg,https://image.tmdb.org/t/p/original/36o8ancoKDKW1sstzMi0YYkQkpU.jpg,page_134.json,ok,
71147,The Triangle,Thriller,images/71147_The_Triangle_Thriller.jpg,https://image.tmdb.org/t/p/original/sQ9tlzw13zAoUfyDrwXMSKvhEZg.jpg,page_135.json,ok,
82743,Inbred,Comedy,images/82743_Inbred_Comedy.jpg,https://image.tmdb.org/t/p/original/jXWU9dWJwJXsFreloh6GcQNokli.jpg,page_135.json,ok,
7295,8MM 2,Thriller,images/7295_8MM_2_Thriller.jpg,https://image.tmdb.org/t/p/original/bSikt4O0ZrR8xVrsP8wliGybZwU.jpg,page_135.json,ok,
62127,The Fantasticks,Comedy,images/62127_The_Fantasticks_Comedy.jpg,https://image.tmdb.org/t/p/original/2mYcAYWvRSZCPr3Q4gy8ydRVWaA.jpg,page_135.json,ok,
12569,Extract,Comedy,images/12569_Extract_Comedy.jpg,https://image.tmdb.org/t/p/original/cjen0vxjybwItQPH3NNCJuME2MY.jpg,page_135.json,ok,
68666,Black Friday,Thriller,images/68666_Black_Friday_Thriller.jpg,https://image.tmdb.org/t/p/original/5mj9bhKqtaIEuajpd93daYs3ebW.jpg,page_135.json,ok,
336725,Odd Brodsky,Comedy,images/336725_Odd_Brodsky_Comedy.jpg,https://image.tmdb.org/t/p/original/peoipez32YkFmNgdmFSwammq8ds.jpg,page_136.json,ok,
368182,Compulsion,Thriller,images/368182_Compulsion_Thriller.jpg,https://image.tmdb.org/t/p/original/pZ7pceZrcJjAzlbYz71Z7GwJ7Id.jpg,page_135.json,ok,
1433719,High Ground,Thriller,images/1433719_High_Ground_Thriller.jpg,https://image.tmdb.org/t/p/original/cqF7xuZWbBYXWHsp1I1H5PwujPs.jpg,page_136.json,ok,
964822,The Drop,Comedy,images/964822_The_Drop_Comedy.jpg,https://image.tmdb.org/t/p/original/v7BN5rO3h3eQtEFVmcFoS7pduO4.jpg,page_135.json,ok,
11453,Deuce Bigalow: European Gigolo,Comedy,images/11453_Deuce_Bigalow_European_Gigolo_Comedy.jpg,https://image.tmdb.org/t/p/original/yXdQ4UGDFCsPrynJOdIk20AYLus.jpg,page_136.json,ok,
473027,False Flag,Thriller,images/473027_False_Flag_Thriller.jpg,https://image.tmdb.org/t/p/original/htS7TUxPJXZWtYjCEXpD7hGaEyd.jpg,page_135.json,ok,
911684,Ficciones,Comedy,images/911684_Ficciones_Comedy.jpg,https://image.tmdb.org/t/p/original/8JrRK3d7XStjo6DHP506VsP0kPD.jpg,page_135.json,ok,
1177871,The Hive,Thriller,images/1177871_The_Hive_Thriller.jpg,https://image.tmdb.org/t/p/original/2BV7Wmq05WGREFwgfyhPz6gROgv.jpg,page_136.json,ok,
284289,Beyond the Reach,Thriller,images/284289_Beyond_the_Reach_Thriller.jpg,https://image.tmdb.org/t/p/original/t6m6ICEG7KrnyYQpROISURkuCD5.jpg,page_136.json,ok,
80035,The Watch,Comedy,images/80035_The_Watch_Comedy.jpg,https://image.tmdb.org/t/p/original/gwfgYA9wGpV4QLB0LrcexwfwC19.jpg,page_137.json,ok,
1420964,Salade de Fruits,Comedy,images/1420964_Salade_de_Fruits_Comedy.jpg,https://image.tmdb.org/t/p/original/iSTmMiIO34onA97tZ5mp8ncdL9R.jpg,page_136.json,ok,
419680,Daddy's Home 2,Comedy,images/419680_Daddys_Home_2_Comedy.jpg,https://image.tmdb.org/t/p/original/rF2IoKL0IFmumEXQFUuB8LajTYP.jpg,page_136.json,ok,
323262,Holidays,Comedy,images/323262_Holidays_Comedy.jpg,https://image.tmdb.org/t/p/original/5FXtPtetZaB0giJEqC6mOLBr15A.jpg,page_137.json,ok,
8669,Charlie Bartlett,Comedy,images/8669_Charlie_Bartlett_Comedy.jpg,https://image.tmdb.org/t/p/original/l0jr9jSIW2TYFuunPtDQ1exyjtI.jpg,page_137.json,ok,
76489,The Three Stooges,Comedy,images/76489_The_Three_Stooges_Comedy.jpg,https://image.tmdb.org/t/p/original/b0nNQCL90RGTwjxLEFsFFLQZKNe.jpg,page_137.json,ok,
326807,Angels with Tethered Wings,Thriller,images/326807_Angels_with_Tethered_Wings_Thriller.jpg,https://image.tmdb.org/t/p/original/eSXgjFDCTVnR1GOtDiXpbzi3sR2.jpg,page_137.json,ok,
306650,Kajaki,Thriller,images/306650_Kajaki_Thriller.jpg,https://image.tmdb.org/t/p/original/csL2D3ZbcxSoqoWyhYz4lDjdmk2.jpg,page_137.json,ok,
790646,The Toll,Comedy,images/790646_The_Toll_Comedy.jpg,https://image.tmdb.org/t/p/original/2BTbYZ1zdNrpFRvLFEkRUP5vCJd.jpg,page_137.json,ok,
15566,Surviving Christmas,Comedy,images/15566_Surviving_Christmas_Comedy.jpg,https://image.tmdb.org/t/p/original/8jHtvFpCOOqp2U2qwI3L3h10cUv.jpg,page_137.json,ok,
496,Borat: Cultural Learnings of America for Make Benefit Glorious Nation of Kazakhstan,Comedy,images/496_Borat_Cultural_Learnings_of_America_for_Make_Benefit_Glorious_Nation_of_Kazakhstan_Comedy.jpg,https://image.tmdb.org/t/p/original/kfkyALfD4G1mlBJI1lOt2QCra4i.jpg,page_138.json,ok,
2976,Hairspray,Comedy,images/2976_Hairspray_Comedy.jpg,https://image.tmdb.org/t/p/original/fgMka3HtFvI5OgW1eYdR9XpySxH.jpg,page_137.json,ok,
324538,Damascus Cover,Thriller,images/324538_Damascus_Cover_Thriller.jpg,https://image.tmdb.org/t/p/original/fstGX2lMtdPvDbrfg58MqB7kNzP.jpg,page_138.json,ok,
1110586,Weathering,Thriller,images/1110586_Weathering_Thriller.jpg,https://image.tmdb.org/t/p/original/kGLE9Mq5Ml9CCVaAfcZ4nrqTRWK.jpg,page_138.json,ok,
642229,Dean Quixote,Comedy,images/642229_Dean_Quixote_Comedy.jpg,https://image.tmdb.org/t/p/original/zVHvzPMMGuRMa8hu5zw0IipRwAp.jpg,page_137.json,ok,
709238,Tea Time,Comedy,images/709238_Tea_Time_Comedy.jpg,https://image.tmdb.org/t/p/original/nKj4wcYD5MlwUcTg4di7ns6CoOI.jpg,page_138.json,ok,
74394,The Holding,Thriller,images/74394_The_Holding_Thriller.jpg,https://image.tmdb.org/t/p/original/rBh5EqFI6mFlgH5Z5lkQJkxJ0Fb.jpg,page_138.json,ok,
221269,Karma Calling,Comedy,images/221269_Karma_Calling_Comedy.jpg,https://image.tmdb.org/t/p/original/a0NsuuN0Pr2oyKxcD2lkmhBicYI.jpg,page_138.json,ok,
11081,Taking Lives,Thriller,images/11081_Taking_Lives_Thriller.jpg,https://image.tmdb.org/t/p/original/1JEt0qtEaYrJZuPeTArR691V256.jpg,page_138.json,ok,
140823,Saving Mr. Banks,Comedy,images/140823_Saving_Mr._Banks_Comedy.jpg,https://image.tmdb.org/t/p/original/4RkcUe5PKnYvrCwMjk8giUAoID7.jpg,page_138.json,ok,
12828,No. 2,Comedy,images/12828_No._2_Comedy.jpg,https://image.tmdb.org/t/p/original/puerLSBWKmahYt4hafAtJjbO486.jpg,page_138.json,ok,
283323,The Ridge,Thriller,images/283323_The_Ridge_Thriller.jpg,https://image.tmdb.org/t/p/original/g0n99OHoVIaRlJ0zTyV0aG2yqpM.jpg,page_139.json,ok,
581600,Spenser Confidential,Comedy,images/581600_Spenser_Confidential_Comedy.jpg,https://image.tmdb.org/t/p/original/fePczipv6ZzDO2uoww4vTAu2Sq3.jpg,page_139.json,ok,
323656,Just Jim,Comedy,images/323656_Just_Jim_Comedy.jpg,https://image.tmdb.org/t/p/original/8lFSRcFdxr9sGbYqWZrs03Lin7u.jpg,page_139.json,ok,
214756,Ted 2,Comedy,images/214756_Ted_2_Comedy.jpg,https://image.tmdb.org/t/p/original/38C91I7Xft0gyY7BITm8i4yvuRb.jpg,page_14.json,ok,
362765,The Sound and the Shadow,Thriller,images/362765_The_Sound_and_the_Shadow_Thriller.jpg,https://image.tmdb.org/t/p/original/rSaQxBE2hqV377qTlXYhbicq51l.jpg,page_14.json,ok,
18785,The Hangover,Comedy,images/18785_The_Hangover_Comedy.jpg,https://image.tmdb.org/t/p/original/A0uS9rHR56FeBtpjVki16M5xxSW.jpg,page_14.json,ok,
557950,Mainstream,Comedy,images/557950_Mainstream_Comedy.jpg,https://image.tmdb.org/t/p/original/9vTf02WXyldeKN4kfwZRwwI4XbG.jpg,page_139.json,ok,
576005,Saint Frances,Comedy,images/576005_Saint_Frances_Comedy.jpg,https://image.tmdb.org/t/p/original/mkiI2VzPLyvZvlsX8WD84P16Cee.jpg,page_140.json,ok,
462920,Perfect,Thriller,images/462920_Perfect_Thriller.jpg,https://image.tmdb.org/t/p/original/mbYqNA0m3JUAvkzlMvmLVRziZss.jpg,page_140.json,ok,
800937,Senior Year,Comedy,images/800937_Senior_Year_Comedy.jpg,https://image.tmdb.org/t/p/original/6UqbcDQhCYpxboK58Z0eVfdeHcT.jpg,page_140.json,ok,
449985,Triple Threat,Thriller,images/449985_Triple_Threat_Thriller.jpg,https://image.tmdb.org/t/p/original/cSpM3QxmoSLp4O1WAMQpUDcaB7R.jpg,page_140.json,ok,
9718,Talladega Nights: The Ballad of Ricky Bobby,Comedy,images/9718_Talladega_Nights_The_Ballad_of_Ricky_Bobby_Comedy.jpg,https://image.tmdb.org/t/p/original/3iCiTqsmJz1mO85AHzTiHNkRmb6.jpg,page_140.json,ok,
174188,Rapture-Palooza,Comedy,images/174188_Rapture-Palooza_Comedy.jpg,https://image.tmdb.org/t/p/original/9yc5UCe3i5mrHuIWsGgsKfI37rd.jpg,page_140.json,ok,
288932,Mango Soufflé,Comedy,images/288932_Mango_Souffl_Comedy.jpg,https://image.tmdb.org/t/p/original/xqFfAWTYuQk9nT4ny1UryHal8FB.jpg,page_140.json,ok,
11007,Cheaper by the Dozen,Comedy,images/11007_Cheaper_by_the_Dozen_Comedy.jpg,https://image.tmdb.org/t/p/original/dQyP6TuKmB0JIKvnl0UznvaRcPB.jpg,page_140.json,ok,
479455,Men in Black: International,Comedy,images/479455_Men_in_Black_International_Comedy.jpg,https://image.tmdb.org/t/p/original/dPrUPFcgLfNbmDL8V69vcrTyEfb.jpg,page_140.json,ok,
15023,Park,Comedy,images/15023_Park_Comedy.jpg,https://image.tmdb.org/t/p/original/oh9kKeskxBIbM3kUT3O6CzDBwTJ.jpg,page_141.json,ok,
455980,Tag,Comedy,images/455980_Tag_Comedy.jpg,https://image.tmdb.org/t/p/original/eXXpuW2xaq5Aen9N5prFlARVIvr.jpg,page_141.json,ok,
507660,The Merger,Comedy,images/507660_The_Merger_Comedy.jpg,https://image.tmdb.org/t/p/original/v1bCOU6touQ4qWidGGD8LtqwiBW.jpg,page_141.json,ok,
1122588,Tearsucker,Thriller,images/1122588_Tearsucker_Thriller.jpg,https://image.tmdb.org/t/p/original/qjhw1oVeGr4Djb33qN6EZ7H7POd.jpg,page_141.json,ok,
9927,The Ringer,Comedy,images/9927_The_Ringer_Comedy.jpg,https://image.tmdb.org/t/p/original/sEkEGRMaqDj4SMofgjOYVGR4o18.jpg,page_141.json,ok,
107985,The World's End,Comedy,images/107985_The_Worlds_End_Comedy.jpg,https://image.tmdb.org/t/p/original/kpglnOBYmKn0AkkWDzGxzKHDbds.jpg,page_141.json,ok,
51481,Mean Girls 2,Comedy,images/51481_Mean_Girls_2_Comedy.jpg,https://image.tmdb.org/t/p/original/34zKHT98ZgSCz6ag1ZNBul7f1Wu.jpg,page_141.json,ok,
471860,Public Disturbance,Comedy,images/471860_Public_Disturbance_Comedy.jpg,https://image.tmdb.org/t/p/original/1hVjwCDRa01fSh27nmXXrc1VGMa.jpg,page_141.json,ok,
257627,NSFW: Not Safe for Work,Comedy,images/257627_NSFW_Not_Safe_for_Work_Comedy.jpg,https://image.tmdb.org/t/p/original/pfbEeDLPmneEFlDCBVHWOKftXsX.jpg,page_142.json,ok,
20066,Senior Skip Day,Comedy,images/20066_Senior_Skip_Day_Comedy.jpg,https://image.tmdb.org/t/p/original/ybeKSwYfxesZgcHMvMIgRLfRUn5.jpg,page_142.json,ok,
505945,Team Darryl,Comedy,images/505945_Team_Darryl_Comedy.jpg,https://image.tmdb.org/t/p/original/edroTAeTEM9ILyAnumA0ALxRSne.jpg,page_142.json,ok,
454637,Illicit,Thriller,images/454637_Illicit_Thriller.jpg,https://image.tmdb.org/t/p/original/oKZeuYEQBpOklgkUNfrwrGqwl9y.jpg,page_142.json,ok,
308615,Peroxide Passion,Comedy,images/308615_Peroxide_Passion_Comedy.jpg,https://image.tmdb.org/t/p/original/oi9d2w6dPiy80vEj8thRwe9Yijo.jpg,page_138.json,ok,
556678,Emma.,Comedy,images/556678_Emma._Comedy.jpg,https://image.tmdb.org/t/p/original/uHpHzbHLSsVmAuuGuQSpyVDZmDc.jpg,page_142.json,ok,
7871,Side Effects,Comedy,images/7871_Side_Effects_Comedy.jpg,https://image.tmdb.org/t/p/original/qhQiaAEChJTHyfDE39cIDOLsfgW.jpg,page_143.json,ok,
10756,The Haunted Mansion,Thriller,images/10756_The_Haunted_Mansion_Thriller.jpg,https://image.tmdb.org/t/p/original/lGi5yio4pdDz5PkSeZCbnMQz5vK.jpg,page_143.json,ok,
1223054,Huhu Attack!,Comedy,images/1223054_Huhu_Attack_Comedy.jpg,https://image.tmdb.org/t/p/original/h044g6m65NG7k6aP7tV6dDpOAI3.jpg,page_143.json,ok,
14845,Gray Matters,Comedy,images/14845_Gray_Matters_Comedy.jpg,https://image.tmdb.org/t/p/original/dg5kX6v4xbGL0FtNyELGb7wDt9b.jpg,page_143.json,ok,
889962,California King,Comedy,images/889962_California_King_Comedy.jpg,https://image.tmdb.org/t/p/original/3OUuH8AfUHwST706boHsUjvODYk.jpg,page_143.json,ok,
11918,Superhero Movie,Comedy,images/11918_Superhero_Movie_Comedy.jpg,https://image.tmdb.org/t/p/original/4MtvQdh5VP7jMSydhggp1P80FMj.jpg,page_143.json,ok,
195589,Neighbors,Comedy,images/195589_Neighbors_Comedy.jpg,https://image.tmdb.org/t/p/original/sN1RU08CMi8xkRIibremh3AOdgw.jpg,page_143.json,ok,
1160360,If I Had Legs I'd Kick You,Comedy,images/1160360_If_I_Had_Legs_Id_Kick_You_Comedy.jpg,https://image.tmdb.org/t/p/original/gkIFK1HzqfgQg4v4ifeNKogHtPG.jpg,page_143.json,ok,
9398,Zoolander,Comedy,images/9398_Zoolander_Comedy.jpg,https://image.tmdb.org/t/p/original/1IOLMlNKSoo3FToVGYV1PjE3ehn.jpg,page_144.json,ok,
7233,Rebound,Comedy,images/7233_Rebound_Comedy.jpg,https://image.tmdb.org/t/p/original/4l0Q1lAf4aV3h1LJQ00EpxVQefr.jpg,page_144.json,ok,
479517,Thrasher Road,Comedy,images/479517_Thrasher_Road_Comedy.jpg,https://image.tmdb.org/t/p/original/8X9S3m3hVgyvD0U92akUbSHBKpe.jpg,page_144.json,ok,
6382,The Nugget,Comedy,images/6382_The_Nugget_Comedy.jpg,https://image.tmdb.org/t/p/original/wGyPmsAuT4akPTYSUEjxSXRU81n.jpg,page_144.json,ok,
188222,Entourage,Comedy,images/188222_Entourage_Comedy.jpg,https://image.tmdb.org/t/p/original/28dqsx1jCxhR05DfH35ui13ywNZ.jpg,page_144.json,ok,
7278,Meet the Spartans,Comedy,images/7278_Meet_the_Spartans_Comedy.jpg,https://image.tmdb.org/t/p/original/DWQOjAPvM8Kk1Qp3Xq0zae0Z6w.jpg,page_144.json,ok,
981107,Big Dippers,Comedy,images/981107_Big_Dippers_Comedy.jpg,https://image.tmdb.org/t/p/original/4XWG5dZ4UwRGVHkigRB2VIEL2z6.jpg,page_144.json,ok,
1031306,Apocalypse Clown,Comedy,images/1031306_Apocalypse_Clown_Comedy.jpg,https://image.tmdb.org/t/p/original/v1Nsjol2Pf28pRpZbow4txclAvn.jpg,page_144.json,ok,
735436,The Argument,Comedy,images/735436_The_Argument_Comedy.jpg,https://image.tmdb.org/t/p/original/jq67d2UvbozXszkrLnGDzwnWSnu.jpg,page_144.json,ok,
645434,1st Born,Comedy,images/645434_1st_Born_Comedy.jpg,https://image.tmdb.org/t/p/original/AkBFjCktRSKizuLrSOqAZbmmNzV.jpg,page_144.json,ok,
585887,The Animals,Thriller,images/585887_The_Animals_Thriller.jpg,https://image.tmdb.org/t/p/original/lXS4dbY5M3iop6nYUqURkrwyOpX.jpg,page_144.json,ok,
10708,Daddy Day Care,Comedy,images/10708_Daddy_Day_Care_Comedy.jpg,https://image.tmdb.org/t/p/original/uiey5XUKuPicwpIJMf1OpaOd1jL.jpg,page_145.json,ok,
55278,Church Ball,Comedy,images/55278_Church_Ball_Comedy.jpg,https://image.tmdb.org/t/p/original/iG2mVQlZciA1p7xcl4x53dZ9yw9.jpg,page_145.json,ok,
1081001,Le Creuset,Comedy,images/1081001_Le_Creuset_Comedy.jpg,https://image.tmdb.org/t/p/original/3BnZPma93P49ttEnisou0W6VlTO.jpg,page_144.json,ok,
433244,Clinical,Thriller,images/433244_Clinical_Thriller.jpg,https://image.tmdb.org/t/p/original/k9baYzut6dLyAXdg8gqmaR4EZ1Q.jpg,page_145.json,ok,
745109,Marmalade,Comedy,images/745109_Marmalade_Comedy.jpg,https://image.tmdb.org/t/p/original/1Cbmoq2K7ljEwH7gTYJYwkWCBKQ.jpg,page_145.json,ok,
88005,Seeking a Friend for the End of the World,Comedy,images/88005_Seeking_a_Friend_for_the_End_of_the_World_Comedy.jpg,https://image.tmdb.org/t/p/original/rBbCwFLyt7Q25yaw2bEOQh7RMG1.jpg,page_145.json,ok,
551535,Above Ground,Thriller,images/551535_Above_Ground_Thriller.jpg,https://image.tmdb.org/t/p/original/amqZi7wVcC2q8qAqezfMN9Bu2cw.jpg,page_145.json,ok,
440472,The Upside,Comedy,images/440472_The_Upside_Comedy.jpg,https://image.tmdb.org/t/p/original/hPZ2caow1PCND6qnerfgn6RTXdm.jpg,page_145.json,ok,
29917,Exam,Thriller,images/29917_Exam_Thriller.jpg,https://image.tmdb.org/t/p/original/i1J2zBCyOQJKsQipqJ0qXERC1Ma.jpg,page_146.json,ok,
1233200,Taxon,Comedy,images/1233200_Taxon_Comedy.jpg,https://image.tmdb.org/t/p/original/yVHqwDQ4di2K5t18zbi1jNDQUgx.jpg,page_146.json,ok,
88042,Parental Guidance,Comedy,images/88042_Parental_Guidance_Comedy.jpg,https://image.tmdb.org/t/p/original/815zxi87kTUvleFHjnE5SNzWmVZ.jpg,page_145.json,ok,
968927,Dawning,Thriller,images/968927_Dawning_Thriller.jpg,https://image.tmdb.org/t/p/original/ipKU6G0N2iJENz7mN5Gne80RdQw.jpg,page_145.json,ok,
397266,Suburbanite,Thriller,images/397266_Suburbanite_Thriller.jpg,https://image.tmdb.org/t/p/original/vtrPJy3bWhQ4aGGpxOaFsfc9eu4.jpg,page_145.json,ok,
899632,The Class,Comedy,images/899632_The_Class_Comedy.jpg,https://image.tmdb.org/t/p/original/2gctNnQcc059h2KkURuogM1trKl.jpg,page_146.json,ok,
750253,My Son,Thriller,images/750253_My_Son_Thriller.jpg,https://image.tmdb.org/t/p/original/jrnCkZnktMTNYOEN5uo63nKKKHN.jpg,page_146.json,ok,
1171296,Baltimore,Thriller,images/1171296_Baltimore_Thriller.jpg,https://image.tmdb.org/t/p/original/q8SXr3SCtHESHkmO2mFqzqlJ09L.jpg,page_146.json,ok,
107811,21 & Over,Comedy,images/107811_21__Over_Comedy.jpg,https://image.tmdb.org/t/p/original/ruPRsaWpSbHv2085k1bO2HbSAUV.jpg,page_146.json,ok,
835744,Gold Statue,Comedy,images/835744_Gold_Statue_Comedy.jpg,https://image.tmdb.org/t/p/original/zVkobcUpR0PmSUT6nfaiZgYFplD.jpg,page_146.json,ok,
416086,Redistributors,Thriller,images/416086_Redistributors_Thriller.jpg,https://image.tmdb.org/t/p/original/o9TdWZXsTXAuPgRIhtf6PNjK4sf.jpg,page_146.json,ok,
285860,Guidance,Comedy,images/285860_Guidance_Comedy.jpg,https://image.tmdb.org/t/p/original/l7PoOfS2jlqssM0XLBnxGhmLWNa.jpg,page_146.json,ok,
839417,Since Childhood,Comedy,images/839417_Since_Childhood_Comedy.jpg,https://image.tmdb.org/t/p/original/lOZGQs0ro5c3UHrCAss7xTiWj54.jpg,page_142.json,ok,
629742,Merry Men: The Real Yoruba Demons,Comedy,images/629742_Merry_Men_The_Real_Yoruba_Demons_Comedy.jpg,https://image.tmdb.org/t/p/original/sMVeaucKf02sbYkRIooCn9oAIXr.jpg,page_147.json,ok,
1151039,Nonnas,Comedy,images/1151039_Nonnas_Comedy.jpg,https://image.tmdb.org/t/p/original/5Bf1xlxLuCHdi74MpdFi2Yz3FGJ.jpg,page_147.json,ok,
480405,Neverknock,Thriller,images/480405_Neverknock_Thriller.jpg,https://image.tmdb.org/t/p/original/q8zBaiGFagwxKoQKhjg0irpgBax.jpg,page_146.json,ok,
359732,#Lucky Number,Comedy,images/359732_Lucky_Number_Comedy.jpg,https://image.tmdb.org/t/p/original/wA4Ig8y8ggVVzbgZHlyOm56AxVD.jpg,page_147.json,ok,
20148,Cowboys & Angels,Comedy,images/20148_Cowboys__Angels_Comedy.jpg,https://image.tmdb.org/t/p/original/8S55zmOu7cdN6v71M9AzKLVdrOr.jpg,page_144.json,ok,
1036619,Good Grief,Comedy,images/1036619_Good_Grief_Comedy.jpg,https://image.tmdb.org/t/p/original/wJFHUglmh7xlY7g9Ql85QAJBZ6n.jpg,page_147.json,ok,
583689,Moxie,Comedy,images/583689_Moxie_Comedy.jpg,https://image.tmdb.org/t/p/original/aLBo1Ca9PggcWY98ItW5ZkdxTuA.jpg,page_147.json,ok,
69071,Apartment 12,Comedy,images/69071_Apartment_12_Comedy.jpg,https://image.tmdb.org/t/p/original/kyVw0j9Xq6qQ1ZSgq3xoIpFH39j.jpg,page_147.json,ok,
270801,Four Seasons,Comedy,images/270801_Four_Seasons_Comedy.jpg,https://image.tmdb.org/t/p/original/9GcmbxBjS3yTl9G4nFJ435fV53f.jpg,page_148.json,ok,
77953,The Campaign,Comedy,images/77953_The_Campaign_Comedy.jpg,https://image.tmdb.org/t/p/original/jMWjJ13sFTT07DwjNlqh8VY4sK6.jpg,page_148.json,ok,
596161,Let Him Go,Thriller,images/596161_Let_Him_Go_Thriller.jpg,https://image.tmdb.org/t/p/original/EsLZoT8oHhQlGd1QpdbnvnwTzO.jpg,page_147.json,ok,
33009,Remarkable Power,Comedy,images/33009_Remarkable_Power_Comedy.jpg,https://image.tmdb.org/t/p/original/fwLQun1B7NgOmjq24RDcbORoJhk.jpg,page_148.json,ok,
844404,Sam & Kate,Comedy,images/844404_Sam__Kate_Comedy.jpg,https://image.tmdb.org/t/p/original/fzQN7YcIgboMavMMwrOTaqz8agm.jpg,page_148.json,ok,
338964,Bad Santa 2,Comedy,images/338964_Bad_Santa_2_Comedy.jpg,https://image.tmdb.org/t/p/original/xmsEwpA2fSq6IO3sfKrLuIPLHSc.jpg,page_148.json,ok,
1146892,Bark,Thriller,images/1146892_Bark_Thriller.jpg,https://image.tmdb.org/t/p/original/wQV4VH1JFP5phu8E4ZsZGPEcyqp.jpg,page_148.json,ok,
505600,Booksmart,Comedy,images/505600_Booksmart_Comedy.jpg,https://image.tmdb.org/t/p/original/2aSxRDmisJP90H3S0aocyuQIe4z.jpg,page_148.json,ok,
526034,Lez Bomb,Comedy,images/526034_Lez_Bomb_Comedy.jpg,https://image.tmdb.org/t/p/original/tBiZAkXngPoT80iWxUI9ebSBXli.jpg,page_148.json,ok,
403130,Intruder,Thriller,images/403130_Intruder_Thriller.jpg,https://image.tmdb.org/t/p/original/gtIaRLKndifNAe9WLoMg19QSmhz.jpg,page_148.json,ok,
825827,Death Sentences,Thriller,images/825827_Death_Sentences_Thriller.jpg,https://image.tmdb.org/t/p/original/aTH7I6HJAShXvtbaQBNRuwawhjq.jpg,page_148.json,ok,
235046,Darkroom,Thriller,images/235046_Darkroom_Thriller.jpg,https://image.tmdb.org/t/p/original/ccdHLWv5VSDPtc4nbWloKKr89oq.jpg,page_149.json,ok,
354038,Fatal Memories,Thriller,images/354038_Fatal_Memories_Thriller.jpg,https://image.tmdb.org/t/p/original/6L5rNsc0IX3d2CiMZMKIO1H5oE1.jpg,page_148.json,ok,
989662,A Different Man,Comedy,images/989662_A_Different_Man_Comedy.jpg,https://image.tmdb.org/t/p/original/lZZKTEvo92u1J5pm7QoEA5yN3du.jpg,page_149.json,ok,
37056,Letters to Juliet,Comedy,images/37056_Letters_to_Juliet_Comedy.jpg,https://image.tmdb.org/t/p/original/y9DdvY1IRNS2hWLq161hmP2gXn.jpg,page_149.json,ok,
567733,Crypto,Thriller,images/567733_Crypto_Thriller.jpg,https://image.tmdb.org/t/p/original/fzTvnA3buXsjdmjrYRDozKBFF78.jpg,page_148.json,ok,
869597,Reunion,Comedy,images/869597_Reunion_Comedy.jpg,https://image.tmdb.org/t/p/original/c5eQaqxTQN0DDKena1XIURNRaeJ.jpg,page_149.json,ok,
134375,Home Alone: The Holiday Heist,Comedy,images/134375_Home_Alone_The_Holiday_Heist_Comedy.jpg,https://image.tmdb.org/t/p/original/aP6NPJeiv30d82lZF1baZ3qRBcZ.jpg,page_149.json,ok,
4247,Scary Movie,Comedy,images/4247_Scary_Movie_Comedy.jpg,https://image.tmdb.org/t/p/original/fVQFPRuw3yWXojYDJvA5EoFjUOY.jpg,page_15.json,ok,
58096,Killer Pad,Comedy,images/58096_Killer_Pad_Comedy.jpg,https://image.tmdb.org/t/p/original/oOZOKZYD51wD2gjvd9lGXliE5WB.jpg,page_149.json,ok,
273477,Scouts Guide to the Zombie Apocalypse,Comedy,images/273477_Scouts_Guide_to_the_Zombie_Apocalypse_Comedy.jpg,https://image.tmdb.org/t/p/original/lUKvvSnjFlazrdh6wyHxHrdMknD.jpg,page_15.json,ok,
979511,Will Power,Comedy,images/979511_Will_Power_Comedy.jpg,https://image.tmdb.org/t/p/original/nr0t43tcCFOdqopqnEeeZ5NUn0u.jpg,page_149.json,ok,
1087891,The Amateur,Thriller,images/1087891_The_Amateur_Thriller.jpg,https://image.tmdb.org/t/p/original/SNEoUInCa5fAgwuEBMIMBGvkkh.jpg,page_15.json,ok,
12153,White Chicks,Comedy,images/12153_White_Chicks_Comedy.jpg,https://image.tmdb.org/t/p/original/aHTUpo45qy9QYIOnVITGGqLoVcA.jpg,page_15.json,ok,
336323,Love & Taxes,Comedy,images/336323_Love__Taxes_Comedy.jpg,https://image.tmdb.org/t/p/original/kJwYUePVOA503HXMpa2Y4XHCGJv.jpg,page_150.json,ok,
86792,Dead Awake,Thriller,images/86792_Dead_Awake_Thriller.jpg,https://image.tmdb.org/t/p/original/3Io1e5woE6NWXstob0BADAcygSx.jpg,page_150.json,ok,
16548,Ellie Parker,Comedy,images/16548_Ellie_Parker_Comedy.jpg,https://image.tmdb.org/t/p/original/vEmoWFzLb6YC90SpfOOCFypmc9d.jpg,page_150.json,ok,
1511163,Killer Talent,Comedy,images/1511163_Killer_Talent_Comedy.jpg,https://image.tmdb.org/t/p/original/tAr005YHwAYKmeJEPs8Yn2cGeDH.jpg,page_150.json,ok,
1016721,Bad Timing,Thriller,images/1016721_Bad_Timing_Thriller.jpg,https://image.tmdb.org/t/p/original/t0BAHqauckR64tZwnMxaendwJJJ.jpg,page_150.json,ok,
169219,The Dyatlov Pass Incident,Thriller,images/169219_The_Dyatlov_Pass_Incident_Thriller.jpg,https://image.tmdb.org/t/p/original/8hyvniwVeSvKbTNKrY44ndMsQht.jpg,page_151.json,ok,
428888,Fat Camp,Comedy,images/428888_Fat_Camp_Comedy.jpg,https://image.tmdb.org/t/p/original/vE3ArQ3KyG9ZkMxp6zmH4VvaQIl.jpg,page_151.json,ok,
29863,Perfect Fit,Comedy,images/29863_Perfect_Fit_Comedy.jpg,https://image.tmdb.org/t/p/original/vuTnydlf2hqh1nuS5qWvkY4quuD.jpg,page_151.json,ok,
2252,Eastern Promises,Thriller,images/2252_Eastern_Promises_Thriller.jpg,https://image.tmdb.org/t/p/original/dpiJWb4NrWgcOg2rusuLhDM0hTm.jpg,page_151.json,ok,
580532,Crisis,Thriller,images/580532_Crisis_Thriller.jpg,https://image.tmdb.org/t/p/original/15e2VcMTtk3pqgGlHWxisvygFAw.jpg,page_151.json,ok,
1013850,A Real Pain,Comedy,images/1013850_A_Real_Pain_Comedy.jpg,https://image.tmdb.org/t/p/original/67xRIXm5TxXRT4nV2V4AEJ9yq2d.jpg,page_151.json,ok,
717347,Seed,Comedy,images/717347_Seed_Comedy.jpg,https://image.tmdb.org/t/p/original/2Y6SbCNWviR7KRwWPRLbvYlQWZE.jpg,page_151.json,ok,
1506155,Stella,Comedy,images/1506155_Stella_Comedy.jpg,https://image.tmdb.org/t/p/original/t2kRurmFKEDoZFJWRBJK48ZPGVz.jpg,page_150.json,ok,
980598,Honeybear,Comedy,images/980598_Honeybear_Comedy.jpg,https://image.tmdb.org/t/p/original/lGzZUow4rjU2ZDNz7G8SiziypMk.jpg,page_150.json,ok,
15567,Stitch! The Movie,Comedy,images/15567_Stitch_The_Movie_Comedy.jpg,https://image.tmdb.org/t/p/original/flwMGZcOO80lqsnZ6lIwsKja5N.jpg,page_151.json,ok,
986511,The Third,Comedy,images/986511_The_Third_Comedy.jpg,https://image.tmdb.org/t/p/original/pk1M9S9efIH4aRDPT3oxb2WphuF.jpg,page_152.json,ok,
1128616,Death Blow,Thriller,images/1128616_Death_Blow_Thriller.jpg,https://image.tmdb.org/t/p/original/bfTAml3ASzTsJia70CdMfStSE3P.jpg,page_152.json,ok,
248694,Truth,Thriller,images/248694_Truth_Thriller.jpg,https://image.tmdb.org/t/p/original/dsFo2O56CifArARsBkKVWqwktRs.jpg,page_152.json,ok,
81232,Foster,Comedy,images/81232_Foster_Comedy.jpg,https://image.tmdb.org/t/p/original/tO5FI5th4mxvokU8qsPbu9l4ucE.jpg,page_152.json,ok,
811631,Infinite Storm,Thriller,images/811631_Infinite_Storm_Thriller.jpg,https://image.tmdb.org/t/p/original/4B34NKfHCFVHriYfKhbsunHYl4x.jpg,page_152.json,ok,
46838,Tucker and Dale vs. Evil,Comedy,images/46838_Tucker_and_Dale_vs._Evil_Comedy.jpg,https://image.tmdb.org/t/p/original/8shwLEDzajJGSfLgbpac8x8xn1U.jpg,page_152.json,ok,
8848,The Bank Job,Thriller,images/8848_The_Bank_Job_Thriller.jpg,https://image.tmdb.org/t/p/original/bfXjFTytfFTdo9WeO7lYqzkHG7g.jpg,page_152.json,ok,
871010,Tiny Dancers,Comedy,images/871010_Tiny_Dancers_Comedy.jpg,https://image.tmdb.org/t/p/original/kpjFL1Y1qpjydIM2RFqAkm5Uw7B.jpg,page_152.json,ok,
344276,Inhumane,Thriller,images/344276_Inhumane_Thriller.jpg,https://image.tmdb.org/t/p/original/hIblW8hfLrwACOIiAv2043RQ64C.jpg,page_153.json,ok,
1261825,Oh. What. Fun.,Comedy,images/1261825_Oh._What._Fun._Comedy.jpg,https://image.tmdb.org/t/p/original/qynCyBKCJUUcj4wo4PE2aQVvote.jpg,page_152.json,ok,
282836,Good Satan,Comedy,images/282836_Good_Satan_Comedy.jpg,https://image.tmdb.org/t/p/original/5On1DgeCFySCEWN1Vp4ycqcH7Vo.jpg,page_153.json,ok,
429195,Dark River,Thriller,images/429195_Dark_River_Thriller.jpg,https://image.tmdb.org/t/p/original/2dAAl5Sm4XzSU5D0IozMTCliT1V.jpg,page_153.json,ok,
534435,Brokedown,Thriller,images/534435_Brokedown_Thriller.jpg,https://image.tmdb.org/t/p/original/iXduVwHcqzktfnWibPvssLaA2PW.jpg,page_152.json,ok,
673304,Her Secret Family Killer,Thriller,images/673304_Her_Secret_Family_Killer_Thriller.jpg,https://image.tmdb.org/t/p/original/czpRrHCcj5pVJOl0NtoiVpRXf91.jpg,page_153.json,ok,
974250,Greedy People,Comedy,images/974250_Greedy_People_Comedy.jpg,https://image.tmdb.org/t/p/original/aIUZiciO0nMh8MrhmsTaMWZvEWK.jpg,page_153.json,ok,
14641,Homo Erectus,Comedy,images/14641_Homo_Erectus_Comedy.jpg,https://image.tmdb.org/t/p/original/xSq1sUbExLnA6WY2FDyDTBzz2By.jpg,page_154.json,ok,
1198994,Send Help,Thriller,images/1198994_Send_Help_Thriller.jpg,https://image.tmdb.org/t/p/original/lNam8wi4bhzZ6U4wRb2T1nGsSix.jpg,page_153.json,ok,
531239,Splitting Image,Thriller,images/531239_Splitting_Image_Thriller.jpg,https://image.tmdb.org/t/p/original/gue1HH3iV0myhkotGaFpyCcyWtu.jpg,page_153.json,ok,
1558841,Diamond Dogs,Comedy,images/1558841_Diamond_Dogs_Comedy.jpg,https://image.tmdb.org/t/p/original/vtDzU6pk80XGAZLU9sMsRWwipwT.jpg,page_154.json,ok,
17927,Fired Up!,Comedy,images/17927_Fired_Up_Comedy.jpg,https://image.tmdb.org/t/p/original/1Nty5K8ybeigm6qm9cMFFAD4KpF.jpg,page_154.json,ok,
109099,Passion,Thriller,images/109099_Passion_Thriller.jpg,https://image.tmdb.org/t/p/original/o9DoB4Rsuc8wdkSZCJWB6fq9QPP.jpg,page_155.json,ok,
958712,Ursula,Comedy,images/958712_Ursula_Comedy.jpg,https://image.tmdb.org/t/p/original/kymZKYh5nSwFzOg01XY82AIdZ1E.jpg,page_155.json,ok,
244080,Assumed Killer,Thriller,images/244080_Assumed_Killer_Thriller.jpg,https://image.tmdb.org/t/p/original/qPfjPoZh0SRcLT5J8eSKmBlMwn9.jpg,page_154.json,ok,
4553,The Machinist,Thriller,images/4553_The_Machinist_Thriller.jpg,https://image.tmdb.org/t/p/original/diAYqR4xdF9Hnj7qun6DEQhRrT2.jpg,page_154.json,ok,
548754,River Runs Red,Thriller,images/548754_River_Runs_Red_Thriller.jpg,https://image.tmdb.org/t/p/original/8GsHFBf8uIZ5thXCGqKer9OOKkQ.jpg,page_155.json,ok,
825805,Outsiders,Thriller,images/825805_Outsiders_Thriller.jpg,https://image.tmdb.org/t/p/original/bDT1odowj6S9J8pPH7ittT7JY9n.jpg,page_154.json,ok,
17610,Year One,Comedy,images/17610_Year_One_Comedy.jpg,https://image.tmdb.org/t/p/original/qF573jdJYwtCbXVXPDn4xu8nW2a.jpg,page_155.json,ok,
13835,Real Time,Comedy,images/13835_Real_Time_Comedy.jpg,https://image.tmdb.org/t/p/original/m51dVhSJy5wA4R4RmDJSNoYObs5.jpg,page_155.json,ok,
1170283,The Visitor,Comedy,images/1170283_The_Visitor_Comedy.jpg,https://image.tmdb.org/t/p/original/3GAax3lDVyDOpOk81GW4RVvCdwl.jpg,page_155.json,ok,
472226,Blood Fest,Comedy,images/472226_Blood_Fest_Comedy.jpg,https://image.tmdb.org/t/p/original/v7x4P33lZwstVgxlZGze18hBlD.jpg,page_155.json,ok,
472094,Shelter,Thriller,images/472094_Shelter_Thriller.jpg,https://image.tmdb.org/t/p/original/kuk8E4VTcupvnUNzSltOSqnVgha.jpg,page_155.json,ok,
83500,Two Ninas,Comedy,images/83500_Two_Ninas_Comedy.jpg,https://image.tmdb.org/t/p/original/mXoKLwgAOMB3rrtZ1V1qtHTblTs.jpg,page_155.json,ok,
391912,Rosy,Comedy,images/391912_Rosy_Comedy.jpg,https://image.tmdb.org/t/p/original/oHJKGdSioinkaovSJSUZHzAVOUc.jpg,page_155.json,ok,
1039690,Desperation Road,Thriller,images/1039690_Desperation_Road_Thriller.jpg,https://image.tmdb.org/t/p/original/tPyj6Gii1HrnzCbJXEF7JdSFkQ8.jpg,page_156.json,ok,
1097311,Echo Valley,Thriller,images/1097311_Echo_Valley_Thriller.jpg,https://image.tmdb.org/t/p/original/AsqALJWqGRgnKEo3gt1TCOF4nCM.jpg,page_156.json,ok,
872940,Shallow Graves,Comedy,images/872940_Shallow_Graves_Comedy.jpg,https://image.tmdb.org/t/p/original/tGL2CoroARov2ZqULPT5U0e52Z4.jpg,page_155.json,ok,
403431,Brigsby Bear,Comedy,images/403431_Brigsby_Bear_Comedy.jpg,https://image.tmdb.org/t/p/original/9QepAxHR9am4nKWZqIDpIQjuB5.jpg,page_156.json,ok,
1046758,Sew Torn,Thriller,images/1046758_Sew_Torn_Thriller.jpg,https://image.tmdb.org/t/p/original/6N3bJq0VInPhifYml7cZ0TjRrXb.jpg,page_156.json,ok,
1484430,Chasing Hope,Thriller,images/1484430_Chasing_Hope_Thriller.jpg,https://image.tmdb.org/t/p/original/ovvUsT6nkZxWcR3B7MRkvj0BZf6.jpg,page_156.json,ok,
1533971,Gingerdead Man: Murder-Thon,Comedy,images/1533971_Gingerdead_Man_Murder-Thon_Comedy.jpg,https://image.tmdb.org/t/p/original/yvQdCjBlvlaWvcwQaE5bbOht8LA.jpg,page_156.json,ok,
84203,Goats,Comedy,images/84203_Goats_Comedy.jpg,https://image.tmdb.org/t/p/original/sguv1tnaQjFWsbcpN0b08cWmsFJ.jpg,page_156.json,ok,
82721,Yamagola Malli Modalaindi,Comedy,images/82721_Yamagola_Malli_Modalaindi_Comedy.jpg,https://image.tmdb.org/t/p/original/ao9NWy1SaMKMcqQtE2UpC7Es3vt.jpg,page_156.json,ok,
8274,American Pie Presents: Band Camp,Comedy,images/8274_American_Pie_Presents_Band_Camp_Comedy.jpg,https://image.tmdb.org/t/p/original/6BgKeWEGROpWwEWvpw7vwfTCr9C.jpg,page_157.json,ok,
655088,Wraith,Thriller,images/655088_Wraith_Thriller.jpg,https://image.tmdb.org/t/p/original/ymkACe11XM45xcKwp5s9RczLyoh.jpg,page_157.json,ok,
992940,The Critic,Thriller,images/992940_The_Critic_Thriller.jpg,https://image.tmdb.org/t/p/original/kVdN99IPZgQSUKVkAPWb9ZnCkhz.jpg,page_156.json,ok,
459114,Baracas,Comedy,images/459114_Baracas_Comedy.jpg,https://image.tmdb.org/t/p/original/naXLVqsSqTsmwKthr0g3rKzJCGP.jpg,page_157.json,ok,
25166,Drowning Mona,Comedy,images/25166_Drowning_Mona_Comedy.jpg,https://image.tmdb.org/t/p/original/iuN2SXCGPIlC7pAPCOzqAdeaDji.jpg,page_157.json,ok,
8978,Assault on Precinct 13,Thriller,images/8978_Assault_on_Precinct_13_Thriller.jpg,https://image.tmdb.org/t/p/original/oBpsRvMN1ONl8oFHuWt1rasDYFJ.jpg,page_157.json,ok,
218220,Meddling Mom,Comedy,images/218220_Meddling_Mom_Comedy.jpg,https://image.tmdb.org/t/p/original/1A4NZuVbdaLy7AIkHAR7sVTuXui.jpg,page_157.json,ok,
628878,Panama,Thriller,images/628878_Panama_Thriller.jpg,https://image.tmdb.org/t/p/original/u9DzgsmssidygWuORgYzhi317vj.jpg,page_157.json,ok,
47302,Stardom,Comedy,images/47302_Stardom_Comedy.jpg,https://image.tmdb.org/t/p/original/tmvVAym5DE15R9ZdRMe49GOVps.jpg,page_158.json,ok,
262526,Voodoo Dawn,Thriller,images/262526_Voodoo_Dawn_Thriller.jpg,https://image.tmdb.org/t/p/original/rScmGzjwW1AJD3WGTr16JZtfY1u.jpg,page_158.json,ok,
525020,Christmas Harmony,Comedy,images/525020_Christmas_Harmony_Comedy.jpg,https://image.tmdb.org/t/p/original/jVtUMQa3OSiwGLpkRtTmawDDBiP.jpg,page_158.json,ok,
74692,Rare Birds,Comedy,images/74692_Rare_Birds_Comedy.jpg,https://image.tmdb.org/t/p/original/z0tTXhUzG9mwKVliv74LBe7gGdy.jpg,page_158.json,ok,
634203,Paris Window,Comedy,images/634203_Paris_Window_Comedy.jpg,https://image.tmdb.org/t/p/original/5QFzdUGc5lBn0VaS4RgfkNqjZEp.jpg,page_158.json,ok,
135647,The Details,Comedy,images/135647_The_Details_Comedy.jpg,https://image.tmdb.org/t/p/original/ejpsft6Utt4sHS68IcHTOgUjKhZ.jpg,page_159.json,ok,
188839,Aftermath,Thriller,images/188839_Aftermath_Thriller.jpg,https://image.tmdb.org/t/p/original/3QsMEN5Vkjusez9Q1bZTaFJJWOM.jpg,page_159.json,ok,
343004,Homicycle,Comedy,images/343004_Homicycle_Comedy.jpg,https://image.tmdb.org/t/p/original/n2EGAso44UlGbkLTMSw93LtQDfv.jpg,page_159.json,ok,
974613,The Fabulous Four,Comedy,images/974613_The_Fabulous_Four_Comedy.jpg,https://image.tmdb.org/t/p/original/g7kZFm81LBr2wf34MAdKexkZ0NH.jpg,page_159.json,ok,
9384,Starsky & Hutch,Comedy,images/9384_Starsky__Hutch_Comedy.jpg,https://image.tmdb.org/t/p/original/fmBYVkBjhVspPv3GGus84qhBo1a.jpg,page_159.json,ok,
343409,Windsor Drive,Thriller,images/343409_Windsor_Drive_Thriller.jpg,https://image.tmdb.org/t/p/original/xxErk15goAoQQh9TgfTo6W7fCtA.jpg,page_159.json,ok,
1426776,STRAW,Thriller,images/1426776_STRAW_Thriller.jpg,https://image.tmdb.org/t/p/original/t3cmnXYtxJb9vVL1ThvT2CWSe1n.jpg,page_16.json,ok,
982271,Book Club: The Next Chapter,Comedy,images/982271_Book_Club_The_Next_Chapter_Comedy.jpg,https://image.tmdb.org/t/p/original/lXoeOcWWhPpLH1wzTIhOx8jydBo.jpg,page_159.json,ok,
814776,Bottoms,Comedy,images/814776_Bottoms_Comedy.jpg,https://image.tmdb.org/t/p/original/jeyTQrNEpyE1LZIgVlswYh3sc34.jpg,page_159.json,ok,
1081196,Four Mothers,Comedy,images/1081196_Four_Mothers_Comedy.jpg,https://image.tmdb.org/t/p/original/bvpXFlOuSYN0AOo9KAd0XOEs8mX.jpg,page_16.json,ok,
893752,Quasi,Comedy,images/893752_Quasi_Comedy.jpg,https://image.tmdb.org/t/p/original/g6uFA7r4VqqQeW4u9YtktheRXUt.jpg,page_159.json,ok,
62213,Dark Shadows,Comedy,images/62213_Dark_Shadows_Comedy.jpg,https://image.tmdb.org/t/p/original/fd9Ck4cxVlmtXsbeGtQW7WFuUFI.jpg,page_16.json,ok,
980285,Dangerous Waters,Thriller,images/980285_Dangerous_Waters_Thriller.jpg,https://image.tmdb.org/t/p/original/kIMbYsYVD2brZUTqc2LIoQRAXr6.jpg,page_160.json,ok,
957119,Sidelined: The QB and Me,Comedy,images/957119_Sidelined_The_QB_and_Me_Comedy.jpg,https://image.tmdb.org/t/p/original/mSL6truNrWP1Bn9ng1rN0SkMI4f.jpg,page_16.json,ok,
800376,"I, Portrait",Thriller,images/800376_I_Portrait_Thriller.jpg,https://image.tmdb.org/t/p/original/oj4RgpjlitdP7H8CRg3S4cHbj48.jpg,page_160.json,ok,
1588,Bring It On,Comedy,images/1588_Bring_It_On_Comedy.jpg,https://image.tmdb.org/t/p/original/bnVby0qI0dS7YunbShP7mw68HY3.jpg,page_160.json,ok,
474051,Calibre,Thriller,images/474051_Calibre_Thriller.jpg,https://image.tmdb.org/t/p/original/gCVOQzV7Z556WnJFNeX7y8BFhyW.jpg,page_160.json,ok,
628707,Trick,Thriller,images/628707_Trick_Thriller.jpg,https://image.tmdb.org/t/p/original/vxo4qqrhz61SnAUtlHIbYPzZoBU.jpg,page_160.json,ok,
76815,Barely Legal,Comedy,images/76815_Barely_Legal_Comedy.jpg,https://image.tmdb.org/t/p/original/5x2xQFjhsWCCvQg7gks7YffZesV.jpg,page_160.json,ok,
296098,Bridge of Spies,Thriller,images/296098_Bridge_of_Spies_Thriller.jpg,https://image.tmdb.org/t/p/original/fmOOjHAQzxr0c1sfcY4qkiSRBH6.jpg,page_160.json,ok,
850018,Windfall,Thriller,images/850018_Windfall_Thriller.jpg,https://image.tmdb.org/t/p/original/njBc0nNdl9QbsfMwyRqJkmW4NQO.jpg,page_160.json,ok,
13337,Broken English,Comedy,images/13337_Broken_English_Comedy.jpg,https://image.tmdb.org/t/p/original/7xxZH98y9kIesh5OpFauu7GXKBh.jpg,page_161.json,ok,
55567,Standing Ovation,Comedy,images/55567_Standing_Ovation_Comedy.jpg,https://image.tmdb.org/t/p/original/tPd7dnvIgzkvM8XLyC4mQCq21T1.jpg,page_161.json,ok,
49990,Outlanders,Thriller,images/49990_Outlanders_Thriller.jpg,https://image.tmdb.org/t/p/original/twVFwMLE2cbTp8bqZm92LmyX22P.jpg,page_161.json,ok,
1597,Meet the Parents,Comedy,images/1597_Meet_the_Parents_Comedy.jpg,https://image.tmdb.org/t/p/original/5tXJ9ctuyEOMUFLaeqRisbXowWs.jpg,page_161.json,ok,
14926,Uptown Girls,Comedy,images/14926_Uptown_Girls_Comedy.jpg,https://image.tmdb.org/t/p/original/dDdrQZFp81Jus9CgCzfWmmarehe.jpg,page_161.json,ok,
1066982,Gobble Gobble,Thriller,images/1066982_Gobble_Gobble_Thriller.jpg,https://image.tmdb.org/t/p/original/fmKt9CNspmVDvb3DXmD5SPfPgx8.jpg,page_161.json,ok,
888195,Hot Seat,Thriller,images/888195_Hot_Seat_Thriller.jpg,https://image.tmdb.org/t/p/original/6zoA2yEfKs8hNFlk4AV28VpoT3I.jpg,page_161.json,ok,
1522191,FaceTape,Thriller,images/1522191_FaceTape_Thriller.jpg,https://image.tmdb.org/t/p/original/1cm1RfpWL61M1rKwg2ksgC8bIvW.jpg,page_162.json,ok,
628917,An American Pickle,Comedy,images/628917_An_American_Pickle_Comedy.jpg,https://image.tmdb.org/t/p/original/8ziUp2q71vCmMgYY2MRCwI3mSs5.jpg,page_161.json,ok,
105965,Beverly Hills Chihuahua 3: Viva la Fiesta!,Comedy,images/105965_Beverly_Hills_Chihuahua_3_Viva_la_Fiesta_Comedy.jpg,https://image.tmdb.org/t/p/original/fK3U8xulldz6lhMDuz3LFB7ngWH.jpg,page_161.json,ok,
64449,Elopement,Thriller,images/64449_Elopement_Thriller.jpg,https://image.tmdb.org/t/p/original/fPfAEbGZv0a00udaDGOgGRAcomI.jpg,page_162.json,ok,
9029,What Happens in Vegas,Comedy,images/9029_What_Happens_in_Vegas_Comedy.jpg,https://image.tmdb.org/t/p/original/n7bQ7Lj6UhArgnx49wmkaTxM4iU.jpg,page_161.json,ok,
8390,"Definitely, Maybe",Comedy,images/8390_Definitely_Maybe_Comedy.jpg,https://image.tmdb.org/t/p/original/4FuN9nBJ7ttO4BUopJCpT6B0yhH.jpg,page_162.json,ok,
505814,Burning Inside,Thriller,images/505814_Burning_Inside_Thriller.jpg,https://image.tmdb.org/t/p/original/iA2D1gdlTWrbTTPOQRcIi4CJzOS.jpg,page_161.json,ok,
529193,The Harbinger,Thriller,images/529193_The_Harbinger_Thriller.jpg,https://image.tmdb.org/t/p/original/e7qlOysRTnpNKi3aWdTrzF2BrbV.jpg,page_162.json,ok,
19094,Sordid Lives,Comedy,images/19094_Sordid_Lives_Comedy.jpg,https://image.tmdb.org/t/p/original/ye41wOhpEeRjBiFV74BHrrCbwa8.jpg,page_162.json,ok,
1088069,The Bystanders,Comedy,images/1088069_The_Bystanders_Comedy.jpg,https://image.tmdb.org/t/p/original/9N46CCfZxWu1yKEAScrnnfR83QP.jpg,page_161.json,ok,
325346,The Hollars,Comedy,images/325346_The_Hollars_Comedy.jpg,https://image.tmdb.org/t/p/original/9ybRAn6AoSuyMjfqbhgosdye2R5.jpg,page_162.json,ok,
10471,Next Friday,Comedy,images/10471_Next_Friday_Comedy.jpg,https://image.tmdb.org/t/p/original/dP4fYCGQZzg17ta7FvLwJVCwwt9.jpg,page_162.json,ok,
879468,Twelve,Comedy,images/879468_Twelve_Comedy.jpg,https://image.tmdb.org/t/p/original/odraMj4TFTVDvrzhGdXgz5vY17m.jpg,page_162.json,ok,
300902,Deadly Revisions,Thriller,images/300902_Deadly_Revisions_Thriller.jpg,https://image.tmdb.org/t/p/original/z0B2KDztMAof4GyqegTJKH2aBfO.jpg,page_162.json,ok,
1066272,Puppet Shark,Comedy,images/1066272_Puppet_Shark_Comedy.jpg,https://image.tmdb.org/t/p/original/yHIdF2zB9VVLGhAunAoS3xcWABW.jpg,page_162.json,ok,
10030,Good Luck Chuck,Comedy,images/10030_Good_Luck_Chuck_Comedy.jpg,https://image.tmdb.org/t/p/original/b2VgUoXR9iAtAf8nA0mvdTr7cOt.jpg,page_163.json,ok,
55922,White Coats,Comedy,images/55922_White_Coats_Comedy.jpg,https://image.tmdb.org/t/p/original/a6YQiS6nseTBsENp93r6mbfjSvc.jpg,page_163.json,ok,
445954,Acts of Vengeance,Thriller,images/445954_Acts_of_Vengeance_Thriller.jpg,https://image.tmdb.org/t/p/original/8dzAMMqEubPItk8EXrUXe0wyuzn.jpg,page_162.json,ok,
773,Little Miss Sunshine,Comedy,images/773_Little_Miss_Sunshine_Comedy.jpg,https://image.tmdb.org/t/p/original/wKn7AJw730emlmzLSmJtzquwaeW.jpg,page_163.json,ok,
833208,Ruby,Comedy,images/833208_Ruby_Comedy.jpg,https://image.tmdb.org/t/p/original/hot08NMfMW1Kgui1YfDWP08nHVT.jpg,page_163.json,ok,
63574,Joyful Noise,Comedy,images/63574_Joyful_Noise_Comedy.jpg,https://image.tmdb.org/t/p/original/pIgrIGFMZ7CslGPCWI7JHV3R96H.jpg,page_163.json,ok,
6557,27 Dresses,Comedy,images/6557_27_Dresses_Comedy.jpg,https://image.tmdb.org/t/p/original/rEfourJfgEyKiewwH8ZkUYt9AqE.jpg,page_163.json,ok,
49950,The Roommate,Thriller,images/49950_The_Roommate_Thriller.jpg,https://image.tmdb.org/t/p/original/kQZcOn5rDuwpbQTluC4Wm0amYmR.jpg,page_163.json,ok,
20794,Novocaine,Comedy,images/20794_Novocaine_Comedy.jpg,https://image.tmdb.org/t/p/original/6ZVFepWKzYho4DLhyFVuRk7klZ1.jpg,page_163.json,ok,
715370,Burial,Thriller,images/715370_Burial_Thriller.jpg,https://image.tmdb.org/t/p/original/c4D22vnat4DUm9a9TFPZ0abDEsc.jpg,page_163.json,ok,
1056360,American Fiction,Comedy,images/1056360_American_Fiction_Comedy.jpg,https://image.tmdb.org/t/p/original/57MFWGHarg9jid7yfDTka4RmcMU.jpg,page_163.json,ok,
1094605,The Duel,Comedy,images/1094605_The_Duel_Comedy.jpg,https://image.tmdb.org/t/p/original/dwh0Z4sxzItQpNVoPeevQqqNTqL.jpg,page_163.json,ok,
270771,The Last Survivors,Thriller,images/270771_The_Last_Survivors_Thriller.jpg,https://image.tmdb.org/t/p/original/1ssq3vz2fgHR2xTPDKxPJMcEvIs.jpg,page_163.json,ok,
515115,Absence,Thriller,images/515115_Absence_Thriller.jpg,https://image.tmdb.org/t/p/original/pq5qHnWPGqn16xHxD9B9WiJ2Gdc.jpg,page_164.json,ok,
339170,Animalistic,Thriller,images/339170_Animalistic_Thriller.jpg,https://image.tmdb.org/t/p/original/2DMTBEoVL71YB9CNNYRdjmsw7bk.jpg,page_163.json,ok,
777620,Caged,Thriller,images/777620_Caged_Thriller.jpg,https://image.tmdb.org/t/p/original/8NUM43rtQSt0chumXGJPvnYb01I.jpg,page_164.json,ok,
804150,Cocaine Bear,Thriller,images/804150_Cocaine_Bear_Thriller.jpg,https://image.tmdb.org/t/p/original/gOnmaxHo0412UVr1QM5Nekv1xPi.jpg,page_164.json,ok,
1168443,The Admirer,Thriller,images/1168443_The_Admirer_Thriller.jpg,https://image.tmdb.org/t/p/original/q7EunPWIbki4L11VNYpdk9sjFXu.jpg,page_163.json,ok,
366923,Palisade,Comedy,images/366923_Palisade_Comedy.jpg,https://image.tmdb.org/t/p/original/hjCZqBtDsjaV8igzBPQ9Ur0OXcD.jpg,page_164.json,ok,
7839,Wedding Daze,Comedy,images/7839_Wedding_Daze_Comedy.jpg,https://image.tmdb.org/t/p/original/pDqYrYciP76wfzmAqB8SLO5j6f.jpg,page_164.json,ok,
977262,Ezra,Comedy,images/977262_Ezra_Comedy.jpg,https://image.tmdb.org/t/p/original/uXSajviZLZhYUSNL41y1PJ9RisB.jpg,page_164.json,ok,
489162,Denmark,Comedy,images/489162_Denmark_Comedy.jpg,https://image.tmdb.org/t/p/original/qeaxgyhHs6OfXO9em7xa0RUAuGp.jpg,page_164.json,ok,
534481,Silent Cry,Thriller,images/534481_Silent_Cry_Thriller.jpg,https://image.tmdb.org/t/p/original/8JW8hZHg53VIdX0FLFRabrIqVMR.jpg,page_164.json,ok,
376004,Adulterers,Thriller,images/376004_Adulterers_Thriller.jpg,https://image.tmdb.org/t/p/original/pJLmZBruOmn2c9mYWe3h1xcXaA0.jpg,page_164.json,ok,
521777,Good Boys,Comedy,images/521777_Good_Boys_Comedy.jpg,https://image.tmdb.org/t/p/original/tximyCXMEnWIIyOy9STkOduUprG.jpg,page_164.json,ok,
59353,Bitter/Sweet,Comedy,images/59353_BitterSweet_Comedy.jpg,https://image.tmdb.org/t/p/original/ftQp6roPbfgRmnqpEMGjCyESjH8.jpg,page_164.json,ok,
874228,Christmas Sail,Comedy,images/874228_Christmas_Sail_Comedy.jpg,https://image.tmdb.org/t/p/original/l1hEbHfFI4UCW3X5MBtommRcOcQ.jpg,page_165.json,ok,
434873,It Stains the Sands Red,Comedy,images/434873_It_Stains_the_Sands_Red_Comedy.jpg,https://image.tmdb.org/t/p/original/rBCjDBa2Dau9WqEslCpdJni394M.jpg,page_165.json,ok,
865371,Nightride,Thriller,images/865371_Nightride_Thriller.jpg,https://image.tmdb.org/t/p/original/w8WILe0aNn4QhiNQA0hIFltuti9.jpg,page_165.json,ok,
717676,Tulsa,Comedy,images/717676_Tulsa_Comedy.jpg,https://image.tmdb.org/t/p/original/bCGcTlYllZZjNyxVUw0U6ndq2rs.jpg,page_165.json,ok,
735981,Karen,Thriller,images/735981_Karen_Thriller.jpg,https://image.tmdb.org/t/p/original/a8J5xyJIPiNG2FGQVMt4IHHaY9M.jpg,page_165.json,ok,
118397,Identical,Thriller,images/118397_Identical_Thriller.jpg,https://image.tmdb.org/t/p/original/eTm5YCS4ewxWvPDibCMec0m0TRc.jpg,page_165.json,ok,
74018,A Cinderella Story: Once Upon a Song,Comedy,images/74018_A_Cinderella_Story_Once_Upon_a_Song_Comedy.jpg,https://image.tmdb.org/t/p/original/awuuwPA8Hy9c5EH04xwkEXOSYiL.jpg,page_165.json,ok,
860854,Bromates,Comedy,images/860854_Bromates_Comedy.jpg,https://image.tmdb.org/t/p/original/eLOUXzd5C7r04rov55maE6e9yrX.jpg,page_165.json,ok,
7288,Duplex,Comedy,images/7288_Duplex_Comedy.jpg,https://image.tmdb.org/t/p/original/rGw6I9TsgRIaBHa5JMg6MpARxjw.jpg,page_166.json,ok,
405940,Ovation,Comedy,images/405940_Ovation_Comedy.jpg,https://image.tmdb.org/t/p/original/3CNDlT46bJOiczPNtHydmtl9Zqr.jpg,page_166.json,ok,
336288,American Backwoods: Slew Hampshire,Comedy,images/336288_American_Backwoods_Slew_Hampshire_Comedy.jpg,https://image.tmdb.org/t/p/original/bWLJsGMYCkVyawYCECrQ9N5LbNN.jpg,page_166.json,ok,
17532,S. Darko,Thriller,images/17532_S._Darko_Thriller.jpg,https://image.tmdb.org/t/p/original/djuhoG2GizTa9SLi2LBuCPAt6N7.jpg,page_166.json,ok,
10878,Saving Silverman,Comedy,images/10878_Saving_Silverman_Comedy.jpg,https://image.tmdb.org/t/p/original/w6eEJXYECpJnCNqDu4qDCLHvONe.jpg,page_166.json,ok,
242095,The Signal,Thriller,images/242095_The_Signal_Thriller.jpg,https://image.tmdb.org/t/p/original/r5v3gzfxtnO9bKebs5Ujee6LLP1.jpg,page_166.json,ok,
700179,Deadly Mile High Club,Thriller,images/700179_Deadly_Mile_High_Club_Thriller.jpg,https://image.tmdb.org/t/p/original/2EGSEARmesYfq54awvgjbGOWbSk.jpg,page_166.json,ok,
966822,Unit 234,Thriller,images/966822_Unit_234_Thriller.jpg,https://image.tmdb.org/t/p/original/8uolIihwip3a0OtQ5gLhjSh8URA.jpg,page_166.json,ok,
9957,The Benchwarmers,Comedy,images/9957_The_Benchwarmers_Comedy.jpg,https://image.tmdb.org/t/p/original/5yMPCr4qhuNg6fT538xicHaMaG7.jpg,page_166.json,ok,
1546709,Fatal Detour,Thriller,images/1546709_Fatal_Detour_Thriller.jpg,https://image.tmdb.org/t/p/original/hhznz6mb1JAT83S0aijchuD5B1V.jpg,page_166.json,ok,
817451,Endangered Species,Thriller,images/817451_Endangered_Species_Thriller.jpg,https://image.tmdb.org/t/p/original/ccsSqbpEqr2KK9eMvoeF8ERFCd5.jpg,page_167.json,ok,
575405,Deadly Switch,Thriller,images/575405_Deadly_Switch_Thriller.jpg,https://image.tmdb.org/t/p/original/fbXSwl0bJ7Wh5FLUUJWDnlJqH3m.jpg,page_167.json,ok,
190955,Blood Ties,Thriller,images/190955_Blood_Ties_Thriller.jpg,https://image.tmdb.org/t/p/original/7tMuywiZUoaAihEIkCu3BAL1xPC.jpg,page_167.json,ok,
14912,18 Year Old Virgin,Comedy,images/14912_18_Year_Old_Virgin_Comedy.jpg,https://image.tmdb.org/t/p/original/xWMNDjRSKAzrQM9FBBdJoSX8DFG.jpg,page_167.json,ok,
1291626,Dragonfly,Thriller,images/1291626_Dragonfly_Thriller.jpg,https://image.tmdb.org/t/p/original/sSs5l9p3BkK8fe7u6dCfQgs7puq.jpg,page_167.json,ok,
34583,The Final,Thriller,images/34583_The_Final_Thriller.jpg,https://image.tmdb.org/t/p/original/ff7UI8q51sOArKafaaAOQnnfpne.jpg,page_167.json,ok,
11565,Big Momma's House 2,Comedy,images/11565_Big_Mommas_House_2_Comedy.jpg,https://image.tmdb.org/t/p/original/wlbov6pkgySqYZilZcO54f29Dg1.jpg,page_167.json,ok,
96378,Stag,Comedy,images/96378_Stag_Comedy.jpg,https://image.tmdb.org/t/p/original/3c7TqM3EkBLZzXdNJMEN1eiFaOj.jpg,page_167.json,ok,
8952,I Love You Phillip Morris,Comedy,images/8952_I_Love_You_Phillip_Morris_Comedy.jpg,https://image.tmdb.org/t/p/original/qtAuWLGQ7N4PNQ6boZeqqoUY2l9.jpg,page_167.json,ok,
9801,Bridget Jones: The Edge of Reason,Comedy,images/9801_Bridget_Jones_The_Edge_of_Reason_Comedy.jpg,https://image.tmdb.org/t/p/original/zDthRXkGnwFIWI0zWcJyS7h6lUl.jpg,page_168.json,ok,
981237,Preexisting Conditions,Comedy,images/981237_Preexisting_Conditions_Comedy.jpg,https://image.tmdb.org/t/p/original/pQCuxYAtfgMf66DqVoc1sKECCSE.jpg,page_167.json,ok,
1262815,The Choral,Comedy,images/1262815_The_Choral_Comedy.jpg,https://image.tmdb.org/t/p/original/bw7KPUX4RVk8wuMtPvKHcwXR3bE.jpg,page_167.json,ok,
2069,The Whole Nine Yards,Comedy,images/2069_The_Whole_Nine_Yards_Comedy.jpg,https://image.tmdb.org/t/p/original/rDV7ntPLY0ZDBT722Odsi80nFrn.jpg,page_168.json,ok,
544294,Incredible Violence,Comedy,images/544294_Incredible_Violence_Comedy.jpg,https://image.tmdb.org/t/p/original/6OwA9Ewu9yYPbJYZYObthXEj6WE.jpg,page_168.json,ok,
10735,What a Girl Wants,Comedy,images/10735_What_a_Girl_Wants_Comedy.jpg,https://image.tmdb.org/t/p/original/gGpMruX59KWNuAXgHpiAm8hiChw.jpg,page_168.json,ok,
325133,Neighbors 2: Sorority Rising,Comedy,images/325133_Neighbors_2_Sorority_Rising_Comedy.jpg,https://image.tmdb.org/t/p/original/eyjcLLwxuRXACbglIbwWwaXK9DN.jpg,page_168.json,ok,
310707,The Dooms Chapel Horror,Thriller,images/310707_The_Dooms_Chapel_Horror_Thriller.jpg,https://image.tmdb.org/t/p/original/AhuJwVR4LDypspLlYs2RUXE85VV.jpg,page_168.json,ok,
11908,Hatchet,Comedy,images/11908_Hatchet_Comedy.jpg,https://image.tmdb.org/t/p/original/lkh3Fwruds78feXfP1Zb9kBLydL.jpg,page_168.json,ok,
598577,Disappearance at Clifton Hill,Thriller,images/598577_Disappearance_at_Clifton_Hill_Thriller.jpg,https://image.tmdb.org/t/p/original/8qBNpBrNrOBC0sSmB1xg3vpI9WY.jpg,page_168.json,ok,
248774,Obvious Child,Comedy,images/248774_Obvious_Child_Comedy.jpg,https://image.tmdb.org/t/p/original/vAVuQuboHiqc6ClsFeWQXBHJkOX.jpg,page_168.json,ok,
9038,The Heartbreak Kid,Comedy,images/9038_The_Heartbreak_Kid_Comedy.jpg,https://image.tmdb.org/t/p/original/bVWM0L3DqFpNE3Yt49WjAgTQUc0.jpg,page_169.json,ok,
546228,Killer Night Shift,Thriller,images/546228_Killer_Night_Shift_Thriller.jpg,https://image.tmdb.org/t/p/original/hkcMlbheyOy6sNlIiglTGX6nvoS.jpg,page_169.json,ok,
109091,The Counselor,Thriller,images/109091_The_Counselor_Thriller.jpg,https://image.tmdb.org/t/p/original/aNiLkGnzVb5CorZHKk16w9S4COt.jpg,page_169.json,ok,
626975,Our Ladies,Comedy,images/626975_Our_Ladies_Comedy.jpg,https://image.tmdb.org/t/p/original/oYCJrihcGexpdyTHwnJ57LrrOSH.jpg,page_169.json,ok,
772272,Tall Girl 2,Comedy,images/772272_Tall_Girl_2_Comedy.jpg,https://image.tmdb.org/t/p/original/eyKkLdst2vFRjCC89C3NqGCLpNE.jpg,page_169.json,ok,
491418,Instant Family,Comedy,images/491418_Instant_Family_Comedy.jpg,https://image.tmdb.org/t/p/original/xYV1mODz99w7AjKDSQ7h2mzZhVe.jpg,page_169.json,ok,
686827,Still Wylde,Comedy,images/686827_Still_Wylde_Comedy.jpg,https://image.tmdb.org/t/p/original/can5C0Y8BLRHQgf1HyCJnvvsykg.jpg,page_169.json,ok,
688884,Ultimate World,Comedy,images/688884_Ultimate_World_Comedy.jpg,https://image.tmdb.org/t/p/original/tOkckxi5Umq32dSquDC7BEDSu02.jpg,page_169.json,ok,
366910,Slow Creep,Comedy,images/366910_Slow_Creep_Comedy.jpg,https://image.tmdb.org/t/p/original/zh9yyD5n3fqQDpZFCK4RUvUE1VA.jpg,page_169.json,ok,
1530127,Lookout,Thriller,images/1530127_Lookout_Thriller.jpg,https://image.tmdb.org/t/p/original/puQMWEXZ9wpqwniz9ac3MTAe6BB.jpg,page_169.json,ok,
72105,Ted,Comedy,images/72105_Ted_Comedy.jpg,https://image.tmdb.org/t/p/original/tZPTcdGTpxq4yJx1YxqBl0gthNz.jpg,page_17.json,ok,
546554,Knives Out,Comedy,images/546554_Knives_Out_Comedy.jpg,https://image.tmdb.org/t/p/original/pThyQovXQrw2m0s9x82twj48Jq4.jpg,page_17.json,ok,
937278,A Man Called Otto,Comedy,images/937278_A_Man_Called_Otto_Comedy.jpg,https://image.tmdb.org/t/p/original/130H1gap9lFfiTF9iDrqNIkFvC9.jpg,page_17.json,ok,
1242434,Highest 2 Lowest,Thriller,images/1242434_Highest_2_Lowest_Thriller.jpg,https://image.tmdb.org/t/p/original/RFQtinuiHhOnbmJaCn3uzegCYF.jpg,page_17.json,ok,
1114967,Good Fortune,Comedy,images/1114967_Good_Fortune_Comedy.jpg,https://image.tmdb.org/t/p/original/r83HIGA0mUiy7I9qVr17pF7SCDP.jpg,page_17.json,ok,
74387,Goon,Comedy,images/74387_Goon_Comedy.jpg,https://image.tmdb.org/t/p/original/xLmZCfJici1SdT6zmhDtGVWsXXi.jpg,page_170.json,ok,
387889,Buddymoon,Comedy,images/387889_Buddymoon_Comedy.jpg,https://image.tmdb.org/t/p/original/eP8CNI8U2PlHLN72IEi7KqzP4MA.jpg,page_170.json,ok,
135708,Nature Calls,Comedy,images/135708_Nature_Calls_Comedy.jpg,https://image.tmdb.org/t/p/original/xq20qo5gj5eMnDY0bdZDktrLyrl.jpg,page_170.json,ok,
23367,Bandslam,Comedy,images/23367_Bandslam_Comedy.jpg,https://image.tmdb.org/t/p/original/z654TmQygFasbyi52vwHv8fWxoi.jpg,page_170.json,ok,
1209276,Bank Alert,Comedy,images/1209276_Bank_Alert_Comedy.jpg,https://image.tmdb.org/t/p/original/ujAQjt6dZbxOf3QhWSyaqxR5e82.jpg,page_171.json,ok,
997058,Thrust!,Thriller,images/997058_Thrust_Thriller.jpg,https://image.tmdb.org/t/p/original/cLjdm4dNwFTQ1jmdFPWKbTHDOGv.jpg,page_170.json,ok,
13827,"Surfer, Dude",Comedy,images/13827_Surfer_Dude_Comedy.jpg,https://image.tmdb.org/t/p/original/948AdP72iLQUjWvKp9r8981PT28.jpg,page_170.json,ok,
38138,A Fork in the Road,Comedy,images/38138_A_Fork_in_the_Road_Comedy.jpg,https://image.tmdb.org/t/p/original/yMFaFp4SswmBAN2HGBNLxryNWzc.jpg,page_171.json,ok,
433021,Scumbag,Comedy,images/433021_Scumbag_Comedy.jpg,https://image.tmdb.org/t/p/original/6wHgaHcPLdwcz8xh3Ne1dZGEXAg.jpg,page_171.json,ok,
253532,Sole Custody,Thriller,images/253532_Sole_Custody_Thriller.jpg,https://image.tmdb.org/t/p/original/uJpliVYNK46eKum0856GH6uLEEb.jpg,page_171.json,ok,
10393,The Replacements,Comedy,images/10393_The_Replacements_Comedy.jpg,https://image.tmdb.org/t/p/original/6qerI41HqkdRlio1sG0d5HLZcFN.jpg,page_171.json,ok,
554641,Marriage Material,Comedy,images/554641_Marriage_Material_Comedy.jpg,https://image.tmdb.org/t/p/original/jN2ZayHgqAuvwONRRLVxznP2Mft.jpg,page_171.json,ok,
605474,The Egg,Comedy,images/605474_The_Egg_Comedy.jpg,https://image.tmdb.org/t/p/original/m50QTmale3VcM3doJ3sEMdJSr3N.jpg,page_170.json,ok,
68727,Trance,Thriller,images/68727_Trance_Thriller.jpg,https://image.tmdb.org/t/p/original/3MVYuyVknNA9yC0Gy6z3zDAiWfX.jpg,page_171.json,ok,
476046,Birthmarked,Comedy,images/476046_Birthmarked_Comedy.jpg,https://image.tmdb.org/t/p/original/1OYW8gHVkZYmQs2pJ2sWj4pNSf7.jpg,page_171.json,ok,
84348,V/H/S,Thriller,images/84348_VHS_Thriller.jpg,https://image.tmdb.org/t/p/original/xVGfCaTwVdZt3lFqtOVhTDqmG58.jpg,page_171.json,ok,
540922,Heels,Comedy,images/540922_Heels_Comedy.jpg,https://image.tmdb.org/t/p/original/p2C83gIYIlicouH31YhLOf8IEy1.jpg,page_171.json,ok,
1126475,Arthur's Whisky,Comedy,images/1126475_Arthurs_Whisky_Comedy.jpg,https://image.tmdb.org/t/p/original/aLInRxGU9kp1o2djoS2xK75Ilmk.jpg,page_172.json,ok,
651610,Pixie,Comedy,images/651610_Pixie_Comedy.jpg,https://image.tmdb.org/t/p/original/zvQpvZneVLM3dssUyqYvnQsHovk.jpg,page_172.json,ok,
1215918,Blackwater Lane,Thriller,images/1215918_Blackwater_Lane_Thriller.jpg,https://image.tmdb.org/t/p/original/5ut7D7v9ZKlmlEiOZpdLKfZ0P9g.jpg,page_172.json,ok,
30641,Grizzly Rage,Thriller,images/30641_Grizzly_Rage_Thriller.jpg,https://image.tmdb.org/t/p/original/cILatTixNGrWtqh7odw8Kn8coYn.jpg,page_172.json,ok,
1050266,Who Killed Santa? A Murderville Murder Mystery,Comedy,images/1050266_Who_Killed_Santa_A_Murderville_Murder_Mystery_Comedy.jpg,https://image.tmdb.org/t/p/original/ycy6Ks6Ort2k3A8VQKgEsJkJbp8.jpg,page_172.json,ok,
11451,Herbie Fully Loaded,Comedy,images/11451_Herbie_Fully_Loaded_Comedy.jpg,https://image.tmdb.org/t/p/original/7lTfTZ8CDfXw09eAv3OOvsbCVgs.jpg,page_172.json,ok,
13991,College,Comedy,images/13991_College_Comedy.jpg,https://image.tmdb.org/t/p/original/e963mXIiuSwVyklsJxJ68mQ4CE.jpg,page_172.json,ok,
50698,Grave Encounters,Thriller,images/50698_Grave_Encounters_Thriller.jpg,https://image.tmdb.org/t/p/original/8vnsB3Rg9Gb91UOaecXRb7dYB37.jpg,page_173.json,ok,
814340,Cha Cha Real Smooth,Comedy,images/814340_Cha_Cha_Real_Smooth_Comedy.jpg,https://image.tmdb.org/t/p/original/iUvoVhvwTlP8DofoqeIu7QAGLAe.jpg,page_173.json,ok,
50204,Burke & Hare,Comedy,images/50204_Burke__Hare_Comedy.jpg,https://image.tmdb.org/t/p/original/3VY3gKHPc9dRq8FshSXWbXtgD9B.jpg,page_173.json,ok,
321757,Punching Henry,Comedy,images/321757_Punching_Henry_Comedy.jpg,https://image.tmdb.org/t/p/original/jMdJhJpfVbGTG6ClecTQZWS68Us.jpg,page_173.json,ok,
664300,Shiva Baby,Comedy,images/664300_Shiva_Baby_Comedy.jpg,https://image.tmdb.org/t/p/original/4sdqVsT6SHqtbCYZS7bhVoEftlL.jpg,page_173.json,ok,
9641,Cheaper by the Dozen 2,Comedy,images/9641_Cheaper_by_the_Dozen_2_Comedy.jpg,https://image.tmdb.org/t/p/original/wD68dEtcKuboxd8bhbqiTTxn6cX.jpg,page_173.json,ok,
967252,Troy,Comedy,images/967252_Troy_Comedy.jpg,https://image.tmdb.org/t/p/original/8eQ8UamXVJa3vFlaf176Pi5aaFe.jpg,page_173.json,ok,
71880,Jack and Jill,Comedy,images/71880_Jack_and_Jill_Comedy.jpg,https://image.tmdb.org/t/p/original/kFeAxmZvu0TE4iuLRHQD6Cej8Wf.jpg,page_173.json,ok,
381518,Mindhorn,Comedy,images/381518_Mindhorn_Comedy.jpg,https://image.tmdb.org/t/p/original/1cg6oZo7C7iqYTZgbfOvscAFiP2.jpg,page_174.json,ok,
532838,Deep Murder,Comedy,images/532838_Deep_Murder_Comedy.jpg,https://image.tmdb.org/t/p/original/7pMvAVA0bXLaJvpk9XeszXL3Hgk.jpg,page_174.json,ok,
23000,Bridal Fever,Comedy,images/23000_Bridal_Fever_Comedy.jpg,https://image.tmdb.org/t/p/original/fhpQGPZTipBX6rysxkkqPgyvqlt.jpg,page_174.json,ok,
735353,Pastor Shirley,Comedy,images/735353_Pastor_Shirley_Comedy.jpg,https://image.tmdb.org/t/p/original/nbhaSrvu2n2irb1J8JnpdSTbR5p.jpg,page_174.json,ok,
13680,The Game Plan,Comedy,images/13680_The_Game_Plan_Comedy.jpg,https://image.tmdb.org/t/p/original/fcLFvIqCUrhY96mkSmr3okxaMEw.jpg,page_174.json,ok,
10521,Bride Wars,Comedy,images/10521_Bride_Wars_Comedy.jpg,https://image.tmdb.org/t/p/original/eyXT8tmUoyHrg7YX1UVjmecHCWP.jpg,page_174.json,ok,
347657,Rosehill,Comedy,images/347657_Rosehill_Comedy.jpg,https://image.tmdb.org/t/p/original/2WpWXad8TTntPdJe1qB5hhIGTvf.jpg,page_174.json,ok,
14844,Chasing Liberty,Comedy,images/14844_Chasing_Liberty_Comedy.jpg,https://image.tmdb.org/t/p/original/aGh5zpJSuxcx4lzFFbZ2QyY8wQP.jpg,page_174.json,ok,
629015,Shut In,Thriller,images/629015_Shut_In_Thriller.jpg,https://image.tmdb.org/t/p/original/b5ug4LyLQFeR6azAJyIPBQz5ur9.jpg,page_174.json,ok,
111170,Rubberneck,Thriller,images/111170_Rubberneck_Thriller.jpg,https://image.tmdb.org/t/p/original/aKfIBaEFyAQGk9Fyqpw78cGEUQ2.jpg,page_175.json,ok,
32753,Surf School,Comedy,images/32753_Surf_School_Comedy.jpg,https://image.tmdb.org/t/p/original/yVaIiTUWo9ILZToJ6VPldYcnMGX.jpg,page_175.json,ok,
146955,Border Run,Thriller,images/146955_Border_Run_Thriller.jpg,https://image.tmdb.org/t/p/original/anA1Musyha2EmgiW9m4FXOFMX3d.jpg,page_174.json,ok,
1178928,Tempo,Comedy,images/1178928_Tempo_Comedy.jpg,https://image.tmdb.org/t/p/original/kXjKU9FgBhIOagoZNN41b5u0vrJ.jpg,page_174.json,ok,
73646,I Accuse,Thriller,images/73646_I_Accuse_Thriller.jpg,https://image.tmdb.org/t/p/original/mGZPrMGSnoRJd8arXaSHJgLUQpb.jpg,page_175.json,ok,
1037113,Snack Shack,Comedy,images/1037113_Snack_Shack_Comedy.jpg,https://image.tmdb.org/t/p/original/wCXd5tpUSc12LVPd2oN9OKU1EVQ.jpg,page_175.json,ok,
91349,Mangus!,Comedy,images/91349_Mangus_Comedy.jpg,https://image.tmdb.org/t/p/original/df4Rw7opwmAoicD01vZscOh581W.jpg,page_175.json,ok,
848791,The Stranger,Thriller,images/848791_The_Stranger_Thriller.jpg,https://image.tmdb.org/t/p/original/ydbm5Ad1nyZq7eywWsw82Wxdsgg.jpg,page_175.json,ok,
1360839,Enchanting Christmas,Comedy,images/1360839_Enchanting_Christmas_Comedy.jpg,https://image.tmdb.org/t/p/original/8QwDRKqSPlmov4BRG5ZvqCtlqPF.jpg,page_175.json,ok,
735902,Graceland,Comedy,images/735902_Graceland_Comedy.jpg,https://image.tmdb.org/t/p/original/AaqcaRpB7tUzzIl3mR9oBmQyWZD.jpg,page_175.json,ok,
365768,Predatory Lender,Comedy,images/365768_Predatory_Lender_Comedy.jpg,https://image.tmdb.org/t/p/original/vbN3a5MRIFyLT1YgPAuvnx4OhJ3.jpg,page_175.json,ok,
454874,Uploaded,Thriller,images/454874_Uploaded_Thriller.jpg,https://image.tmdb.org/t/p/original/isItEmutSsElYfyxFdH9jnzd3Z6.jpg,page_175.json,ok,
1031702,KillHer,Thriller,images/1031702_KillHer_Thriller.jpg,https://image.tmdb.org/t/p/original/4GCOIfYkjWvKqp4NjJE0xt6tDJw.jpg,page_175.json,ok,
15676,Nobel Son,Comedy,images/15676_Nobel_Son_Comedy.jpg,https://image.tmdb.org/t/p/original/9fA6M3zAnS09x1hUth4AviCMWFZ.jpg,page_176.json,ok,
638045,The Toll,Thriller,images/638045_The_Toll_Thriller.jpg,https://image.tmdb.org/t/p/original/q6vV6sSWz9cytmc8L9IEBjjyFmV.jpg,page_176.json,ok,
37209,The Saddest Music in the World,Comedy,images/37209_The_Saddest_Music_in_the_World_Comedy.jpg,https://image.tmdb.org/t/p/original/7ATs79HpMv82hcPM3iv6kwugyDj.jpg,page_176.json,ok,
794602,Swan Song,Comedy,images/794602_Swan_Song_Comedy.jpg,https://image.tmdb.org/t/p/original/tf63pGGx3qdCj11xqJ8Ae3scTb.jpg,page_176.json,ok,
1248753,Amber Alert,Thriller,images/1248753_Amber_Alert_Thriller.jpg,https://image.tmdb.org/t/p/original/sI0WxsgVFE5RkPA7G6PznWRxBEW.jpg,page_176.json,ok,
81434,My Suicide,Comedy,images/81434_My_Suicide_Comedy.jpg,https://image.tmdb.org/t/p/original/xgLWcqUkmV0u9xUcFBF3vPqhrIx.jpg,page_176.json,ok,
329269,Above Suspicion,Thriller,images/329269_Above_Suspicion_Thriller.jpg,https://image.tmdb.org/t/p/original/n0mCGr51gRXHpy2RO5gdEBmhfLC.jpg,page_176.json,ok,
317560,Carrie Pilby,Comedy,images/317560_Carrie_Pilby_Comedy.jpg,https://image.tmdb.org/t/p/original/IHuNvCTOsSox1Gj4ykHImrC5EL.jpg,page_176.json,ok,
387398,All Yours,Comedy,images/387398_All_Yours_Comedy.jpg,https://image.tmdb.org/t/p/original/uJUxM5S1FTNvs65hFaBUid9BSq7.jpg,page_177.json,ok,
89739,Deceived,Thriller,images/89739_Deceived_Thriller.jpg,https://image.tmdb.org/t/p/original/xICrKtIr9za7DmHXqX9yqo7PTla.jpg,page_177.json,ok,
786193,"Goodbye, Butterfly",Thriller,images/786193_Goodbye_Butterfly_Thriller.jpg,https://image.tmdb.org/t/p/original/iT6vO2BeI15psH8LiLiBVI9nZAK.jpg,page_176.json,ok,
55465,A Very Harold & Kumar Christmas,Comedy,images/55465_A_Very_Harold__Kumar_Christmas_Comedy.jpg,https://image.tmdb.org/t/p/original/cncxLilRHKayn8VKhzjAMHkbN4f.jpg,page_177.json,ok,
976912,Graphic Desires,Thriller,images/976912_Graphic_Desires_Thriller.jpg,https://image.tmdb.org/t/p/original/3BjLdTWRiHc1ISIZMFvToOmghOM.jpg,page_177.json,ok,
800762,Sensation,Thriller,images/800762_Sensation_Thriller.jpg,https://image.tmdb.org/t/p/original/pRYvHo5VuBiUOueZT3nJOIlpWHB.jpg,page_177.json,ok,
718916,The Exchange,Comedy,images/718916_The_Exchange_Comedy.jpg,https://image.tmdb.org/t/p/original/9ZfEQu7tX8EhcFBFgAUBcXRSy6c.jpg,page_177.json,ok,
921246,Worzel Gummidge: Calliope Jane,Comedy,images/921246_Worzel_Gummidge_Calliope_Jane_Comedy.jpg,https://image.tmdb.org/t/p/original/6OOxLZCEQ8TER6QyVnxG1sd4UCR.jpg,page_177.json,ok,
194540,The Woman Is... A Tough Person,Comedy,images/194540_The_Woman_Is..._A_Tough_Person_Comedy.jpg,https://image.tmdb.org/t/p/original/t238LkbmqQQTWO1tWmtDGlgN151.jpg,page_177.json,ok,
44593,Perfect Opposites,Comedy,images/44593_Perfect_Opposites_Comedy.jpg,https://image.tmdb.org/t/p/original/f17YHPHWfY7JNWnp13mHWv6c2b5.jpg,page_177.json,ok,
144340,Admission,Comedy,images/144340_Admission_Comedy.jpg,https://image.tmdb.org/t/p/original/f3HoCikJxypRtLJptBwvs7L7etE.jpg,page_177.json,ok,
49522,Nativity!,Comedy,images/49522_Nativity_Comedy.jpg,https://image.tmdb.org/t/p/original/2APY35DdgOmQIJlVpnjI7Kanjyb.jpg,page_177.json,ok,
1360379,Twisted Sister,Thriller,images/1360379_Twisted_Sister_Thriller.jpg,https://image.tmdb.org/t/p/original/iXJah8A9yvBaLTRPEyEH0ocEpiI.jpg,page_173.json,ok,
419479,The Babysitter,Comedy,images/419479_The_Babysitter_Comedy.jpg,https://image.tmdb.org/t/p/original/uAzKNxGnbK5SL7VF7UeQyZdQLHV.jpg,page_178.json,ok,
9756,Half Light,Thriller,images/9756_Half_Light_Thriller.jpg,https://image.tmdb.org/t/p/original/c29RoGcznRr14a7fsBYbhJZAK2U.jpg,page_178.json,ok,
257091,Get Hard,Comedy,images/257091_Get_Hard_Comedy.jpg,https://image.tmdb.org/t/p/original/rJPbS2cYOYhDCjT5NmW1Fm6gFl3.jpg,page_178.json,ok,
40720,Twelve,Thriller,images/40720_Twelve_Thriller.jpg,https://image.tmdb.org/t/p/original/cGcoACE6AQQWekvHMr4TVd5KOpH.jpg,page_178.json,ok,
98357,Broken City,Thriller,images/98357_Broken_City_Thriller.jpg,https://image.tmdb.org/t/p/original/hqa5FwNZC55zqSpdeGFtBDqw55y.jpg,page_179.json,ok,
24446,Holiday in Handcuffs,Comedy,images/24446_Holiday_in_Handcuffs_Comedy.jpg,https://image.tmdb.org/t/p/original/cOHe3Otd2VUbvFlkuD3wKC0braB.jpg,page_178.json,ok,
1440394,Elijah the Prophet,Comedy,images/1440394_Elijah_the_Prophet_Comedy.jpg,https://image.tmdb.org/t/p/original/m3DM3xsAxS3hdE6Md8mMtePdVHS.jpg,page_178.json,ok,
499834,Strange Frequency²,Comedy,images/499834_Strange_Frequency_Comedy.jpg,https://image.tmdb.org/t/p/original/ghm7XxZfsqIia55W4VDoelU0ITz.jpg,page_179.json,ok,
1273221,Scary Movie,Comedy,images/1273221_Scary_Movie_Comedy.jpg,https://image.tmdb.org/t/p/original/8a1l2NgldyD1HME1sPYI3p8ASuJ.jpg,page_179.json,ok,
942576,Buried in Barstow,Thriller,images/942576_Buried_in_Barstow_Thriller.jpg,https://image.tmdb.org/t/p/original/jROLolTGKmAAeiPndRO0DpiUWNy.jpg,page_179.json,ok,
83666,Moonrise Kingdom,Comedy,images/83666_Moonrise_Kingdom_Comedy.jpg,https://image.tmdb.org/t/p/original/y4SXcbNl6CEF2t36icuzuBioj7K.jpg,page_179.json,ok,
621587,Next Goal Wins,Comedy,images/621587_Next_Goal_Wins_Comedy.jpg,https://image.tmdb.org/t/p/original/xTQCL1zGugIck8MgvJ2lXSrxENR.jpg,page_179.json,ok,
855262,Pinball: The Man Who Saved the Game,Comedy,images/855262_Pinball_The_Man_Who_Saved_the_Game_Comedy.jpg,https://image.tmdb.org/t/p/original/gjGphbx4ZDwAYYWImpY427KGw7B.jpg,page_18.json,ok,
801335,Girl in the Basement,Thriller,images/801335_Girl_in_the_Basement_Thriller.jpg,https://image.tmdb.org/t/p/original/tPP9n6r5QrIKPnshnJqE7klptj2.jpg,page_18.json,ok,
75656,Now You See Me,Thriller,images/75656_Now_You_See_Me_Thriller.jpg,https://image.tmdb.org/t/p/original/tWsNYbrqy1p1w6K9zRk0mSchztT.jpg,page_18.json,ok,
42171,The Infidel,Comedy,images/42171_The_Infidel_Comedy.jpg,https://image.tmdb.org/t/p/original/LxwGYJQUFcxzIFOVT4pmxCVjia.jpg,page_18.json,ok,
156022,The Equalizer,Thriller,images/156022_The_Equalizer_Thriller.jpg,https://image.tmdb.org/t/p/original/9u4yW7yPA0BQ2pv9XwiNzItwvp8.jpg,page_18.json,ok,
1204356,American Comedy,Comedy,images/1204356_American_Comedy_Comedy.jpg,https://image.tmdb.org/t/p/original/aiiZcbvPpWF84PXM1Y3pyU4u6o3.jpg,page_179.json,ok,
637649,Wrath of Man,Thriller,images/637649_Wrath_of_Man_Thriller.jpg,https://image.tmdb.org/t/p/original/M7SUK85sKjaStg4TKhlAVyGlz3.jpg,page_18.json,ok,
32830,Humble Pie,Comedy,images/32830_Humble_Pie_Comedy.jpg,https://image.tmdb.org/t/p/original/gq44rzrVZb1NqOryLSeV8S9nAPJ.jpg,page_180.json,ok,
382207,Late Bloomer,Comedy,images/382207_Late_Bloomer_Comedy.jpg,https://image.tmdb.org/t/p/original/wBg33E85ZmPb9RV4T21DSRQMWBs.jpg,page_180.json,ok,
44363,Frozen,Thriller,images/44363_Frozen_Thriller.jpg,https://image.tmdb.org/t/p/original/2J3URUnDrIpNvh0uVqINQvr4HhW.jpg,page_180.json,ok,
574241,Poms,Comedy,images/574241_Poms_Comedy.jpg,https://image.tmdb.org/t/p/original/m2ksKdmWIoUh3GJfu9oEBLorjAJ.jpg,page_180.json,ok,
510284,Braid,Thriller,images/510284_Braid_Thriller.jpg,https://image.tmdb.org/t/p/original/sp8dzGdwBh3cDU8ygyjtoejfZzI.jpg,page_180.json,ok,
257094,Holland,Thriller,images/257094_Holland_Thriller.jpg,https://image.tmdb.org/t/p/original/39jIr3A4ScUeGxFdMeARYKNxTgU.jpg,page_180.json,ok,
450487,Fast Color,Thriller,images/450487_Fast_Color_Thriller.jpg,https://image.tmdb.org/t/p/original/1zZaZGMo23NsOGoGF5HRCPWwWN7.jpg,page_180.json,ok,
1007826,The Underdoggs,Comedy,images/1007826_The_Underdoggs_Comedy.jpg,https://image.tmdb.org/t/p/original/haFB89tlAcex3WHuy3trtp1yhwt.jpg,page_181.json,ok,
637014,Tango Shalom,Comedy,images/637014_Tango_Shalom_Comedy.jpg,https://image.tmdb.org/t/p/original/hybBNFFBAVBZiCyDPeqNbGsgg9p.jpg,page_181.json,ok,
598058,Impossible Monsters,Thriller,images/598058_Impossible_Monsters_Thriller.jpg,https://image.tmdb.org/t/p/original/uIZd6zrWAYSeRhfUgbjgE5shdl2.jpg,page_181.json,ok,
874360,Sunlight,Comedy,images/874360_Sunlight_Comedy.jpg,https://image.tmdb.org/t/p/original/zqh9ft5m6pLPtBA0Am24mNtBcXf.jpg,page_181.json,ok,
9685,Igby Goes Down,Comedy,images/9685_Igby_Goes_Down_Comedy.jpg,https://image.tmdb.org/t/p/original/f53JBgzYESamcYT3LkUeeoSXPgi.jpg,page_181.json,ok,
460711,200 Degrees,Thriller,images/460711_200_Degrees_Thriller.jpg,https://image.tmdb.org/t/p/original/vwybvM3ObHdRFtn7TJKEIHTnZ20.jpg,page_182.json,ok,
16927,The Box Collector,Thriller,images/16927_The_Box_Collector_Thriller.jpg,https://image.tmdb.org/t/p/original/ishk3bxZREF3KfixNkCvRwmQc2m.jpg,page_182.json,ok,
312310,Commute,Comedy,images/312310_Commute_Comedy.jpg,https://image.tmdb.org/t/p/original/hvi94ZrPZodvjgIpbnoCTQKxGqC.jpg,page_181.json,ok,
262906,King of Herrings,Comedy,images/262906_King_of_Herrings_Comedy.jpg,https://image.tmdb.org/t/p/original/8GYGsBeQuHTgns9sgsIVXvLk2RT.jpg,page_181.json,ok,
316410,Bound,Thriller,images/316410_Bound_Thriller.jpg,https://image.tmdb.org/t/p/original/3qxA0avnx9CEgrUdDStT4CZmgqE.jpg,page_182.json,ok,
740952,Savage Salvation,Thriller,images/740952_Savage_Salvation_Thriller.jpg,https://image.tmdb.org/t/p/original/fJRt3mmZEvf8gQzoNLzjPtWpc9o.jpg,page_182.json,ok,
19213,Pledge This!,Comedy,images/19213_Pledge_This_Comedy.jpg,https://image.tmdb.org/t/p/original/e3wkX38lNtjlz3R8XuKmJQIad8I.jpg,page_183.json,ok,
76812,Black Butterfly,Thriller,images/76812_Black_Butterfly_Thriller.jpg,https://image.tmdb.org/t/p/original/toB9yjJssyJZSworX0KePbjSexP.jpg,page_182.json,ok,
604092,Deadly Influencer,Thriller,images/604092_Deadly_Influencer_Thriller.jpg,https://image.tmdb.org/t/p/original/eZxG5YrGGh78hvmEOWz2jEHZBSC.jpg,page_182.json,ok,
336871,The Substitute,Thriller,images/336871_The_Substitute_Thriller.jpg,https://image.tmdb.org/t/p/original/gnFOc6aqFMaq4v1z9GVFBhLntub.jpg,page_183.json,ok,
82466,Chop,Comedy,images/82466_Chop_Comedy.jpg,https://image.tmdb.org/t/p/original/cBK9IGByKZuGh1kHIkFOUjaoH3U.jpg,page_183.json,ok,
271467,School Dance,Comedy,images/271467_School_Dance_Comedy.jpg,https://image.tmdb.org/t/p/original/nplQTnjWiE4mGP1eeaDmNqaF0oR.jpg,page_183.json,ok,
262169,Gravy,Comedy,images/262169_Gravy_Comedy.jpg,https://image.tmdb.org/t/p/original/ruskUcYFAy6ctl2ZlTsXqJ7kPCD.jpg,page_183.json,ok,
73335,Marriage Retreat,Comedy,images/73335_Marriage_Retreat_Comedy.jpg,https://image.tmdb.org/t/p/original/xVKJaMU0PqSiH2OQLoSAuARsDBq.jpg,page_183.json,ok,
22897,It's Complicated,Comedy,images/22897_Its_Complicated_Comedy.jpg,https://image.tmdb.org/t/p/original/bmjPrJgrGENFRrERP7lCJ9FGIVB.jpg,page_183.json,ok,
48243,Essential Killing,Thriller,images/48243_Essential_Killing_Thriller.jpg,https://image.tmdb.org/t/p/original/gwLUPEqjHz55khkXeQB3hOYx1ao.jpg,page_184.json,ok,
1255000,Deaner '89,Comedy,images/1255000_Deaner_89_Comedy.jpg,https://image.tmdb.org/t/p/original/v1YUE44BDrUtdhLLalYwPFuDVOm.jpg,page_183.json,ok,
6519,The Dukes of Hazzard,Comedy,images/6519_The_Dukes_of_Hazzard_Comedy.jpg,https://image.tmdb.org/t/p/original/2ZrNyYJEgE0VIqhelQPqFTR20xF.jpg,page_184.json,ok,
711754,Quaranstein,Comedy,images/711754_Quaranstein_Comedy.jpg,https://image.tmdb.org/t/p/original/keMnMG1Bs3YwoYKrpEilSLCCfva.jpg,page_183.json,ok,
70587,Spooky Buddies,Comedy,images/70587_Spooky_Buddies_Comedy.jpg,https://image.tmdb.org/t/p/original/cC6NleO3bn2FgFpkJx1RQvjccWL.jpg,page_184.json,ok,
13805,Disaster Movie,Comedy,images/13805_Disaster_Movie_Comedy.jpg,https://image.tmdb.org/t/p/original/3J8XKUfhJiNzwobUZVtizXYPe8b.jpg,page_185.json,ok,
45132,Super,Comedy,images/45132_Super_Comedy.jpg,https://image.tmdb.org/t/p/original/jZrRMGSajZQehg8mz74A5A00L3.jpg,page_184.json,ok,
987059,Alarmed,Thriller,images/987059_Alarmed_Thriller.jpg,https://image.tmdb.org/t/p/original/nBKuJJAiOKNCNv0KaRgfJI9AOfD.jpg,page_184.json,ok,
800279,Corner Office,Comedy,images/800279_Corner_Office_Comedy.jpg,https://image.tmdb.org/t/p/original/2JOPMnpaaTBvhy0HCby9uSBkt11.jpg,page_184.json,ok,
977770,The Lesson,Thriller,images/977770_The_Lesson_Thriller.jpg,https://image.tmdb.org/t/p/original/ktB7bt09HRQT701hVS8C23tkN6N.jpg,page_185.json,ok,
1097870,Dear Santa,Comedy,images/1097870_Dear_Santa_Comedy.jpg,https://image.tmdb.org/t/p/original/fRbDHbGBXg6kwQYr3CRYeKPJW5q.jpg,page_184.json,ok,
461708,Forsaken,Thriller,images/461708_Forsaken_Thriller.jpg,https://image.tmdb.org/t/p/original/y4LZfGB5yV66o029kpUu6KtxQf5.jpg,page_185.json,ok,
414187,Josie,Thriller,images/414187_Josie_Thriller.jpg,https://image.tmdb.org/t/p/original/sXwATbG3eJjkteGh1YaqV1PGeGb.jpg,page_185.json,ok,
865930,Defining Moments,Comedy,images/865930_Defining_Moments_Comedy.jpg,https://image.tmdb.org/t/p/original/aFQTykJSTLzZwqVq7WC99oyz8Rq.jpg,page_185.json,ok,
451156,Infidelity in Suburbia,Thriller,images/451156_Infidelity_in_Suburbia_Thriller.jpg,https://image.tmdb.org/t/p/original/gKyvJ8u2US61pHR56C2DoVbwnu.jpg,page_185.json,ok,
291004,Art House,Comedy,images/291004_Art_House_Comedy.jpg,https://image.tmdb.org/t/p/original/2hsmWiGY71MlmhfMoi6bbsfgi0r.jpg,page_185.json,ok,
459295,Sarah Silverman: A Speck of Dust,Comedy,images/459295_Sarah_Silverman_A_Speck_of_Dust_Comedy.jpg,https://image.tmdb.org/t/p/original/bvTyPBdS4tiJ4Nv2zPnT9kAjSoD.jpg,page_185.json,ok,
8461,Funny Games,Thriller,images/8461_Funny_Games_Thriller.jpg,https://image.tmdb.org/t/p/original/2RGiR5yNmxXS8c4Qypmbqn0b63w.jpg,page_185.json,ok,
167919,Confine,Thriller,images/167919_Confine_Thriller.jpg,https://image.tmdb.org/t/p/original/xzbN7nwOs0prRDcllvj9hd8V1Sw.jpg,page_186.json,ok,
899298,Undying,Comedy,images/899298_Undying_Comedy.jpg,https://image.tmdb.org/t/p/original/wFm6cJJ9mhGj1NAnoPpt1Xu8mE9.jpg,page_186.json,ok,
10760,Sydney White,Comedy,images/10760_Sydney_White_Comedy.jpg,https://image.tmdb.org/t/p/original/ce3NNmhVZY5NkUe5Y8Je8CciKqf.jpg,page_186.json,ok,
740985,Borat Subsequent Moviefilm,Comedy,images/740985_Borat_Subsequent_Moviefilm_Comedy.jpg,https://image.tmdb.org/t/p/original/3L1Ml5RWjFVfVq3rQENvgFymT0U.jpg,page_186.json,ok,
50332,Snow,Comedy,images/50332_Snow_Comedy.jpg,https://image.tmdb.org/t/p/original/xLJhBJrjXg5z0G9D3kGd3RG76kG.jpg,page_187.json,ok,
174321,The English Teacher,Comedy,images/174321_The_English_Teacher_Comedy.jpg,https://image.tmdb.org/t/p/original/mF14chZNzgDRZffs8Wk8lPwdNQA.jpg,page_187.json,ok,
9833,The Phantom of the Opera,Thriller,images/9833_The_Phantom_of_the_Opera_Thriller.jpg,https://image.tmdb.org/t/p/original/pFf1Xxzgxo6ffxAJeSkAb5b0P4S.jpg,page_187.json,ok,
635891,Clerks III,Comedy,images/635891_Clerks_III_Comedy.jpg,https://image.tmdb.org/t/p/original/apzIqZIQLc8fNx5nbbcSSfPFtax.jpg,page_187.json,ok,
73152,The Prankster,Comedy,images/73152_The_Prankster_Comedy.jpg,https://image.tmdb.org/t/p/original/7jvjPgi1QqRl0pXHsdSH4tQFoo.jpg,page_187.json,ok,
61410,Spud,Comedy,images/61410_Spud_Comedy.jpg,https://image.tmdb.org/t/p/original/eZptpTY1VMMcyGdj3Hp5SY3M1IN.jpg,page_187.json,ok,
965645,Marlon Wayans Presents: The Headliners,Comedy,images/965645_Marlon_Wayans_Presents_The_Headliners_Comedy.jpg,https://image.tmdb.org/t/p/original/oXqStSGndKLBL7FCgTFBBo7jWcc.jpg,page_187.json,ok,
9282,11:14,Thriller,images/9282_1114_Thriller.jpg,https://image.tmdb.org/t/p/original/3TFB0Doe92l9Jgc5qtUnE6r9rqt.jpg,page_188.json,ok,
9726,A Good Year,Comedy,images/9726_A_Good_Year_Comedy.jpg,https://image.tmdb.org/t/p/original/10ErazhJxfL68rWg2KLfwiRuIou.jpg,page_188.json,ok,
493284,Expecting,Comedy,images/493284_Expecting_Comedy.jpg,https://image.tmdb.org/t/p/original/yABRlkrZbutUR3YciN2bPzXV5z4.jpg,page_188.json,ok,
484718,Coming 2 America,Comedy,images/484718_Coming_2_America_Comedy.jpg,https://image.tmdb.org/t/p/original/nWBPLkqNApY5pgrJFMiI9joSI30.jpg,page_188.json,ok,
250987,A Wonderful Christmas,Comedy,images/250987_A_Wonderful_Christmas_Comedy.jpg,https://image.tmdb.org/t/p/original/i7VtcGeCoT5URdADF2gcFCTdS6w.jpg,page_188.json,ok,
84521,Kill Keith,Comedy,images/84521_Kill_Keith_Comedy.jpg,https://image.tmdb.org/t/p/original/rQy8eIfS4ad6VFunDVaNDKEk8cX.jpg,page_187.json,ok,
25891,ExTerminators,Comedy,images/25891_ExTerminators_Comedy.jpg,https://image.tmdb.org/t/p/original/kYggIgOYQmlTnD1rALMC7sMyZxR.jpg,page_188.json,ok,
797843,Mukhosh,Thriller,images/797843_Mukhosh_Thriller.jpg,https://image.tmdb.org/t/p/original/8L56G31ZXrcyrMztCApgRhSfwnP.jpg,page_188.json,ok,
1531273,Guerrilla Distribution,Comedy,images/1531273_Guerrilla_Distribution_Comedy.jpg,https://image.tmdb.org/t/p/original/j7LKOqDcODuhbH0xL5oPG6mvOAC.jpg,page_188.json,ok,
595931,The Climb,Comedy,images/595931_The_Climb_Comedy.jpg,https://image.tmdb.org/t/p/original/x6f60UzIXfkFNofg7GTzMygegFc.jpg,page_188.json,ok,
55009,Mayday,Thriller,images/55009_Mayday_Thriller.jpg,https://image.tmdb.org/t/p/original/2uYAcEogTOQRiDGQP7ojzYKojKe.jpg,page_189.json,ok,
24415,Jack Said,Thriller,images/24415_Jack_Said_Thriller.jpg,https://image.tmdb.org/t/p/original/73PZqsY0aFFrqdhdhVOMgwQMCDq.jpg,page_188.json,ok,
1444,Junebug,Comedy,images/1444_Junebug_Comedy.jpg,https://image.tmdb.org/t/p/original/asC6UOPrR6OlNMiyXbeXWu08SOG.jpg,page_189.json,ok,
35143,Ralphie May: Girth of a Nation,Comedy,images/35143_Ralphie_May_Girth_of_a_Nation_Comedy.jpg,https://image.tmdb.org/t/p/original/sOCwjvFNxM0RQ28F32U5rYmGbJo.jpg,page_189.json,ok,
157544,The Vatican Tapes,Thriller,images/157544_The_Vatican_Tapes_Thriller.jpg,https://image.tmdb.org/t/p/original/eXN0zdTpm772ZCfnCeLAONguqxe.jpg,page_189.json,ok,
426230,Band Aid,Comedy,images/426230_Band_Aid_Comedy.jpg,https://image.tmdb.org/t/p/original/hDYKhDkmvvPnYESr1yNG3K5oMZT.jpg,page_189.json,ok,
9889,Shallow Hal,Comedy,images/9889_Shallow_Hal_Comedy.jpg,https://image.tmdb.org/t/p/original/q4lZrHWTWuybb6pzMucj1c0ngCW.jpg,page_189.json,ok,
541922,Urban Myths,Thriller,images/541922_Urban_Myths_Thriller.jpg,https://image.tmdb.org/t/p/original/q5OkSiWTmRQpwDAtjbpYw9Kuit5.jpg,page_189.json,ok,
18038,Holiday Reunion,Comedy,images/18038_Holiday_Reunion_Comedy.jpg,https://image.tmdb.org/t/p/original/vuZrgFo96FGiTJC489aPtWyTDt2.jpg,page_189.json,ok,
931461,American Dreamer,Comedy,images/931461_American_Dreamer_Comedy.jpg,https://image.tmdb.org/t/p/original/9bUsa318eCnztKZlcG86s8xk9Rk.jpg,page_190.json,ok,
14389,Danny Deckchair,Comedy,images/14389_Danny_Deckchair_Comedy.jpg,https://image.tmdb.org/t/p/original/7rL1WDYxTIPouUFDbdtcyqTyywu.jpg,page_19.json,ok,
9072,Little Man,Comedy,images/9072_Little_Man_Comedy.jpg,https://image.tmdb.org/t/p/original/9KzPw1VN0pMBnq1KIqBaLI8LAB7.jpg,page_19.json,ok,
58646,Opa!,Comedy,images/58646_Opa_Comedy.jpg,https://image.tmdb.org/t/p/original/m7zc64upOWatzsKWokQlXXRqb23.jpg,page_190.json,ok,
1792,Stuck on You,Comedy,images/1792_Stuck_on_You_Comedy.jpg,https://image.tmdb.org/t/p/original/2vDNBQb1orr8egzhybh7SHqDmeC.jpg,page_190.json,ok,
524008,The Chain,Thriller,images/524008_The_Chain_Thriller.jpg,https://image.tmdb.org/t/p/original/svDXf7TBrxf4dOXIRJWUbCxWYPv.jpg,page_190.json,ok,
1144911,Skincare,Thriller,images/1144911_Skincare_Thriller.jpg,https://image.tmdb.org/t/p/original/ikPzv7el0RcBhtXj3ElCoH54icd.jpg,page_190.json,ok,
70917,The Scenesters,Comedy,images/70917_The_Scenesters_Comedy.jpg,https://image.tmdb.org/t/p/original/kF1jb6BtIadRjFyflXgzstS0q0o.jpg,page_191.json,ok,
14544,Roll Bounce,Comedy,images/14544_Roll_Bounce_Comedy.jpg,https://image.tmdb.org/t/p/original/lStFr3EHTNbnyOdOk2QDCqYGnlR.jpg,page_191.json,ok,
260435,Awakened,Thriller,images/260435_Awakened_Thriller.jpg,https://image.tmdb.org/t/p/original/3XLGsN7mLpwIUYfGjCR7tXfjONL.jpg,page_190.json,ok,
1094274,Y2K,Comedy,images/1094274_Y2K_Comedy.jpg,https://image.tmdb.org/t/p/original/qndubIQalyxBJI5EBNZKGXEX74q.jpg,page_191.json,ok,
11090,The Animal,Comedy,images/11090_The_Animal_Comedy.jpg,https://image.tmdb.org/t/p/original/oNxEXmKTZtECHs0bQbI6dQoXYMV.jpg,page_191.json,ok,
689723,Dangerous Lies,Thriller,images/689723_Dangerous_Lies_Thriller.jpg,https://image.tmdb.org/t/p/original/6G1v6iFroz0Xw3VNxhMWjiS5hLa.jpg,page_191.json,ok,
801750,Alpha Hippie,Comedy,images/801750_Alpha_Hippie_Comedy.jpg,https://image.tmdb.org/t/p/original/j5jMVVAD8nJ3MhasT4J5ltW3iLy.jpg,page_190.json,ok,
39939,Super Troopers,Comedy,images/39939_Super_Troopers_Comedy.jpg,https://image.tmdb.org/t/p/original/yJyxPItcLNVfYr7idOphQTmQ9hK.jpg,page_191.json,ok,
240177,Dirt,Comedy,images/240177_Dirt_Comedy.jpg,https://image.tmdb.org/t/p/original/3yxmGhsPYF3WPyPvzAOxfBsWnVh.jpg,page_192.json,ok,
128241,Wasteland,Thriller,images/128241_Wasteland_Thriller.jpg,https://image.tmdb.org/t/p/original/hTylKLjqAH8M6IUJY53b51kvjiH.jpg,page_191.json,ok,
11404,Driving Lessons,Comedy,images/11404_Driving_Lessons_Comedy.jpg,https://image.tmdb.org/t/p/original/uPRFM5co4v12ksWaZKr8niIHBrC.jpg,page_192.json,ok,
40264,Vampires Suck,Comedy,images/40264_Vampires_Suck_Comedy.jpg,https://image.tmdb.org/t/p/original/ksPKfoXovAiFnBktkCBefsRQ8a1.jpg,page_192.json,ok,
89185,Radio Rebel,Comedy,images/89185_Radio_Rebel_Comedy.jpg,https://image.tmdb.org/t/p/original/wycDdx2BrdNKlyTZoZT8uLeu6dq.jpg,page_193.json,ok,
327565,Emptied,Comedy,images/327565_Emptied_Comedy.jpg,https://image.tmdb.org/t/p/original/oyC4Kdq0aGGJrMTLWwNpeQNCR4G.jpg,page_191.json,ok,
376418,Oloibiri,Thriller,images/376418_Oloibiri_Thriller.jpg,https://image.tmdb.org/t/p/original/hPg1JeTwFzzR5Eo1LcERwLISeNI.jpg,page_192.json,ok,
48988,Hall Pass,Comedy,images/48988_Hall_Pass_Comedy.jpg,https://image.tmdb.org/t/p/original/eol3uD6whQKOKCmmhF7z39fq2Pe.jpg,page_193.json,ok,
616447,Pass the Salt,Comedy,images/616447_Pass_the_Salt_Comedy.jpg,https://image.tmdb.org/t/p/original/3bq8kR6vMFjv9sqTgBgo6YSGxHH.jpg,page_192.json,ok,
1214469,Ghostlight,Comedy,images/1214469_Ghostlight_Comedy.jpg,https://image.tmdb.org/t/p/original/aqSuuJdNYmx1Gsd0J8lqfzMADfE.jpg,page_193.json,ok,
1173376,Blood Right,Thriller,images/1173376_Blood_Right_Thriller.jpg,https://image.tmdb.org/t/p/original/nzV3mz6veXvrAMx0B3gIzKmdg6C.jpg,page_193.json,ok,
206530,Risk,Thriller,images/206530_Risk_Thriller.jpg,https://image.tmdb.org/t/p/original/eI4r8UWA0kx2mdHh08ItsEp3B5f.jpg,page_193.json,ok,
18147,Unaccompanied Minors,Comedy,images/18147_Unaccompanied_Minors_Comedy.jpg,https://image.tmdb.org/t/p/original/7yhaXxwxs1fIOyuPv3YuE2fea0t.jpg,page_193.json,ok,
1026292,The Disruptors,Comedy,images/1026292_The_Disruptors_Comedy.jpg,https://image.tmdb.org/t/p/original/dHjj4vyFbm9LGBefSK6cqTsdJT9.jpg,page_193.json,ok,
330289,Blackhead,Comedy,images/330289_Blackhead_Comedy.jpg,https://image.tmdb.org/t/p/original/ynuY0HVsUaxl6SxuAiW7a98POVp.jpg,page_193.json,ok,
567971,Vampires vs. the Bronx,Comedy,images/567971_Vampires_vs._the_Bronx_Comedy.jpg,https://image.tmdb.org/t/p/original/rcdBUbbYNccz8q9LOuBEKC1avMA.jpg,page_193.json,ok,
510095,Baja,Comedy,images/510095_Baja_Comedy.jpg,https://image.tmdb.org/t/p/original/9EVbnMh0YRZaarjW3tA7iexLDAc.jpg,page_194.json,ok,
1161804,The Comedian,Comedy,images/1161804_The_Comedian_Comedy.jpg,https://image.tmdb.org/t/p/original/w6nnrW1jIoad6MJqbQjCXmcmfZU.jpg,page_194.json,ok,
646798,Knee High P.I.,Comedy,images/646798_Knee_High_P.I._Comedy.jpg,https://image.tmdb.org/t/p/original/sDkt6MocsbfX72CTLzfGm7g5UiC.jpg,page_194.json,ok,
956527,Crushed,Comedy,images/956527_Crushed_Comedy.jpg,https://image.tmdb.org/t/p/original/riGMz5ud88D4bqA4LOD8859DScx.jpg,page_194.json,ok,
451491,Washed Away,Thriller,images/451491_Washed_Away_Thriller.jpg,https://image.tmdb.org/t/p/original/epspHOksDa0g9mXtDAf9DLzbV4D.jpg,page_194.json,ok,
493726,Game Day,Comedy,images/493726_Game_Day_Comedy.jpg,https://image.tmdb.org/t/p/original/5DF2YsRJZelRSVfurJpjHwBnfkI.jpg,page_193.json,ok,
57089,Hoodwinked Too! Hood VS. Evil,Comedy,images/57089_Hoodwinked_Too_Hood_VS._Evil_Comedy.jpg,https://image.tmdb.org/t/p/original/3ofAJDO8A7ulJwgMGKcwEOPNWV3.jpg,page_194.json,ok,
209403,Bad Words,Comedy,images/209403_Bad_Words_Comedy.jpg,https://image.tmdb.org/t/p/original/hZo399sszo6QxEPOmqJiq5NhQeU.jpg,page_194.json,ok,
1454534,Aliens Don't Like White People,Comedy,images/1454534_Aliens_Dont_Like_White_People_Comedy.jpg,https://image.tmdb.org/t/p/original/no5g6UEt7X9AmDknIlOuSBYu8jx.jpg,page_194.json,ok,
600751,Room for Rent,Thriller,images/600751_Room_for_Rent_Thriller.jpg,https://image.tmdb.org/t/p/original/eEy7C8k1f4sMulW1Ca9s8EtFAhb.jpg,page_194.json,ok,
634816,Dead Birds,Comedy,images/634816_Dead_Birds_Comedy.jpg,https://image.tmdb.org/t/p/original/jcd0SQ84rtjYCK8hlaJRABmrPnH.jpg,page_195.json,ok,
87824,Leading Ladies,Comedy,images/87824_Leading_Ladies_Comedy.jpg,https://image.tmdb.org/t/p/original/zFvZ6MMm4t5fI3Ublrv23raCTVB.jpg,page_194.json,ok,
399786,Browsers,Comedy,images/399786_Browsers_Comedy.jpg,https://image.tmdb.org/t/p/original/gD3uNs1dwyxWpnJtZUyuDsirWh7.jpg,page_195.json,ok,
27989,Serious Moonlight,Comedy,images/27989_Serious_Moonlight_Comedy.jpg,https://image.tmdb.org/t/p/original/qZsA9Qec44amt3jJLvvNrX4nqSc.jpg,page_195.json,ok,
632065,House Party,Comedy,images/632065_House_Party_Comedy.jpg,https://image.tmdb.org/t/p/original/HesN5Mrqlq6oYTsmfFggIVEMwE.jpg,page_195.json,ok,
542883,Bennett's Song,Comedy,images/542883_Bennetts_Song_Comedy.jpg,https://image.tmdb.org/t/p/original/isc0yZFKPd5xVSzLSBEiopX2JO4.jpg,page_195.json,ok,
54712,Jane Doe,Thriller,images/54712_Jane_Doe_Thriller.jpg,https://image.tmdb.org/t/p/original/fcwpRI0cdi1mYvWxwdmZhRnRatL.jpg,page_196.json,ok,
15489,Snow Day,Comedy,images/15489_Snow_Day_Comedy.jpg,https://image.tmdb.org/t/p/original/myTnHKy178rrd1oUG3GkEvc641G.jpg,page_196.json,ok,
1051704,Extinction,Comedy,images/1051704_Extinction_Comedy.jpg,https://image.tmdb.org/t/p/original/hQprOGpxyJ3e7fQJgmJavRryYKN.jpg,page_194.json,ok,
1415847,Blackbuster,Comedy,images/1415847_Blackbuster_Comedy.jpg,https://image.tmdb.org/t/p/original/6ESbVrHRnx3Jg9IGEtfe6TypHIs.jpg,page_195.json,ok,
817436,Mother,Comedy,images/817436_Mother_Comedy.jpg,https://image.tmdb.org/t/p/original/lwlHvAz520Sn9jnTcov5aCcJWG2.jpg,page_196.json,ok,
746495,Marquet Place,Comedy,images/746495_Marquet_Place_Comedy.jpg,https://image.tmdb.org/t/p/original/qJQHEpkf3Fs8WQDBN0Qou3B46DI.jpg,page_196.json,ok,
1018092,OMI,Comedy,images/1018092_OMI_Comedy.jpg,https://image.tmdb.org/t/p/original/hG3ru4XIxzc5dpbVzH2QMXd6FtH.jpg,page_197.json,ok,
901291,Doughnut,Comedy,images/901291_Doughnut_Comedy.jpg,https://image.tmdb.org/t/p/original/2fE6Iqz9IWHuSR9BCKDhfr1mqqk.jpg,page_196.json,ok,
284875,Cut Snake,Thriller,images/284875_Cut_Snake_Thriller.jpg,https://image.tmdb.org/t/p/original/pZPbV7sBzEN3LKr5P0OWlp6sX2M.jpg,page_196.json,ok,
809936,Divorced Dad,Comedy,images/809936_Divorced_Dad_Comedy.jpg,https://image.tmdb.org/t/p/original/b4z64qXUyy1Bq3oatgitvRcAORM.jpg,page_196.json,ok,
14405,Beverly Hills Chihuahua,Comedy,images/14405_Beverly_Hills_Chihuahua_Comedy.jpg,https://image.tmdb.org/t/p/original/2aRvqtLoE06hTjG93lASvO7r1as.jpg,page_197.json,ok,
1477485,The Bikini Girl Maid Service,Comedy,images/1477485_The_Bikini_Girl_Maid_Service_Comedy.jpg,https://image.tmdb.org/t/p/original/92Q9UAlo0OovdNXjxyyPGzB1afD.jpg,page_196.json,ok,
757916,Let the Wrong One In,Comedy,images/757916_Let_the_Wrong_One_In_Comedy.jpg,https://image.tmdb.org/t/p/original/dnUcP1IzJmtjB0O64hnqniB3q6O.jpg,page_197.json,ok,
146260,Slammed,Comedy,images/146260_Slammed_Comedy.jpg,https://image.tmdb.org/t/p/original/78uQvhPOzCUX9pQQDH6ODYgcZ6l.jpg,page_197.json,ok,
445450,Generation Wolf,Thriller,images/445450_Generation_Wolf_Thriller.jpg,https://image.tmdb.org/t/p/original/ehZpf1Xr3LXXdNL66BSdD1HikAY.jpg,page_198.json,ok,
842934,Poker Face,Thriller,images/842934_Poker_Face_Thriller.jpg,https://image.tmdb.org/t/p/original/8a2MIBV9LuPYbF5rOEAohjjMz9P.jpg,page_198.json,ok,
132099,Adopting Terror,Thriller,images/132099_Adopting_Terror_Thriller.jpg,https://image.tmdb.org/t/p/original/cVPbyjTCFzpv4ZH4bFBK508o1KV.jpg,page_198.json,ok,
750601,Film Fest,Comedy,images/750601_Film_Fest_Comedy.jpg,https://image.tmdb.org/t/p/original/kGM6lk2LfEezDULl3YTH5K0bmo9.jpg,page_198.json,ok,
1186665,Left Fingers,Thriller,images/1186665_Left_Fingers_Thriller.jpg,https://image.tmdb.org/t/p/original/AcNM8gKdzH0XM5wrYTFve4f3vP.jpg,page_198.json,ok,
1239763,Block,Comedy,images/1239763_Block_Comedy.jpg,https://image.tmdb.org/t/p/original/r2zXzY92KBrrdZ8xcJcmbfbcwCs.jpg,page_198.json,ok,
965493,Bigfoot or Bust,Comedy,images/965493_Bigfoot_or_Bust_Comedy.jpg,https://image.tmdb.org/t/p/original/kvH3BXgqRIvALErgzueFOxJP5H1.jpg,page_198.json,ok,
45174,Easy,Comedy,images/45174_Easy_Comedy.jpg,https://image.tmdb.org/t/p/original/2p2pAHyuZCNR3rxJ7CPfuje6SOt.jpg,page_199.json,ok,
450438,Permanent,Comedy,images/450438_Permanent_Comedy.jpg,https://image.tmdb.org/t/p/original/fdnPEuJe69F58MphzHnXovcfBK0.jpg,page_198.json,ok,
846528,Family Camp,Comedy,images/846528_Family_Camp_Comedy.jpg,https://image.tmdb.org/t/p/original/kbldvA34IVNwfKv8aUumZBg0D5E.jpg,page_198.json,ok,
33842,25 Carat,Thriller,images/33842_25_Carat_Thriller.jpg,https://image.tmdb.org/t/p/original/4LZWpgwRSkN9j2ppuvMQFnHoM6h.jpg,page_199.json,ok,
14365,Killing Me Softly,Thriller,images/14365_Killing_Me_Softly_Thriller.jpg,https://image.tmdb.org/t/p/original/pgfFJw7mqAmJdZizrJ6oOK0ejOZ.jpg,page_199.json,ok,
401060,Mercy,Thriller,images/401060_Mercy_Thriller.jpg,https://image.tmdb.org/t/p/original/6RrmmkNeyvhFacmsnW6qKFwWGoS.jpg,page_199.json,ok,
490760,Potato Potahto,Comedy,images/490760_Potato_Potahto_Comedy.jpg,https://image.tmdb.org/t/p/original/2rItN6DqW62blZNAE8se1WgJHAO.jpg,page_199.json,ok,
100042,Dumb and Dumber To,Comedy,images/100042_Dumb_and_Dumber_To_Comedy.jpg,https://image.tmdb.org/t/p/original/cvEi0xV7TUkabJGuzulhvbMjrHi.jpg,page_2.json,ok,
335536,Park City,Comedy,images/335536_Park_City_Comedy.jpg,https://image.tmdb.org/t/p/original/8OgxUcrYE1IRsdH1LKzIKHPbL7f.jpg,page_199.json,ok,
85430,Girl Play,Comedy,images/85430_Girl_Play_Comedy.jpg,https://image.tmdb.org/t/p/original/2ZS0H8ysSzD0d0k8zdO2jeM3kge.jpg,page_2.json,ok,
3981,What Women Want,Comedy,images/3981_What_Women_Want_Comedy.jpg,https://image.tmdb.org/t/p/original/eqkBEMDk1316Yx5wVoabWY07JAi.jpg,page_2.json,ok,
360784,Hidden,Thriller,images/360784_Hidden_Thriller.jpg,https://image.tmdb.org/t/p/original/mPuaHaczkoJDzlYD9GyXiDjMXig.jpg,page_2.json,ok,
4248,Scary Movie 2,Comedy,images/4248_Scary_Movie_2_Comedy.jpg,https://image.tmdb.org/t/p/original/7Eb1JWK0Cb0rbfsYjwfc9g0PbQH.jpg,page_20.json,ok,
36939,Boogie Woogie,Comedy,images/36939_Boogie_Woogie_Comedy.jpg,https://image.tmdb.org/t/p/original/plnHFNGI1ToCFhyyYU3bb0AmDpl.jpg,page_20.json,ok,
645710,The Voyeurs,Thriller,images/645710_The_Voyeurs_Thriller.jpg,https://image.tmdb.org/t/p/original/8Y4XOIWhpOvSOEn8XrxbkH9yAXO.jpg,page_20.json,ok,
54093,Killing Bono,Comedy,images/54093_Killing_Bono_Comedy.jpg,https://image.tmdb.org/t/p/original/ad7cAq9NYKaoeNlTgci0Jq0rikM.jpg,page_200.json,ok,
659617,The Bridemaker,Comedy,images/659617_The_Bridemaker_Comedy.jpg,https://image.tmdb.org/t/p/original/nyYSSMhLpzpiHzBKEJN2sHELewZ.jpg,page_200.json,ok,
864168,Joy Ride,Comedy,images/864168_Joy_Ride_Comedy.jpg,https://image.tmdb.org/t/p/original/6Ii88ZqNMmBgLVuSrnLkLENhgcd.jpg,page_200.json,ok,
1227780,Prom Dates,Comedy,images/1227780_Prom_Dates_Comedy.jpg,https://image.tmdb.org/t/p/original/ojWiV81GldQSrBjY2izkayPSN05.jpg,page_200.json,ok,
1443094,Tank Fantasy,Comedy,images/1443094_Tank_Fantasy_Comedy.jpg,https://image.tmdb.org/t/p/original/wDeDfFyU0YHhpsPwW80o7ifFWMU.jpg,page_200.json,ok,
300441,Grumpy Cat's Worst Christmas Ever,Comedy,images/300441_Grumpy_Cats_Worst_Christmas_Ever_Comedy.jpg,https://image.tmdb.org/t/p/original/2GZAMXRkEWs6WhL6M04uSRzF5iw.jpg,page_200.json,ok,
469603,Victimized,Thriller,images/469603_Victimized_Thriller.jpg,https://image.tmdb.org/t/p/original/bC3pcruF8hwVE5g3vVCdCfxVVqa.jpg,page_201.json,ok,
505579,Bent,Thriller,images/505579_Bent_Thriller.jpg,https://image.tmdb.org/t/p/original/xUqimeu4KzFeqTvblNLvG8Y1DAo.jpg,page_200.json,ok,
1170824,American Star,Thriller,images/1170824_American_Star_Thriller.jpg,https://image.tmdb.org/t/p/original/aFjxI9yMd142au1O74JlUttG4Ki.jpg,page_201.json,ok,
188161,A Million Ways to Die in the West,Comedy,images/188161_A_Million_Ways_to_Die_in_the_West_Comedy.jpg,https://image.tmdb.org/t/p/original/n9SicwnoNGWBwE75le27sUhCLMm.jpg,page_201.json,ok,
11823,Wimbledon,Comedy,images/11823_Wimbledon_Comedy.jpg,https://image.tmdb.org/t/p/original/agiItFfsvNsjpinLGwjfpYOhLaX.jpg,page_201.json,ok,
609338,Radio Silence,Thriller,images/609338_Radio_Silence_Thriller.jpg,https://image.tmdb.org/t/p/original/3wWj5J26fC44sACSterum5kwsCX.jpg,page_201.json,ok,
60490,Dorian,Thriller,images/60490_Dorian_Thriller.jpg,https://image.tmdb.org/t/p/original/okscMwrBDBoVFxlnr0FuCoBt6He.jpg,page_201.json,ok,
14424,Sex and Death 101,Comedy,images/14424_Sex_and_Death_101_Comedy.jpg,https://image.tmdb.org/t/p/original/yLWdM3znzRCqEbxYWXpSJNNu3fe.jpg,page_202.json,ok,
170480,The Deported,Comedy,images/170480_The_Deported_Comedy.jpg,https://image.tmdb.org/t/p/original/42KLDWL2zRXzv6QH1vwBlELGMOs.jpg,page_202.json,ok,
302582,Monsieur Taurins,Comedy,images/302582_Monsieur_Taurins_Comedy.jpg,https://image.tmdb.org/t/p/original/xyH52HRoV8vGmAFTYBFAvbDOQk4.jpg,page_197.json,ok,
399725,Ideal Home,Comedy,images/399725_Ideal_Home_Comedy.jpg,https://image.tmdb.org/t/p/original/bmXBT2uL4HQGimyfy5iu4ESnEaJ.jpg,page_201.json,ok,
467956,The Professor,Comedy,images/467956_The_Professor_Comedy.jpg,https://image.tmdb.org/t/p/original/cypBSinhGuQaZ7VuOmGtcKMp91G.jpg,page_202.json,ok,
649056,Carnivore,Thriller,images/649056_Carnivore_Thriller.jpg,https://image.tmdb.org/t/p/original/5deWmHRsLngB1rUmgZYi00jTU4c.jpg,page_202.json,ok,
861938,Bark!,Thriller,images/861938_Bark_Thriller.jpg,https://image.tmdb.org/t/p/original/dL5oK8FhxyMVv3HImFFB09Gni4T.jpg,page_203.json,ok,
193610,The Other Woman,Comedy,images/193610_The_Other_Woman_Comedy.jpg,https://image.tmdb.org/t/p/original/yHnbb6z8REuFIyBLT2Nj3MX54dY.jpg,page_202.json,ok,
8859,"Dude, Where's My Car?",Comedy,images/8859_Dude_Wheres_My_Car_Comedy.jpg,https://image.tmdb.org/t/p/original/A5FBQplPsSVVvdYn4NHgtWYF8un.jpg,page_202.json,ok,
632856,Spirited,Comedy,images/632856_Spirited_Comedy.jpg,https://image.tmdb.org/t/p/original/h3zAzTMs5EP3cKusOxFNGSFE1WI.jpg,page_202.json,ok,
192393,Dreamworld,Comedy,images/192393_Dreamworld_Comedy.jpg,https://image.tmdb.org/t/p/original/i2c0pgptp7hvTdIChXRfyP9E2OC.jpg,page_202.json,ok,
54995,Adam Hills - Live in the Suburbs,Comedy,images/54995_Adam_Hills_-_Live_in_the_Suburbs_Comedy.jpg,https://image.tmdb.org/t/p/original/sLFKoZOAQzuBCHkoNY8gHdFajBi.jpg,page_203.json,ok,
1310671,Wolf Awakened,Thriller,images/1310671_Wolf_Awakened_Thriller.jpg,https://image.tmdb.org/t/p/original/xzXfN3IBHYTu93DeOOQ54KGlrPy.jpg,page_203.json,ok,
999644,You Are So Not Invited to My Bat Mitzvah,Comedy,images/999644_You_Are_So_Not_Invited_to_My_Bat_Mitzvah_Comedy.jpg,https://image.tmdb.org/t/p/original/ukpifWBW2xEmMtJX4bCpoNpWEr2.jpg,page_203.json,ok,
34074,Studs,Comedy,images/34074_Studs_Comedy.jpg,https://image.tmdb.org/t/p/original/7MWJFxvpTAHCwoggg2cbzbmveVA.jpg,page_203.json,ok,
507441,Sea Fever,Thriller,images/507441_Sea_Fever_Thriller.jpg,https://image.tmdb.org/t/p/original/h4cPVVNPZUHVeoF6dH2grBvSEKs.jpg,page_204.json,ok,
437375,Looking Glass,Thriller,images/437375_Looking_Glass_Thriller.jpg,https://image.tmdb.org/t/p/original/6zSzaUmoUCwII2pGTqX1jaX8F0p.jpg,page_204.json,ok,
756413,The Baker,Comedy,images/756413_The_Baker_Comedy.jpg,https://image.tmdb.org/t/p/original/yvP15ycEpOvblrLOncE0JtZs9NJ.jpg,page_205.json,ok,
463940,Locked Up,Thriller,images/463940_Locked_Up_Thriller.jpg,https://image.tmdb.org/t/p/original/tzYJ9X9oVybCIVAaTOUFHVwcjXo.jpg,page_205.json,ok,
416494,Status Update,Comedy,images/416494_Status_Update_Comedy.jpg,https://image.tmdb.org/t/p/original/E4twRNScyq3g6tRpvK6X8LdD1z.jpg,page_205.json,ok,
440021,Happy Death Day,Comedy,images/440021_Happy_Death_Day_Comedy.jpg,https://image.tmdb.org/t/p/original/cTaEIUYTt52ooq9quVbAQ7NpGwo.jpg,page_204.json,ok,
32804,Gas,Comedy,images/32804_Gas_Comedy.jpg,https://image.tmdb.org/t/p/original/vcnbI8NGyCcWHakG7tslsyjhZTY.jpg,page_205.json,ok,
417114,I Love That Crazy Little Thing,Comedy,images/417114_I_Love_That_Crazy_Little_Thing_Comedy.jpg,https://image.tmdb.org/t/p/original/zyPmswyZD98Fd5b1x5O676QAmp3.jpg,page_205.json,ok,
625450,Tall Girl,Comedy,images/625450_Tall_Girl_Comedy.jpg,https://image.tmdb.org/t/p/original/m0clsFEXidLVJ0TueqWOvvImOMh.jpg,page_205.json,ok,
49250,Drones,Comedy,images/49250_Drones_Comedy.jpg,https://image.tmdb.org/t/p/original/ArGtLyD1cYthj5IZNm2SSJ6o7vP.jpg,page_205.json,ok,
40960,Greendale,Comedy,images/40960_Greendale_Comedy.jpg,https://image.tmdb.org/t/p/original/xjx2rX5D0XBPxsXl9kkoLOSKWXg.jpg,page_205.json,ok,
207406,Manhattan Romance,Comedy,images/207406_Manhattan_Romance_Comedy.jpg,https://image.tmdb.org/t/p/original/tmof9PlZ5pONQbejJseign9WKyz.jpg,page_206.json,ok,
135828,Breast Picture,Comedy,images/135828_Breast_Picture_Comedy.jpg,https://image.tmdb.org/t/p/original/nHh6kf2QB3Wsh4WiQOnJh9oyOzR.jpg,page_205.json,ok,
518416,Another Kind of Wedding,Comedy,images/518416_Another_Kind_of_Wedding_Comedy.jpg,https://image.tmdb.org/t/p/original/mODXIsq6hGUXElMeooo6kSKZ6Hj.jpg,page_206.json,ok,
623491,The Babysitter: Killer Queen,Comedy,images/623491_The_Babysitter_Killer_Queen_Comedy.jpg,https://image.tmdb.org/t/p/original/imy1OoT1xddt2kqw6hhc4v01e8i.jpg,page_206.json,ok,
112961,Nola,Comedy,images/112961_Nola_Comedy.jpg,https://image.tmdb.org/t/p/original/2PG1H6hyZ5DQN4V7zv1QrigN1gj.jpg,page_206.json,ok,
31954,Subzero,Thriller,images/31954_Subzero_Thriller.jpg,https://image.tmdb.org/t/p/original/8DIYoRSIo1FdtfL8ucbL0I5yWmv.jpg,page_206.json,ok,
1381330,Stealing Jokes,Comedy,images/1381330_Stealing_Jokes_Comedy.jpg,https://image.tmdb.org/t/p/original/smZUc6ZfwcWoxGNQTTay3ThzEtb.jpg,page_206.json,ok,
458657,Pylon,Thriller,images/458657_Pylon_Thriller.jpg,https://image.tmdb.org/t/p/original/l7UtxXuX8MUX0fAJTiw3DFDSYYi.jpg,page_202.json,ok,
92591,Bernie,Comedy,images/92591_Bernie_Comedy.jpg,https://image.tmdb.org/t/p/original/rW5CetooG545jpkPNpD4FjFAXfe.jpg,page_206.json,ok,
594084,Guest House,Comedy,images/594084_Guest_House_Comedy.jpg,https://image.tmdb.org/t/p/original/joSZjIzoXWqdtb2tRGlIlibscv8.jpg,page_206.json,ok,
517739,Bones for Otto,Comedy,images/517739_Bones_for_Otto_Comedy.jpg,https://image.tmdb.org/t/p/original/q7AmVpVxiX7n2aWgc0d9vhOUpwv.jpg,page_206.json,ok,
9293,John Tucker Must Die,Comedy,images/9293_John_Tucker_Must_Die_Comedy.jpg,https://image.tmdb.org/t/p/original/zf4QeuvuaARjcNMfrsV8BMCV12a.jpg,page_207.json,ok,
12797,Ghost Town,Comedy,images/12797_Ghost_Town_Comedy.jpg,https://image.tmdb.org/t/p/original/b8VS14DwpLlugTxVWSllYU0Gjn5.jpg,page_207.json,ok,
1095424,Satarcha Salman,Comedy,images/1095424_Satarcha_Salman_Comedy.jpg,https://image.tmdb.org/t/p/original/tUCTtIHBX3nSBrQdqZcbWdhBxWL.jpg,page_206.json,ok,
46329,Illegal Aliens,Comedy,images/46329_Illegal_Aliens_Comedy.jpg,https://image.tmdb.org/t/p/original/ArelBHcmcmUNiFzf7tkzowodmgf.jpg,page_207.json,ok,
9986,Charlotte's Web,Comedy,images/9986_Charlottes_Web_Comedy.jpg,https://image.tmdb.org/t/p/original/fU0IR5HF8KxQbZijuWKPTrY81Qv.jpg,page_207.json,ok,
878616,The Retreat,Thriller,images/878616_The_Retreat_Thriller.jpg,https://image.tmdb.org/t/p/original/8tadCiNIPkNdBQTQPjZZ6gXpjwU.jpg,page_207.json,ok,
457059,Paying Mr. McGetty,Comedy,images/457059_Paying_Mr._McGetty_Comedy.jpg,https://image.tmdb.org/t/p/original/cXPNxjNypiQHIClp0iMv2Oexrsg.jpg,page_207.json,ok,
627365,Inner Demons,Thriller,images/627365_Inner_Demons_Thriller.jpg,https://image.tmdb.org/t/p/original/aH3gYgmdbqZ5ucw2zAIFNf4oWJ4.jpg,page_207.json,ok,
186359,The Inside,Thriller,images/186359_The_Inside_Thriller.jpg,https://image.tmdb.org/t/p/original/T7JBlIhX2yQPFmJlUkhriTGy0o.jpg,page_208.json,ok,
565720,Give Me Liberty,Comedy,images/565720_Give_Me_Liberty_Comedy.jpg,https://image.tmdb.org/t/p/original/dua9PHGjGE8dmnYyp6CyfFUbO0Y.jpg,page_208.json,ok,
225565,That Awkward Moment,Comedy,images/225565_That_Awkward_Moment_Comedy.jpg,https://image.tmdb.org/t/p/original/tjDAdesZNYFyRNnZvLT0osc7S2t.jpg,page_208.json,ok,
96916,Sunset Stories,Comedy,images/96916_Sunset_Stories_Comedy.jpg,https://image.tmdb.org/t/p/original/smm3IHxa679YKHqkJaPdVBERfUF.jpg,page_208.json,ok,
335788,Renegades,Thriller,images/335788_Renegades_Thriller.jpg,https://image.tmdb.org/t/p/original/hx4nxhesaagsvJNhRw2fTobg8o.jpg,page_207.json,ok,
1148040,Booger,Comedy,images/1148040_Booger_Comedy.jpg,https://image.tmdb.org/t/p/original/b9I2lAvCyuUyjLg3fIwg8zzw4IQ.jpg,page_208.json,ok,
1254624,Night Always Comes,Thriller,images/1254624_Night_Always_Comes_Thriller.jpg,https://image.tmdb.org/t/p/original/1jDo1nG7rtjaaQGpr6e73x9i9Xp.jpg,page_208.json,ok,
10358,Zack and Miri Make a Porno,Comedy,images/10358_Zack_and_Miri_Make_a_Porno_Comedy.jpg,https://image.tmdb.org/t/p/original/ipePhKf87FixwfAVJ8MMWK53caI.jpg,page_208.json,ok,
466919,Forgotten Evil,Thriller,images/466919_Forgotten_Evil_Thriller.jpg,https://image.tmdb.org/t/p/original/sJZnbXEb1c1Fu60VGI1wlau8Em0.jpg,page_208.json,ok,
765786,195 Lewis,Comedy,images/765786_195_Lewis_Comedy.jpg,https://image.tmdb.org/t/p/original/8iJSrVKMGvu1KzGZNU4me4zAUwe.jpg,page_209.json,ok,
36996,The President's Man: A Line in the Sand,Thriller,images/36996_The_Presidents_Man_A_Line_in_the_Sand_Thriller.jpg,https://image.tmdb.org/t/p/original/l5Ty1z2IBQRJtxy16fWPnZev0RM.jpg,page_209.json,ok,
991140,The Ladies,Comedy,images/991140_The_Ladies_Comedy.jpg,https://image.tmdb.org/t/p/original/9AoZ3BYVHXkndDVemmnshj96oZg.jpg,page_209.json,ok,
662197,The Sweetheart Deal,Comedy,images/662197_The_Sweetheart_Deal_Comedy.jpg,https://image.tmdb.org/t/p/original/qvo2oDBZ4gnG6GMhmOnOaAbvmSZ.jpg,page_208.json,ok,
69110,Klepto,Comedy,images/69110_Klepto_Comedy.jpg,https://image.tmdb.org/t/p/original/9CJYpLNPXWNRPb4O16QnvbnnYnq.jpg,page_209.json,ok,
498945,Deadly Delusion,Thriller,images/498945_Deadly_Delusion_Thriller.jpg,https://image.tmdb.org/t/p/original/m86hEuK7E9xtXdTI0mZtUofPXgg.jpg,page_209.json,ok,
276839,Home Sweet Hell,Comedy,images/276839_Home_Sweet_Hell_Comedy.jpg,https://image.tmdb.org/t/p/original/a0S1ou77hJ8RAxGkpyZGbfUr2SG.jpg,page_209.json,ok,
550988,Free Guy,Comedy,images/550988_Free_Guy_Comedy.jpg,https://image.tmdb.org/t/p/original/6PFJrMvoQwBxQITLYHj09VeJ37q.jpg,page_21.json,ok,
179473,Compound Fracture,Thriller,images/179473_Compound_Fracture_Thriller.jpg,https://image.tmdb.org/t/p/original/jCj4NvKOf62dEsgfs2QrOgfznp4.jpg,page_209.json,ok,
260346,Taken 3,Thriller,images/260346_Taken_3_Thriller.jpg,https://image.tmdb.org/t/p/original/vzvMXMypMq7ieDofKThsxjHj9hn.jpg,page_21.json,ok,
122078,Confined,Thriller,images/122078_Confined_Thriller.jpg,https://image.tmdb.org/t/p/original/5vWols77gJjozQB87Bf7Mn8UCEB.jpg,page_206.json,ok,
1235746,Dead of Winter,Thriller,images/1235746_Dead_of_Winter_Thriller.jpg,https://image.tmdb.org/t/p/original/5DcrN62sGAiRJxt8rXSRlSRLwIE.jpg,page_21.json,ok,
10192,Shrek Forever After,Comedy,images/10192_Shrek_Forever_After_Comedy.jpg,https://image.tmdb.org/t/p/original/6HrfPZtKcGmX2tUWW3cnciZTaSD.jpg,page_21.json,ok,
1263256,Happy Gilmore 2,Comedy,images/1263256_Happy_Gilmore_2_Comedy.jpg,https://image.tmdb.org/t/p/original/ynT06XivgBDkg7AtbDbX1dJeBGY.jpg,page_21.json,ok,
493042,Humbug,Comedy,images/493042_Humbug_Comedy.jpg,https://image.tmdb.org/t/p/original/qbeCEjm2eCZ7lOwLGNIiTBIZmHv.jpg,page_210.json,ok,
1052280,It's What's Inside,Comedy,images/1052280_Its_Whats_Inside_Comedy.jpg,https://image.tmdb.org/t/p/original/6jzwaLoDurD6Jn2ILb42nFcn3xq.jpg,page_210.json,ok,
558742,Ghost Light,Comedy,images/558742_Ghost_Light_Comedy.jpg,https://image.tmdb.org/t/p/original/2iHEo16tOE6dnEN7ExgBlNIomXv.jpg,page_210.json,ok,
430354,Bushwick,Thriller,images/430354_Bushwick_Thriller.jpg,https://image.tmdb.org/t/p/original/9fGjmzxdiKWsrlY3syrm2aXeTq7.jpg,page_210.json,ok,
205775,In the Heart of the Sea,Thriller,images/205775_In_the_Heart_of_the_Sea_Thriller.jpg,https://image.tmdb.org/t/p/original/weVvNPfk6FM9vBg3BXtRtNAmiYM.jpg,page_210.json,ok,
549690,Spell,Thriller,images/549690_Spell_Thriller.jpg,https://image.tmdb.org/t/p/original/5IeUwmq6e5dUmAdnFdjQ7Yg8y7h.jpg,page_210.json,ok,
509598,Mr. Jones,Thriller,images/509598_Mr._Jones_Thriller.jpg,https://image.tmdb.org/t/p/original/vpCKOsAmKLD67mwugN6hrPvdPZl.jpg,page_210.json,ok,
17179,Two Weeks,Comedy,images/17179_Two_Weeks_Comedy.jpg,https://image.tmdb.org/t/p/original/jO7tUjxEVpx4RPuO8lw3lS8P57g.jpg,page_210.json,ok,
845078,The Stranger She Brought Home,Thriller,images/845078_The_Stranger_She_Brought_Home_Thriller.jpg,https://image.tmdb.org/t/p/original/o1w4699RnOwfenCE7M5rjoXgO9S.jpg,page_210.json,ok,
782474,Kidnapped,Thriller,images/782474_Kidnapped_Thriller.jpg,https://image.tmdb.org/t/p/original/s9YfXjDp388djaEYPck7GAhwPUN.jpg,page_210.json,ok,
428006,Desire,Thriller,images/428006_Desire_Thriller.jpg,https://image.tmdb.org/t/p/original/wqoQPQDJ6dykXjD98fZRaODb36L.jpg,page_211.json,ok,
879204,The Anti Love Pill,Comedy,images/879204_The_Anti_Love_Pill_Comedy.jpg,https://image.tmdb.org/t/p/original/8NP9J9c3NcwAkMtiNZQt3MVxXgV.jpg,page_208.json,ok,
1223245,Normalize,Comedy,images/1223245_Normalize_Comedy.jpg,https://image.tmdb.org/t/p/original/c574e8PKZRQHOnB4yGGd2w27joD.jpg,page_211.json,ok,
259694,How to Be Single,Comedy,images/259694_How_to_Be_Single_Comedy.jpg,https://image.tmdb.org/t/p/original/a4Ce3qHqIyHM3QfGsiVTAu3YADJ.jpg,page_211.json,ok,
78557,Presumed Dead,Thriller,images/78557_Presumed_Dead_Thriller.jpg,https://image.tmdb.org/t/p/original/5mzZ9f27dtsA5fEjGH6En8Ra5jB.jpg,page_211.json,ok,
1092983,Wüm,Comedy,images/1092983_Wm_Comedy.jpg,https://image.tmdb.org/t/p/original/5as4yHyWDW8aReDx0Tyz0YTzvhH.jpg,page_211.json,ok,
36911,Shredder,Comedy,images/36911_Shredder_Comedy.jpg,https://image.tmdb.org/t/p/original/zdEnifU9Zm6L4CRnnHVRvgFWPCm.jpg,page_211.json,ok,
166641,The Hustle,Thriller,images/166641_The_Hustle_Thriller.jpg,https://image.tmdb.org/t/p/original/vyZQcpHIqHaZPu3DOEGbHvqJN11.jpg,page_212.json,ok,
26907,Duane Hopwood,Comedy,images/26907_Duane_Hopwood_Comedy.jpg,https://image.tmdb.org/t/p/original/AmWM5EcFuLUOrklT0f0wKnNIHwa.jpg,page_212.json,ok,
47836,Gretchen,Comedy,images/47836_Gretchen_Comedy.jpg,https://image.tmdb.org/t/p/original/u0KlVbzF1QL2uYUnBk7lkcgLLoz.jpg,page_212.json,ok,
4613,Scorched,Comedy,images/4613_Scorched_Comedy.jpg,https://image.tmdb.org/t/p/original/bIBHeN4GkkNx0TBSiqGdqLSf4fd.jpg,page_213.json,ok,
1043870,Reverse the Curse,Comedy,images/1043870_Reverse_the_Curse_Comedy.jpg,https://image.tmdb.org/t/p/original/yvKMYcUKcN9U6XE9SUYJtDoGgl4.jpg,page_212.json,ok,
463031,The Catch,Comedy,images/463031_The_Catch_Comedy.jpg,https://image.tmdb.org/t/p/original/xXmSAO6Amd0nGL4dyfkWfpwv6nO.jpg,page_212.json,ok,
241251,The Boy Next Door,Thriller,images/241251_The_Boy_Next_Door_Thriller.jpg,https://image.tmdb.org/t/p/original/gicmSeLG6Uh7BF1r1mxZHUQ8r26.jpg,page_213.json,ok,
1477476,Savage Flowers,Thriller,images/1477476_Savage_Flowers_Thriller.jpg,https://image.tmdb.org/t/p/original/uWIXtnR5NbKbOimPUWIFMYWZXqK.jpg,page_213.json,ok,
1183563,Wrongful Death,Thriller,images/1183563_Wrongful_Death_Thriller.jpg,https://image.tmdb.org/t/p/original/ggzfYFXJkIZPVYKV5ADrwPNLLG.jpg,page_213.json,ok,
550765,Squirrel,Comedy,images/550765_Squirrel_Comedy.jpg,https://image.tmdb.org/t/p/original/gclruNfPAvsRtgakJiNiXplmUPz.jpg,page_213.json,ok,
1095186,Deadly Estate,Thriller,images/1095186_Deadly_Estate_Thriller.jpg,https://image.tmdb.org/t/p/original/wQo2d80arhZZ3pBxvEaK8Y3MAZT.jpg,page_213.json,ok,
492413,The Big Sleaze,Comedy,images/492413_The_Big_Sleaze_Comedy.jpg,https://image.tmdb.org/t/p/original/aXaewuWebll6hJKCIK5DXa6yb1q.jpg,page_211.json,ok,
47407,Milf,Comedy,images/47407_Milf_Comedy.jpg,https://image.tmdb.org/t/p/original/2iciKTqt0ioOh6TFaXXVUqKPVj9.jpg,page_213.json,ok,
447682,Boundaries,Comedy,images/447682_Boundaries_Comedy.jpg,https://image.tmdb.org/t/p/original/7HcKCHQe9FfU2xCDBYzDWpkQJ0u.jpg,page_213.json,ok,
382684,Mob Handed,Thriller,images/382684_Mob_Handed_Thriller.jpg,https://image.tmdb.org/t/p/original/43ZNUS4U2rawFGO5WLWqw9pfmpr.jpg,page_213.json,ok,
73541,You Should Meet My Son!,Comedy,images/73541_You_Should_Meet_My_Son_Comedy.jpg,https://image.tmdb.org/t/p/original/lVT7S1nOVXOlwBE8LuUt4BUoX2t.jpg,page_213.json,ok,
369601,Burst,Comedy,images/369601_Burst_Comedy.jpg,https://image.tmdb.org/t/p/original/bKbc53w45pSEzLP7e1cO5w3rq66.jpg,page_213.json,ok,
1203612,Jingle Smells,Comedy,images/1203612_Jingle_Smells_Comedy.jpg,https://image.tmdb.org/t/p/original/xdxUWdRrPNmpRb1x68OFKOez3iL.jpg,page_213.json,ok,
12802,Goldfish Memory,Comedy,images/12802_Goldfish_Memory_Comedy.jpg,https://image.tmdb.org/t/p/original/suAI6GzznyVrMpd3esgzOP906jI.jpg,page_214.json,ok,
1081000,Dollhouse,Thriller,images/1081000_Dollhouse_Thriller.jpg,https://image.tmdb.org/t/p/original/iI4EZILlN4cF5FH5pC9Xbbrq8s7.jpg,page_214.json,ok,
889418,Love Hurts,Thriller,images/889418_Love_Hurts_Thriller.jpg,https://image.tmdb.org/t/p/original/xuIUfp5BuuHj8SbyutauxSGm9gJ.jpg,page_214.json,ok,
878299,Grand Gesture,Comedy,images/878299_Grand_Gesture_Comedy.jpg,https://image.tmdb.org/t/p/original/aeNhrP5HN1mGHRY2Imot1FvfjSt.jpg,page_210.json,ok,
801776,Rey,Comedy,images/801776_Rey_Comedy.jpg,https://image.tmdb.org/t/p/original/tx9fUFFjRgyflbQEks4IlWBirKe.jpg,page_214.json,ok,
255343,Escobar: Paradise Lost,Thriller,images/255343_Escobar_Paradise_Lost_Thriller.jpg,https://image.tmdb.org/t/p/original/4HngNLzCmUYCPB8FbxSZWN0eDKM.jpg,page_214.json,ok,
455941,Saving Jane,Comedy,images/455941_Saving_Jane_Comedy.jpg,https://image.tmdb.org/t/p/original/g9Mag3EGfrMJf2zKoylJ9kay5Zk.jpg,page_214.json,ok,
459845,Rabbit,Thriller,images/459845_Rabbit_Thriller.jpg,https://image.tmdb.org/t/p/original/76SELkvfvncs0Agjb0CPSFQhj6w.jpg,page_215.json,ok,
344854,The Pack,Thriller,images/344854_The_Pack_Thriller.jpg,https://image.tmdb.org/t/p/original/qe8Xue6kXAj4Cf42Phz7R165LAz.jpg,page_215.json,ok,
70578,Trespass,Thriller,images/70578_Trespass_Thriller.jpg,https://image.tmdb.org/t/p/original/yP60huMcPTWOJfplRLi4FQAEQxX.jpg,page_215.json,ok,
326276,Crackerjack,Comedy,images/326276_Crackerjack_Comedy.jpg,https://image.tmdb.org/t/p/original/rSDOBBs4fdBP65hjftu5xYsIgNF.jpg,page_215.json,ok,
402877,Critical Lifeline,Thriller,images/402877_Critical_Lifeline_Thriller.jpg,https://image.tmdb.org/t/p/original/zRqFnHth2e8zpN9aVVLlTVy5o6m.jpg,page_215.json,ok,
332500,College Coeds vs. Zombie Housewives,Comedy,images/332500_College_Coeds_vs._Zombie_Housewives_Comedy.jpg,https://image.tmdb.org/t/p/original/7Mk9DNb4SA4YFWyYaeoJhnM2AUN.jpg,page_215.json,ok,
588717,Nearly Married,Comedy,images/588717_Nearly_Married_Comedy.jpg,https://image.tmdb.org/t/p/original/e8xRTEzpXRo9fv0O6TDwXQSUXjp.jpg,page_215.json,ok,
25432,Soccer Mom,Comedy,images/25432_Soccer_Mom_Comedy.jpg,https://image.tmdb.org/t/p/original/hKQhXoWStscF9Xmy5KQYYPkLt3B.jpg,page_215.json,ok,
358897,Beast,Thriller,images/358897_Beast_Thriller.jpg,https://image.tmdb.org/t/p/original/nflasqL3zJolekWPiUw7zN4LiOg.jpg,page_216.json,ok,
13996,Bottle Shock,Comedy,images/13996_Bottle_Shock_Comedy.jpg,https://image.tmdb.org/t/p/original/DMc4eRfU0RA2SX2oGR3YllEhH7.jpg,page_216.json,ok,
10327,"Legally Blonde 2: Red, White & Blonde",Comedy,images/10327_Legally_Blonde_2_Red_White__Blonde_Comedy.jpg,https://image.tmdb.org/t/p/original/4kC0UGTuJgFnlZq2ZM6OiY7nuY8.jpg,page_216.json,ok,
242462,The Activist,Thriller,images/242462_The_Activist_Thriller.jpg,https://image.tmdb.org/t/p/original/iDLZxivOM34Ke6HXVXSEuJ4ZWlj.jpg,page_215.json,ok,
50598,Zonad,Comedy,images/50598_Zonad_Comedy.jpg,https://image.tmdb.org/t/p/original/7F38IbH2LBLEubWVtytQBBGU5Mv.jpg,page_213.json,ok,
941940,Modulation Nowhere,Thriller,images/941940_Modulation_Nowhere_Thriller.jpg,https://image.tmdb.org/t/p/original/sgsi04hMYCfTcDNwlsNc3IRYc9Y.jpg,page_213.json,ok,
896910,Soul Santa,Comedy,images/896910_Soul_Santa_Comedy.jpg,https://image.tmdb.org/t/p/original/wRQsCsIplGjyhLFMBa3IZbQp9Ss.jpg,page_216.json,ok,
1073735,Feeling Randy,Comedy,images/1073735_Feeling_Randy_Comedy.jpg,https://image.tmdb.org/t/p/original/aeSeclGa8aP6JxEoFpvawx8LDo.jpg,page_217.json,ok,
1165096,F+,Comedy,images/1165096_F_Comedy.jpg,https://image.tmdb.org/t/p/original/f0qeTgIcGZ6s3jz5xg8PQ7K0MZO.jpg,page_216.json,ok,
362227,Night of Something Strange,Comedy,images/362227_Night_of_Something_Strange_Comedy.jpg,https://image.tmdb.org/t/p/original/4pzLkqluK3CoFBPtLx5fEVeRSaP.jpg,page_217.json,ok,
446101,Assassination Nation,Thriller,images/446101_Assassination_Nation_Thriller.jpg,https://image.tmdb.org/t/p/original/dMg1wPakqPx54yMzm0OuHn1jl42.jpg,page_217.json,ok,
580629,Get Duked!,Comedy,images/580629_Get_Duked_Comedy.jpg,https://image.tmdb.org/t/p/original/b52nqFj5XrBNA7MhqcnENvFsHtx.jpg,page_217.json,ok,
417028,The Swap,Comedy,images/417028_The_Swap_Comedy.jpg,https://image.tmdb.org/t/p/original/4GvjFcWaSnVrbHjFof1Sy8tZK1r.jpg,page_217.json,ok,
79915,Repo,Comedy,images/79915_Repo_Comedy.jpg,https://image.tmdb.org/t/p/original/z6pFZAfGJt9jtV2CpIcajM2qjNo.jpg,page_217.json,ok,
1204781,Meatball Assassino,Comedy,images/1204781_Meatball_Assassino_Comedy.jpg,https://image.tmdb.org/t/p/original/io8JchMd5EJyAP2mgmoeEOUVZYU.jpg,page_215.json,ok,
514396,Invasion Ireland,Comedy,images/514396_Invasion_Ireland_Comedy.jpg,https://image.tmdb.org/t/p/original/2Y9eKN2xz1s0eI6Pgs7QaAusGYl.jpg,page_217.json,ok,
1257778,Just Breathe,Thriller,images/1257778_Just_Breathe_Thriller.jpg,https://image.tmdb.org/t/p/original/vXtJKt9vJTyMclwCsNKPMD8JC63.jpg,page_217.json,ok,
15373,Role Models,Comedy,images/15373_Role_Models_Comedy.jpg,https://image.tmdb.org/t/p/original/d5SatGKWi0VpO9QX0Z74zLh9i91.jpg,page_218.json,ok,
1183002,The Image of You,Thriller,images/1183002_The_Image_of_You_Thriller.jpg,https://image.tmdb.org/t/p/original/gboq2oB6QNBcW32V0A8uOajTwXU.jpg,page_218.json,ok,
9621,Elizabethtown,Comedy,images/9621_Elizabethtown_Comedy.jpg,https://image.tmdb.org/t/p/original/mOdlzAQxhMgiaazRzif1YtJzg9s.jpg,page_218.json,ok,
881857,Mistletoe in Montana,Comedy,images/881857_Mistletoe_in_Montana_Comedy.jpg,https://image.tmdb.org/t/p/original/pHmIz1gyh43kUub2arnZTQQ3aWF.jpg,page_218.json,ok,
466174,Knuckleball,Thriller,images/466174_Knuckleball_Thriller.jpg,https://image.tmdb.org/t/p/original/sAxyuS0A9527vBSiv3IZCpqi38R.jpg,page_218.json,ok,
34058,W.C.,Comedy,images/34058_W.C._Comedy.jpg,https://image.tmdb.org/t/p/original/1ntRX5QZkSaf21TpX6bRVWZgfr9.jpg,page_219.json,ok,
24123,Cake,Comedy,images/24123_Cake_Comedy.jpg,https://image.tmdb.org/t/p/original/oFsEI7Ou2GGdYaPrl1VbJnhfGdU.jpg,page_218.json,ok,
8386,How High,Comedy,images/8386_How_High_Comedy.jpg,https://image.tmdb.org/t/p/original/qWF784YqUZE8KhbBfuqhMSzmUPs.jpg,page_218.json,ok,
828051,Dear Affy,Comedy,images/828051_Dear_Affy_Comedy.jpg,https://image.tmdb.org/t/p/original/9eF4DBqiF1UltIYTPFfQ6NXpLWj.jpg,page_218.json,ok,
450499,SpaceDisco One,Comedy,images/450499_SpaceDisco_One_Comedy.jpg,https://image.tmdb.org/t/p/original/l9a68KT00gAOXKHt8bYV55TEs9l.jpg,page_216.json,ok,
6615,Lars and the Real Girl,Comedy,images/6615_Lars_and_the_Real_Girl_Comedy.jpg,https://image.tmdb.org/t/p/original/nkAt4a7KIPc7Fi1BhxNHhYYbe2b.jpg,page_219.json,ok,
241254,The Prince,Thriller,images/241254_The_Prince_Thriller.jpg,https://image.tmdb.org/t/p/original/22b2fmxhZveWSyWkgUz2y94fp3w.jpg,page_219.json,ok,
779207,Hollywood,Comedy,images/779207_Hollywood_Comedy.jpg,https://image.tmdb.org/t/p/original/plBxZkBbknWmb90TEsgwrVIvUF7.jpg,page_219.json,ok,
816757,Jeremiah Watkins: Family Reunion,Comedy,images/816757_Jeremiah_Watkins_Family_Reunion_Comedy.jpg,https://image.tmdb.org/t/p/original/f8LoHkKAVPf97syKqSx0HqWDv95.jpg,page_219.json,ok,
852858,Glasshouse,Thriller,images/852858_Glasshouse_Thriller.jpg,https://image.tmdb.org/t/p/original/2HFLUZ0LWKDQa4xiUnjeM9ZKa0q.jpg,page_219.json,ok,
612706,Work It,Comedy,images/612706_Work_It_Comedy.jpg,https://image.tmdb.org/t/p/original/b5XfICAvUe8beWExBz97i0Qw4Qh.jpg,page_219.json,ok,
38365,Grown Ups,Comedy,images/38365_Grown_Ups_Comedy.jpg,https://image.tmdb.org/t/p/original/ys0LscDFAuZxfUcpH5moiPeFfXs.jpg,page_22.json,ok,
1337562,Splitsville,Comedy,images/1337562_Splitsville_Comedy.jpg,https://image.tmdb.org/t/p/original/gxCv6kUdywxYzIXX6xYcmX5APUV.jpg,page_22.json,ok,
1506034,Wormbug,Comedy,images/1506034_Wormbug_Comedy.jpg,https://image.tmdb.org/t/p/original/sNVQmYrkMzDxKpY52jtjhdu8KDi.jpg,page_219.json,ok,
318846,The Big Short,Comedy,images/318846_The_Big_Short_Comedy.jpg,https://image.tmdb.org/t/p/original/scVEaJEwP8zUix8vgmMoJJ9Nq0w.jpg,page_22.json,ok,
23134,Totally Awesome,Comedy,images/23134_Totally_Awesome_Comedy.jpg,https://image.tmdb.org/t/p/original/2OGYEK2Jl5E520LHJ51a2IryVDw.jpg,page_22.json,ok,
1563377,FARM,Comedy,images/1563377_FARM_Comedy.jpg,https://image.tmdb.org/t/p/original/ptyvtqC6MFACUyB50Upa9pJ4PDB.jpg,page_220.json,ok,
67952,Kathleen Madigan: Gone Madigan,Comedy,images/67952_Kathleen_Madigan_Gone_Madigan_Comedy.jpg,https://image.tmdb.org/t/p/original/vQ2oFpoucCc0s3tV6gmoqY4gSFZ.jpg,page_220.json,ok,
95755,Small Apartments,Comedy,images/95755_Small_Apartments_Comedy.jpg,https://image.tmdb.org/t/p/original/z7j98OiCC6v0gOXJ9VF5t2kV169.jpg,page_220.json,ok,
281532,What Would You Do for Love,Comedy,images/281532_What_Would_You_Do_for_Love_Comedy.jpg,https://image.tmdb.org/t/p/original/6ivzT7L5Odwz74BMibwe9nLbMIr.jpg,page_220.json,ok,
13193,Saved!,Comedy,images/13193_Saved_Comedy.jpg,https://image.tmdb.org/t/p/original/nmf2tFTcRJZVEQ9e3mgLH5gAQYs.jpg,page_220.json,ok,
43998,Method,Thriller,images/43998_Method_Thriller.jpg,https://image.tmdb.org/t/p/original/65tVet6rXPI13HIuuNTrR535cVz.jpg,page_220.json,ok,
775912,Chateau Vato,Comedy,images/775912_Chateau_Vato_Comedy.jpg,https://image.tmdb.org/t/p/original/n062x0kySk5TddlIesGLlFwA6Li.jpg,page_220.json,ok,
499591,Bucky and the Squirrels,Comedy,images/499591_Bucky_and_the_Squirrels_Comedy.jpg,https://image.tmdb.org/t/p/original/mQAJ1068z4WtujqUtMuGAb2n3ey.jpg,page_220.json,ok,
750591,Hannahs,Comedy,images/750591_Hannahs_Comedy.jpg,https://image.tmdb.org/t/p/original/2st0kTKV9tb8odtTH99GXu7h64U.jpg,page_220.json,ok,
203266,Beneath the Surface,Comedy,images/203266_Beneath_the_Surface_Comedy.jpg,https://image.tmdb.org/t/p/original/9ObIPRJ4bIlm2SlXodZvIae8eEx.jpg,page_221.json,ok,
552504,Zoo,Comedy,images/552504_Zoo_Comedy.jpg,https://image.tmdb.org/t/p/original/sxd0D0NnTB5TZklh9MQ1CX7QZ5D.jpg,page_221.json,ok,
36703,Beeswax,Comedy,images/36703_Beeswax_Comedy.jpg,https://image.tmdb.org/t/p/original/fKhLIS8JC54o4yD2BHRuGhsz7l5.jpg,page_221.json,ok,
10432,Hack!,Comedy,images/10432_Hack_Comedy.jpg,https://image.tmdb.org/t/p/original/bMYJsQzAObi5m3zcXldSiyLAOaa.jpg,page_221.json,ok,
1088096,Goodrich,Comedy,images/1088096_Goodrich_Comedy.jpg,https://image.tmdb.org/t/p/original/silxnsoelZ0qXp4Bm2spBY949iP.jpg,page_221.json,ok,
362081,Bertud Ng Putik,Comedy,images/362081_Bertud_Ng_Putik_Comedy.jpg,https://image.tmdb.org/t/p/original/xK1he3qAphaGn89suIBmSW6I6Zz.jpg,page_221.json,ok,
924821,Deadly Dance Competition,Thriller,images/924821_Deadly_Dance_Competition_Thriller.jpg,https://image.tmdb.org/t/p/original/xpAvQGKSePaMM8qk6YMdV5SZZEj.jpg,page_221.json,ok,
125504,A Christmas Story 2,Comedy,images/125504_A_Christmas_Story_2_Comedy.jpg,https://image.tmdb.org/t/p/original/eBm9Yi8YRxdcIg7mbOiKTdX0G28.jpg,page_221.json,ok,
659475,Bully,Comedy,images/659475_Bully_Comedy.jpg,https://image.tmdb.org/t/p/original/a5DjjvBgcWUSzjS9K4qzGAXXOh6.jpg,page_221.json,ok,
1109397,Screening Party,Comedy,images/1109397_Screening_Party_Comedy.jpg,https://image.tmdb.org/t/p/original/5VQ3zLIXn4QiX2w1Y7G6h5tGGQ8.jpg,page_217.json,ok,
200580,Spud 2: The Madness Continues,Comedy,images/200580_Spud_2_The_Madness_Continues_Comedy.jpg,https://image.tmdb.org/t/p/original/sCVS5XKFd1ozwxDa6FkvP7X1pSi.jpg,page_222.json,ok,
524247,The Intruder,Thriller,images/524247_The_Intruder_Thriller.jpg,https://image.tmdb.org/t/p/original/p9xKyetr0ihJ2K6HJMeXzc4IwEv.jpg,page_222.json,ok,
15745,Made,Comedy,images/15745_Made_Comedy.jpg,https://image.tmdb.org/t/p/original/4HC6ieptXO2gjqbSEsfkOwsGubN.jpg,page_222.json,ok,
1563013,Taken at a Truck Stop: A Black Girl Missing Movie,Thriller,images/1563013_Taken_at_a_Truck_Stop_A_Black_Girl_Missing_Movie_Thriller.jpg,https://image.tmdb.org/t/p/original/2gjVVM8rrDOML9leax2Ye8wgNPL.jpg,page_222.json,ok,
44181,National Lampoon's Gold Diggers,Comedy,images/44181_National_Lampoons_Gold_Diggers_Comedy.jpg,https://image.tmdb.org/t/p/original/mOCAfLSo6hkAIdWRCvNwquwsPwy.jpg,page_223.json,ok,
526050,Little,Comedy,images/526050_Little_Comedy.jpg,https://image.tmdb.org/t/p/original/4MDB6jJl3U7xK1Gw64zIqt9pQA4.jpg,page_222.json,ok,
17439,Diggers,Comedy,images/17439_Diggers_Comedy.jpg,https://image.tmdb.org/t/p/original/npNZT7xFFTMtEQjM7FrCe31fAxM.jpg,page_223.json,ok,
790416,Showing Up,Comedy,images/790416_Showing_Up_Comedy.jpg,https://image.tmdb.org/t/p/original/iJw55oTb2MlG4NWjq3sbIFUVU76.jpg,page_223.json,ok,
347945,Synchronicity,Thriller,images/347945_Synchronicity_Thriller.jpg,https://image.tmdb.org/t/p/original/wGHoYDswvx96PVF43qFErVAnQHS.jpg,page_223.json,ok,
20034,Hush,Thriller,images/20034_Hush_Thriller.jpg,https://image.tmdb.org/t/p/original/lJH4yVlQuMwqgZM6UOTVzfqFSp4.jpg,page_223.json,ok,
1214170,Frienemies,Comedy,images/1214170_Frienemies_Comedy.jpg,https://image.tmdb.org/t/p/original/vRjOyfbNFb85JN8oeCMmBSu1oXx.jpg,page_223.json,ok,
652962,Half Brothers,Comedy,images/652962_Half_Brothers_Comedy.jpg,https://image.tmdb.org/t/p/original/Apl0WFx61trVOoxvc8Erd5cbP8X.jpg,page_223.json,ok,
953542,Cryo,Thriller,images/953542_Cryo_Thriller.jpg,https://image.tmdb.org/t/p/original/v5TV49AaIdZ1jiTCTYAF420mal8.jpg,page_223.json,ok,
67026,Esli Nevesta Vedma,Comedy,images/67026_Esli_Nevesta_Vedma_Comedy.jpg,https://image.tmdb.org/t/p/original/4n5Gxfd8OCHZQACK9tfn4Lf34zX.jpg,page_223.json,ok,
745745,Sullivan,Comedy,images/745745_Sullivan_Comedy.jpg,https://image.tmdb.org/t/p/original/lnjrho6qfYPwu5jC8RD2JpAcNJg.jpg,page_221.json,ok,
633388,The Handyman,Comedy,images/633388_The_Handyman_Comedy.jpg,https://image.tmdb.org/t/p/original/apNa6fBL466k3K0SjBnjlgPH3JT.jpg,page_224.json,ok,
227700,Anna,Thriller,images/227700_Anna_Thriller.jpg,https://image.tmdb.org/t/p/original/sgMGvWai7E1Ryf9IvB5m0ILS7hl.jpg,page_224.json,ok,
77261,Five,Comedy,images/77261_Five_Comedy.jpg,https://image.tmdb.org/t/p/original/kCnGAGZkpLJZ0ZENIP9yznOwDil.jpg,page_224.json,ok,
1195988,Matt Rife: Natural Selection,Comedy,images/1195988_Matt_Rife_Natural_Selection_Comedy.jpg,https://image.tmdb.org/t/p/original/hnSCLaB4phSI2B4I3ErUlQ1IGLN.jpg,page_225.json,ok,
1060839,Summoning Sylvia,Comedy,images/1060839_Summoning_Sylvia_Comedy.jpg,https://image.tmdb.org/t/p/original/f73jLLuwof34BqmoScqYMBeVqsY.jpg,page_225.json,ok,
776190,Suburban Nightmare,Thriller,images/776190_Suburban_Nightmare_Thriller.jpg,https://image.tmdb.org/t/p/original/vk8dVZXRwh0pklh4kKYZ3Kq8wOL.jpg,page_225.json,ok,
1457785,Haunted Trumpet,Comedy,images/1457785_Haunted_Trumpet_Comedy.jpg,https://image.tmdb.org/t/p/original/8q1vNcLir2z81C0HKyFP8STWC7r.jpg,page_221.json,ok,
360796,Summer Forever,Comedy,images/360796_Summer_Forever_Comedy.jpg,https://image.tmdb.org/t/p/original/cqyLrsPzzuO2SXdFX9xp3j7iCHf.jpg,page_225.json,ok,
845404,Tyler Perry's A Madea Homecoming,Comedy,images/845404_Tyler_Perrys_A_Madea_Homecoming_Comedy.jpg,https://image.tmdb.org/t/p/original/fWJXNc0Q0qIXU8O8hcUmH0iCYzu.jpg,page_225.json,ok,
9397,Evolution,Comedy,images/9397_Evolution_Comedy.jpg,https://image.tmdb.org/t/p/original/dwIrP544LxJtXToLpzkEa08pIMm.jpg,page_225.json,ok,
357964,Hide & Seek,Thriller,images/357964_Hide__Seek_Thriller.jpg,https://image.tmdb.org/t/p/original/pyTRdCvBhwNLjE7kDR2tSNXA21g.jpg,page_225.json,ok,
76591,Christmas Lights,Comedy,images/76591_Christmas_Lights_Comedy.jpg,https://image.tmdb.org/t/p/original/6pjETpH5w8DhT67yn5NJIzMtNa7.jpg,page_225.json,ok,
338286,I Alone,Comedy,images/338286_I_Alone_Comedy.jpg,https://image.tmdb.org/t/p/original/AcSqDomiwCofbnSz8eUzvkE948J.jpg,page_226.json,ok,
418667,Dear Dictator,Comedy,images/418667_Dear_Dictator_Comedy.jpg,https://image.tmdb.org/t/p/original/2YFCAAZUUpj66gLAMqRhwpY1U34.jpg,page_225.json,ok,
201430,Strange Frequency,Comedy,images/201430_Strange_Frequency_Comedy.jpg,https://image.tmdb.org/t/p/original/yvoZCFCiYF2otk8Gf0hZrPDgZbu.jpg,page_225.json,ok,
286654,Reclaim,Thriller,images/286654_Reclaim_Thriller.jpg,https://image.tmdb.org/t/p/original/cphb4lOZwv7Dt15YjysaaGQbiXg.jpg,page_226.json,ok,
821360,Sisters for Life,Thriller,images/821360_Sisters_for_Life_Thriller.jpg,https://image.tmdb.org/t/p/original/rtj6s220bAc3WewzWpUmT3l2KCf.jpg,page_226.json,ok,
1364283,The Cockroach,Comedy,images/1364283_The_Cockroach_Comedy.jpg,https://image.tmdb.org/t/p/original/jaDYiJf7odgRibDkk3iZ4byXov6.jpg,page_225.json,ok,
417870,Girls Trip,Comedy,images/417870_Girls_Trip_Comedy.jpg,https://image.tmdb.org/t/p/original/mdsHCFt2PeZacEr38y2p5RRf6Hl.jpg,page_226.json,ok,
598689,Between Friends: Ithala,Comedy,images/598689_Between_Friends_Ithala_Comedy.jpg,https://image.tmdb.org/t/p/original/37KO9nqbYiLJGkjbcTv10nI6yCR.jpg,page_226.json,ok,
212808,Angst,Comedy,images/212808_Angst_Comedy.jpg,https://image.tmdb.org/t/p/original/lQk4pPEoOFzBJ3B2fZ0QEkcRQxB.jpg,page_226.json,ok,
436494,Feral,Thriller,images/436494_Feral_Thriller.jpg,https://image.tmdb.org/t/p/original/vZ72SsxEP9XSx3StaazsMwBi9C0.jpg,page_226.json,ok,
15045,Fat Albert,Comedy,images/15045_Fat_Albert_Comedy.jpg,https://image.tmdb.org/t/p/original/lvj7j4qppMRtizepOZgmZ9Td1BN.jpg,page_227.json,ok,
19782,Mama Jack,Comedy,images/19782_Mama_Jack_Comedy.jpg,https://image.tmdb.org/t/p/original/ftMuRRl8tLlnzKRnVI3SeHyuCGh.jpg,page_227.json,ok,
33586,Heavy Petting,Comedy,images/33586_Heavy_Petting_Comedy.jpg,https://image.tmdb.org/t/p/original/5m828dZSo4HAc6qo4Ksr7VxUIKx.jpg,page_227.json,ok,
93407,Animal,Thriller,images/93407_Animal_Thriller.jpg,https://image.tmdb.org/t/p/original/k9S426SEnfZnQBAbdU9Tq6vY2WE.jpg,page_227.json,ok,
298872,Dollah Superstar,Comedy,images/298872_Dollah_Superstar_Comedy.jpg,https://image.tmdb.org/t/p/original/fcd7PbbLZ3ImgXEZWPIP98onwSO.jpg,page_227.json,ok,
1217048,Wallbanger,Comedy,images/1217048_Wallbanger_Comedy.jpg,https://image.tmdb.org/t/p/original/bHXdIPo2mrzLYb1G9O8e4GEo3e5.jpg,page_227.json,ok,
620725,Jexi,Comedy,images/620725_Jexi_Comedy.jpg,https://image.tmdb.org/t/p/original/sizYjc8lAFStRZXtI1uRBDsOTt6.jpg,page_227.json,ok,
803104,Sex Appeal,Comedy,images/803104_Sex_Appeal_Comedy.jpg,https://image.tmdb.org/t/p/original/mpwXOeSSQdBjUpyQqf6YHYbSTFO.jpg,page_227.json,ok,
83384,Dark Horse,Comedy,images/83384_Dark_Horse_Comedy.jpg,https://image.tmdb.org/t/p/original/47nbkrQQSdFKJY9BwR6rfeTOvWk.jpg,page_228.json,ok,
381712,Taking Stock,Comedy,images/381712_Taking_Stock_Comedy.jpg,https://image.tmdb.org/t/p/original/iren8YAsOmVVi4M0Ddl2QZuobi.jpg,page_227.json,ok,
145328,Apa Celop Toqq,Comedy,images/145328_Apa_Celop_Toqq_Comedy.jpg,https://image.tmdb.org/t/p/original/mmJzVKhT4JBBT0vYv4GTNt5vbnj.jpg,page_222.json,ok,
1311788,Little Girl in the Window,Thriller,images/1311788_Little_Girl_in_the_Window_Thriller.jpg,https://image.tmdb.org/t/p/original/enDmbOS68TxvbIMbgOc9kWFiF4a.jpg,page_228.json,ok,
16899,Easy Virtue,Comedy,images/16899_Easy_Virtue_Comedy.jpg,https://image.tmdb.org/t/p/original/k9bGewoi6SWPTFQfUbn6ve06TY9.jpg,page_228.json,ok,
474933,Life Hack,Comedy,images/474933_Life_Hack_Comedy.jpg,https://image.tmdb.org/t/p/original/tR5uXxguARJz11qu3a0jdDZEYkU.jpg,page_228.json,ok,
462550,Family,Comedy,images/462550_Family_Comedy.jpg,https://image.tmdb.org/t/p/original/vUhBEVwzvLsbWRnUNQsWkj7luAE.jpg,page_228.json,ok,
453203,Tilt,Thriller,images/453203_Tilt_Thriller.jpg,https://image.tmdb.org/t/p/original/aW0VILEFPeSeuSgQlRgO7Ooqdwn.jpg,page_228.json,ok,
1476857,Unbalanced,Comedy,images/1476857_Unbalanced_Comedy.jpg,https://image.tmdb.org/t/p/original/88bIDdnKdeYBmgtPStDgFiStctE.jpg,page_228.json,ok,
209338,Kalamazoo?,Comedy,images/209338_Kalamazoo_Comedy.jpg,https://image.tmdb.org/t/p/original/pvPVIwVbhmo1p7MAHk47Czp5PjI.jpg,page_228.json,ok,
494974,Red Joan,Thriller,images/494974_Red_Joan_Thriller.jpg,https://image.tmdb.org/t/p/original/uTQWDi31W4RpxviHGyiwEYHXDDA.jpg,page_228.json,ok,
325110,Bark Ranger,Comedy,images/325110_Bark_Ranger_Comedy.jpg,https://image.tmdb.org/t/p/original/z8naofIU9cJeJOmQfUBHrPkySmi.jpg,page_228.json,ok,
737229,Twisted Pieces,Thriller,images/737229_Twisted_Pieces_Thriller.jpg,https://image.tmdb.org/t/p/original/vgji0IwlhjZUk4sE9ZMiCamRkix.jpg,page_228.json,ok,
977223,Polite Society,Comedy,images/977223_Polite_Society_Comedy.jpg,https://image.tmdb.org/t/p/original/Af1izSvHbGu6JiFTVzgfKxWQOfs.jpg,page_228.json,ok,
852247,Problemista,Comedy,images/852247_Problemista_Comedy.jpg,https://image.tmdb.org/t/p/original/8R5s0optPNlTncP876bK8gWGkRK.jpg,page_228.json,ok,
15527,OTIS,Comedy,images/15527_OTIS_Comedy.jpg,https://image.tmdb.org/t/p/original/hDujIe7PxXxxkWK844sCTkwqxCu.jpg,page_229.json,ok,
434574,Havana Darkness,Thriller,images/434574_Havana_Darkness_Thriller.jpg,https://image.tmdb.org/t/p/original/yjnsQlZWgp9Wsc9OCbHt4KaNgx6.jpg,page_228.json,ok,
3489,88 Minutes,Thriller,images/3489_88_Minutes_Thriller.jpg,https://image.tmdb.org/t/p/original/oDZu8UGTLRw7jcDKmTdm7O87bnq.jpg,page_229.json,ok,
239233,Deadly Betrayal,Thriller,images/239233_Deadly_Betrayal_Thriller.jpg,https://image.tmdb.org/t/p/original/vjmJdmduDxrQJoeArg1TSM6ueXU.jpg,page_229.json,ok,
14681,Eating Out,Comedy,images/14681_Eating_Out_Comedy.jpg,https://image.tmdb.org/t/p/original/xSbgNViEhXOFpaAZ1nB1AEC4pwg.jpg,page_229.json,ok,
1186324,Monsoon Lover,Thriller,images/1186324_Monsoon_Lover_Thriller.jpg,https://image.tmdb.org/t/p/original/ePTU0PHuasnEP1DnlUF1tZfCEK.jpg,page_229.json,ok,
1359,American Psycho,Thriller,images/1359_American_Psycho_Thriller.jpg,https://image.tmdb.org/t/p/original/9uGHEgsiUXjCNq8wdq4r49YL8A1.jpg,page_23.json,ok,
2295,Clerks II,Comedy,images/2295_Clerks_II_Comedy.jpg,https://image.tmdb.org/t/p/original/cLSW0nW94XT0DmBS69ublcLfQ9c.jpg,page_229.json,ok,
57214,Project X,Comedy,images/57214_Project_X_Comedy.jpg,https://image.tmdb.org/t/p/original/lUPDGT3lyRrq8SvWuNWG2DP64bR.jpg,page_23.json,ok,
27578,The Expendables,Thriller,images/27578_The_Expendables_Thriller.jpg,https://image.tmdb.org/t/p/original/j09ZkH6R4JWVylBcDai1laCmGw7.jpg,page_23.json,ok,
1088166,Relay,Thriller,images/1088166_Relay_Thriller.jpg,https://image.tmdb.org/t/p/original/mpwccO2L8LUVtVTJTdgUVgoQqAo.jpg,page_23.json,ok,
639720,IF,Comedy,images/639720_IF_Comedy.jpg,https://image.tmdb.org/t/p/original/xbKFv4KF3sVYuWKllLlwWDmuZP7.jpg,page_23.json,ok,
930094,"Red, White & Royal Blue",Comedy,images/930094_Red_White__Royal_Blue_Comedy.jpg,https://image.tmdb.org/t/p/original/ta3ReqbdEcLJM3mcHMzbYFZI8v7.jpg,page_23.json,ok,
19899,Couples Retreat,Comedy,images/19899_Couples_Retreat_Comedy.jpg,https://image.tmdb.org/t/p/original/igXVSRZsNX3TZsKrQqSyEJvzHRF.jpg,page_23.json,ok,
14547,Delta Farce,Comedy,images/14547_Delta_Farce_Comedy.jpg,https://image.tmdb.org/t/p/original/8OkLfZGETr199O1hBV2iC95UBuB.jpg,page_230.json,ok,
917496,Beetlejuice Beetlejuice,Comedy,images/917496_Beetlejuice_Beetlejuice_Comedy.jpg,https://image.tmdb.org/t/p/original/kKgQzkUCnQmeTPkyIwHly2t6ZFI.jpg,page_23.json,ok,
460822,"Oh, Hello on Broadway",Comedy,images/460822_Oh_Hello_on_Broadway_Comedy.jpg,https://image.tmdb.org/t/p/original/4sgAcBkhKoazB4xFwiYfWIdLMNf.jpg,page_230.json,ok,
764835,The Desperate Hour,Thriller,images/764835_The_Desperate_Hour_Thriller.jpg,https://image.tmdb.org/t/p/original/u6Pg9eTklhg6Aa7kXaxrfdE1Chi.jpg,page_231.json,ok,
1548250,Premarital,Comedy,images/1548250_Premarital_Comedy.jpg,https://image.tmdb.org/t/p/original/vdH1O6eRGFf6OCYJ8qrmeGQ3Kgp.jpg,page_231.json,ok,
434596,An Actor Prepares,Comedy,images/434596_An_Actor_Prepares_Comedy.jpg,https://image.tmdb.org/t/p/original/8rSc59ajnmV9EsNWdLFSjRlFfT3.jpg,page_231.json,ok,
11115,Deal,Comedy,images/11115_Deal_Comedy.jpg,https://image.tmdb.org/t/p/original/zm1FN17vlQb3h5RdQfjPzNvDLWe.jpg,page_231.json,ok,
309793,Get Dead,Comedy,images/309793_Get_Dead_Comedy.jpg,https://image.tmdb.org/t/p/original/3iSyMXEN1w3KEyrXoWtiV9sIB86.jpg,page_230.json,ok,
458423,Mamma Mia! Here We Go Again,Comedy,images/458423_Mamma_Mia_Here_We_Go_Again_Comedy.jpg,https://image.tmdb.org/t/p/original/aWicerX4Y7n7tUwRAVHsVcBBpj2.jpg,page_230.json,ok,
783155,Bella,Comedy,images/783155_Bella_Comedy.jpg,https://image.tmdb.org/t/p/original/yljI10QIX75XwjreRp3HiE7sLHD.jpg,page_230.json,ok,
731532,Being Trump,Comedy,images/731532_Being_Trump_Comedy.jpg,https://image.tmdb.org/t/p/original/67T5XRAKnhqWhMHWjZsyhVuPgzD.jpg,page_231.json,ok,
14123,Bratz,Comedy,images/14123_Bratz_Comedy.jpg,https://image.tmdb.org/t/p/original/d3nBTU0geb4PTvMMkjGICAlg7Uc.jpg,page_232.json,ok,
14672,Crackerjack,Comedy,images/14672_Crackerjack_Comedy.jpg,https://image.tmdb.org/t/p/original/bSmzRS7R4HRw9EAGPydFuZJl3jw.jpg,page_232.json,ok,
4349,The Kingdom,Thriller,images/4349_The_Kingdom_Thriller.jpg,https://image.tmdb.org/t/p/original/8CSiRnMRLuKT58JiOGzQ7p1oa1b.jpg,page_232.json,ok,
307479,88,Thriller,images/307479_88_Thriller.jpg,https://image.tmdb.org/t/p/original/kbCZDINnj4rHhoZZUeXTsviYUkl.jpg,page_231.json,ok,
962664,Love Accidentally,Comedy,images/962664_Love_Accidentally_Comedy.jpg,https://image.tmdb.org/t/p/original/sTDp0HLGuNRsTRlHbqBuOWcHIvF.jpg,page_232.json,ok,
976699,Cinnamon,Thriller,images/976699_Cinnamon_Thriller.jpg,https://image.tmdb.org/t/p/original/oWGvRrNdKFZY1NXgCg8F88HL8Q6.jpg,page_232.json,ok,
3563,I Now Pronounce You Chuck & Larry,Comedy,images/3563_I_Now_Pronounce_You_Chuck__Larry_Comedy.jpg,https://image.tmdb.org/t/p/original/6wjJ9EnNw4cmTSZYgnao7RpI3X.jpg,page_232.json,ok,
659800,Presidential Reunion,Comedy,images/659800_Presidential_Reunion_Comedy.jpg,https://image.tmdb.org/t/p/original/hnCkk7c7CBws6WajgBRuwphSmLS.jpg,page_233.json,ok,
1359436,Removal of the Eye,Comedy,images/1359436_Removal_of_the_Eye_Comedy.jpg,https://image.tmdb.org/t/p/original/wQZiNUkiIqMXM4YybBijtHz9sGx.jpg,page_232.json,ok,
4170,Trade,Thriller,images/4170_Trade_Thriller.jpg,https://image.tmdb.org/t/p/original/x2ckiEGoYz2AomOeviEPqnhrw7Q.jpg,page_233.json,ok,
412818,911 Nightmare,Thriller,images/412818_911_Nightmare_Thriller.jpg,https://image.tmdb.org/t/p/original/un8JWn8Cz7Z8P6kvy76YtWBTcus.jpg,page_232.json,ok,
135451,Visible Scars,Thriller,images/135451_Visible_Scars_Thriller.jpg,https://image.tmdb.org/t/p/original/mxsAgTaO7uxxjva4O3yl5GdrWLH.jpg,page_233.json,ok,
1016708,Bikini Hackers,Comedy,images/1016708_Bikini_Hackers_Comedy.jpg,https://image.tmdb.org/t/p/original/jE8PHhIVQotajOBPSEpu2UUPPGz.jpg,page_233.json,ok,
418647,"Dear Diary, I Died",Thriller,images/418647_Dear_Diary_I_Died_Thriller.jpg,https://image.tmdb.org/t/p/original/a9dhh70GK2TQYOP5SiWBA7iKF1B.jpg,page_232.json,ok,
35627,Samurai Avenger: The Blind Wolf,Thriller,images/35627_Samurai_Avenger_The_Blind_Wolf_Thriller.jpg,https://image.tmdb.org/t/p/original/bH4OSMnUrc2E5mwY7MzbauriFsj.jpg,page_233.json,ok,
33664,Asylum Seekers,Comedy,images/33664_Asylum_Seekers_Comedy.jpg,https://image.tmdb.org/t/p/original/yKWh7ysbRnU6SmnFQrZbymumfcY.jpg,page_234.json,ok,
611642,Homewrecker,Comedy,images/611642_Homewrecker_Comedy.jpg,https://image.tmdb.org/t/p/original/l8Y2DMYfwDoAVXJyb1UJwQi6bOT.jpg,page_234.json,ok,
352364,Numb,Thriller,images/352364_Numb_Thriller.jpg,https://image.tmdb.org/t/p/original/1QeDMwG19nc9UNKpomIzI0aCsQU.jpg,page_233.json,ok,
252838,The Wedding Ringer,Comedy,images/252838_The_Wedding_Ringer_Comedy.jpg,https://image.tmdb.org/t/p/original/ciR2suRkfJen9lQvfz22lgCj7g7.jpg,page_234.json,ok,
226486,Tammy,Comedy,images/226486_Tammy_Comedy.jpg,https://image.tmdb.org/t/p/original/efsVMziwE9BNTDX5fNmYVA5oAzJ.jpg,page_234.json,ok,
13972,The Women,Comedy,images/13972_The_Women_Comedy.jpg,https://image.tmdb.org/t/p/original/iFQrK0NHA4OMAvzyJVW4DA0kAFz.jpg,page_234.json,ok,
454033,Swinging Safari,Comedy,images/454033_Swinging_Safari_Comedy.jpg,https://image.tmdb.org/t/p/original/zs9wcNHidBPhcTmiWzXuFam823v.jpg,page_234.json,ok,
80435,Lovers of Hate,Comedy,images/80435_Lovers_of_Hate_Comedy.jpg,https://image.tmdb.org/t/p/original/jFX7Tyzgae0McJ8apHM68nUSfwE.jpg,page_235.json,ok,
703170,Brake Fail,Comedy,images/703170_Brake_Fail_Comedy.jpg,https://image.tmdb.org/t/p/original/f0CbLcMYbe0rBTzyphzSlJuRQ8K.jpg,page_235.json,ok,
729165,Out of Exile,Thriller,images/729165_Out_of_Exile_Thriller.jpg,https://image.tmdb.org/t/p/original/jgF5XaXnJmOgMxulhy2k1f9LNNc.jpg,page_235.json,ok,
941006,Cruise,Comedy,images/941006_Cruise_Comedy.jpg,https://image.tmdb.org/t/p/original/a4k026EikTjRyuZRvojQjXR03QJ.jpg,page_235.json,ok,
604578,Spontaneous,Comedy,images/604578_Spontaneous_Comedy.jpg,https://image.tmdb.org/t/p/original/qhDICM8YxuDn9241O2UVEe9DupC.jpg,page_235.json,ok,
268865,Inspired Guns,Comedy,images/268865_Inspired_Guns_Comedy.jpg,https://image.tmdb.org/t/p/original/dJd4iczPNkWLvD3kgvgizmyDujF.jpg,page_235.json,ok,
981654,Darwin Fick,Comedy,images/981654_Darwin_Fick_Comedy.jpg,https://image.tmdb.org/t/p/original/1VWIowLwDgqUMlY6mpU3SKglbow.jpg,page_235.json,ok,
55632,Peep World,Comedy,images/55632_Peep_World_Comedy.jpg,https://image.tmdb.org/t/p/original/eFXPjkMKNA7MZAqpaeNv6vaoPX2.jpg,page_235.json,ok,
759354,The Misadventures of Mistress Maneater,Comedy,images/759354_The_Misadventures_of_Mistress_Maneater_Comedy.jpg,https://image.tmdb.org/t/p/original/pz9XSvWYBuW6AVL0NooyZr47W9a.jpg,page_235.json,ok,
1189736,Pickled Herring,Comedy,images/1189736_Pickled_Herring_Comedy.jpg,https://image.tmdb.org/t/p/original/cDoDO39kduf91tOvvvqyuqnWeIb.jpg,page_235.json,ok,
340868,Deadly Sanctuary,Thriller,images/340868_Deadly_Sanctuary_Thriller.jpg,https://image.tmdb.org/t/p/original/jqyhdfwOnCU0o2TbutqsW0OGKXd.jpg,page_236.json,ok,
992277,The Loneliest Boy in the World,Comedy,images/992277_The_Loneliest_Boy_in_the_World_Comedy.jpg,https://image.tmdb.org/t/p/original/A6McNUszcZnRkSa8ZhwlKoLchrT.jpg,page_236.json,ok,
106238,Gut,Thriller,images/106238_Gut_Thriller.jpg,https://image.tmdb.org/t/p/original/tFXajz6xOgxz3TCVQuriVa02wPE.jpg,page_236.json,ok,
87587,The Pill,Comedy,images/87587_The_Pill_Comedy.jpg,https://image.tmdb.org/t/p/original/xGQOL6qS8EvouYcsIGJYbPe3WGK.jpg,page_236.json,ok,
101887,Spinning Boris,Comedy,images/101887_Spinning_Boris_Comedy.jpg,https://image.tmdb.org/t/p/original/5LbRF6UGBSYnesVnVhFd3AqhIoG.jpg,page_237.json,ok,
87567,The Big Wedding,Comedy,images/87567_The_Big_Wedding_Comedy.jpg,https://image.tmdb.org/t/p/original/ooSGwWVJRp81ErEH7VmTmVwjoMc.jpg,page_236.json,ok,
542905,Ride,Thriller,images/542905_Ride_Thriller.jpg,https://image.tmdb.org/t/p/original/skyZpGolECdQD3KrtqjYHLHC4to.jpg,page_236.json,ok,
858097,Generation Wrecks,Comedy,images/858097_Generation_Wrecks_Comedy.jpg,https://image.tmdb.org/t/p/original/oyUClCLKO1YPBL1QbBmnpEGeVCt.jpg,page_237.json,ok,
591403,The President's Cell Phone,Comedy,images/591403_The_Presidents_Cell_Phone_Comedy.jpg,https://image.tmdb.org/t/p/original/4ozrMuAxXZeIMMkx2SZ7ecytgKq.jpg,page_237.json,ok,
53861,Die,Thriller,images/53861_Die_Thriller.jpg,https://image.tmdb.org/t/p/original/heUAAtPWJVVV5QOMiynJztLcwC1.jpg,page_237.json,ok,
325803,October 1,Thriller,images/325803_October_1_Thriller.jpg,https://image.tmdb.org/t/p/original/bwP6r44YzP58Dxdiupj5NVWgZgT.jpg,page_236.json,ok,
10914,All Hat,Comedy,images/10914_All_Hat_Comedy.jpg,https://image.tmdb.org/t/p/original/97BMsVbc6R3sLR6A6GjvWdpukj1.jpg,page_237.json,ok,
393624,Official Secrets,Thriller,images/393624_Official_Secrets_Thriller.jpg,https://image.tmdb.org/t/p/original/lyCGqSkT3PqLYQXiWs4FCVJBAYW.jpg,page_237.json,ok,
4944,Burn After Reading,Comedy,images/4944_Burn_After_Reading_Comedy.jpg,https://image.tmdb.org/t/p/original/jdwSkQu3XirmX18MNj8CqFWsCk.jpg,page_238.json,ok,
1112717,Larry Dean: Fandan,Comedy,images/1112717_Larry_Dean_Fandan_Comedy.jpg,https://image.tmdb.org/t/p/original/eYMS0MAACiE09M63OSI87Hh7Ud9.jpg,page_238.json,ok,
1305787,Micro Budget,Comedy,images/1305787_Micro_Budget_Comedy.jpg,https://image.tmdb.org/t/p/original/jFTcmLxsEv2kGSr1cbbnXg9huZi.jpg,page_237.json,ok,
1215798,The Cut,Thriller,images/1215798_The_Cut_Thriller.jpg,https://image.tmdb.org/t/p/original/6iseyProRsPyu3rOCzsXDDnDGrl.jpg,page_238.json,ok,
916740,Brazen,Thriller,images/916740_Brazen_Thriller.jpg,https://image.tmdb.org/t/p/original/7e4n1GfC9iky9VQzH3cDQz9wYpO.jpg,page_238.json,ok,
81867,Breakaway,Comedy,images/81867_Breakaway_Comedy.jpg,https://image.tmdb.org/t/p/original/fQhyvXM2hOsGe88FrTGdDkaKbEI.jpg,page_238.json,ok,
474708,The Accomplice,Comedy,images/474708_The_Accomplice_Comedy.jpg,https://image.tmdb.org/t/p/original/fq3Ne02K9p6hLSGDPa6hYxxp2vl.jpg,page_238.json,ok,
308032,The Stanford Prison Experiment,Thriller,images/308032_The_Stanford_Prison_Experiment_Thriller.jpg,https://image.tmdb.org/t/p/original/orMkBkPqu7szuBRdMLUB4TWKiVV.jpg,page_238.json,ok,
694015,Yaar Belly,Comedy,images/694015_Yaar_Belly_Comedy.jpg,https://image.tmdb.org/t/p/original/oUYcLdyMGP4C4gWp3JdgGtp6cOR.jpg,page_238.json,ok,
20695,Blessed,Thriller,images/20695_Blessed_Thriller.jpg,https://image.tmdb.org/t/p/original/lQIQzonaUBSb5VG90Eq4VGfN4Dv.jpg,page_238.json,ok,
1311900,FEIGN,Thriller,images/1311900_FEIGN_Thriller.jpg,https://image.tmdb.org/t/p/original/eQPpbbxTVuD4I6fQ8SZqRGtXPg1.jpg,page_239.json,ok,
204882,The Grief Tourist,Thriller,images/204882_The_Grief_Tourist_Thriller.jpg,https://image.tmdb.org/t/p/original/c6K7AZRIPdhEE1ajQtyrxi42vOw.jpg,page_239.json,ok,
528387,Good Enough,Comedy,images/528387_Good_Enough_Comedy.jpg,https://image.tmdb.org/t/p/original/oaL9Oir8yY68HwSwX6uUJaLtFL1.jpg,page_239.json,ok,
529982,Asher,Thriller,images/529982_Asher_Thriller.jpg,https://image.tmdb.org/t/p/original/o5p4Ev49KVR4itGWy3OHyqnRsz8.jpg,page_239.json,ok,
57655,Spin,Comedy,images/57655_Spin_Comedy.jpg,https://image.tmdb.org/t/p/original/eMOcq5ipUOOwNl4o4rV2pg6JLSt.jpg,page_239.json,ok,
1045582,Burns Night,Comedy,images/1045582_Burns_Night_Comedy.jpg,https://image.tmdb.org/t/p/original/iJ1XQ1vVnIJJ697JtS9ueND4QP3.jpg,page_239.json,ok,
830784,"Lyle, Lyle, Crocodile",Comedy,images/830784_Lyle_Lyle_Crocodile_Comedy.jpg,https://image.tmdb.org/t/p/original/dN6XnCEP3AO7N4XFOFyZ8V8kZF5.jpg,page_239.json,ok,
1026222,Saint Clare,Thriller,images/1026222_Saint_Clare_Thriller.jpg,https://image.tmdb.org/t/p/original/aE0q4awk7zto3Eql4cAeJuVAns9.jpg,page_239.json,ok,
462883,Woody Woodpecker,Comedy,images/462883_Woody_Woodpecker_Comedy.jpg,https://image.tmdb.org/t/p/original/cSo4vsBdzTNJG24VYgAkGgeYkAs.jpg,page_239.json,ok,
466272,Once Upon a Time... in Hollywood,Comedy,images/466272_Once_Upon_a_Time..._in_Hollywood_Comedy.jpg,https://image.tmdb.org/t/p/original/8j58iEBw9pOXFD2L0nt0ZXeHviB.jpg,page_24.json,ok,
79255,The Mortician,Thriller,images/79255_The_Mortician_Thriller.jpg,https://image.tmdb.org/t/p/original/62bjckI9DielZZtD8GstTDlOaLP.jpg,page_24.json,ok,
974635,Hit Man,Comedy,images/974635_Hit_Man_Comedy.jpg,https://image.tmdb.org/t/p/original/oil3EZwKFp3CWxZnfGfGglesvm9.jpg,page_24.json,ok,
337404,Cruella,Comedy,images/337404_Cruella_Comedy.jpg,https://image.tmdb.org/t/p/original/hjS9mH8KvRiGHgjk6VUZH7OT0Ng.jpg,page_24.json,ok,
13341,Bad News Bears,Comedy,images/13341_Bad_News_Bears_Comedy.jpg,https://image.tmdb.org/t/p/original/ja1yrgfYAGmwnridioMY3MV0GDm.jpg,page_24.json,ok,
787699,Wonka,Comedy,images/787699_Wonka_Comedy.jpg,https://image.tmdb.org/t/p/original/qhb1qOilapbapxWQn9jtRCMwXJF.jpg,page_24.json,ok,
445629,Fighting with My Family,Comedy,images/445629_Fighting_with_My_Family_Comedy.jpg,https://image.tmdb.org/t/p/original/fU4UrY5tTAYAXIzFs7oR9BK5Cqx.jpg,page_240.json,ok,
541099,DeadTectives,Comedy,images/541099_DeadTectives_Comedy.jpg,https://image.tmdb.org/t/p/original/o3Fo0GFHYzNVK5b1KjhyGYE05vy.jpg,page_240.json,ok,
879538,Crawlspace,Thriller,images/879538_Crawlspace_Thriller.jpg,https://image.tmdb.org/t/p/original/yZVByCjWvKdSWcYLacoFmnOoSpm.jpg,page_240.json,ok,
20943,The Ugly Truth,Comedy,images/20943_The_Ugly_Truth_Comedy.jpg,https://image.tmdb.org/t/p/original/2rq96Ihbqb1eU3TEBVtgFlqbeX7.jpg,page_240.json,ok,
857080,Homebody,Comedy,images/857080_Homebody_Comedy.jpg,https://image.tmdb.org/t/p/original/4UHBxEq5WN5EBami04PKuHmpjQj.jpg,page_240.json,ok,
88078,Four Jacks,Thriller,images/88078_Four_Jacks_Thriller.jpg,https://image.tmdb.org/t/p/original/6oEpR5cAzoUDhoHQzPv1dILohxs.jpg,page_240.json,ok,
809787,Mafia Mamma,Comedy,images/809787_Mafia_Mamma_Comedy.jpg,https://image.tmdb.org/t/p/original/hqFZqZFWWEDRCTtbTJqvrIitEKB.jpg,page_240.json,ok,
23751,Complicity,Thriller,images/23751_Complicity_Thriller.jpg,https://image.tmdb.org/t/p/original/husGd176lXL8aY2FFxZ2z3G2GBM.jpg,page_240.json,ok,
279935,Deviant Obsession,Thriller,images/279935_Deviant_Obsession_Thriller.jpg,https://image.tmdb.org/t/p/original/1Sdib4GR1EpFB1pvum31XlAFuzN.jpg,page_241.json,ok,
1435826,Fast Food,Comedy,images/1435826_Fast_Food_Comedy.jpg,https://image.tmdb.org/t/p/original/6Uvj6q2JvI4xh9TBTrxcjbxAxwt.jpg,page_239.json,ok,
727993,Monged,Comedy,images/727993_Monged_Comedy.jpg,https://image.tmdb.org/t/p/original/5ug95S2noEc4VEV1xMGZlJV5mse.jpg,page_236.json,ok,
51920,Mike Epps Presents: Live from Club Nokia,Comedy,images/51920_Mike_Epps_Presents_Live_from_Club_Nokia_Comedy.jpg,https://image.tmdb.org/t/p/original/5snu7HVJEGaG9Fir2vj7lidT8yQ.jpg,page_241.json,ok,
843847,Jerry & Marge Go Large,Comedy,images/843847_Jerry__Marge_Go_Large_Comedy.jpg,https://image.tmdb.org/t/p/original/bbBGSm1kjgmZ0O3bPUQIbA0xlKQ.jpg,page_240.json,ok,
65869,Attraction,Thriller,images/65869_Attraction_Thriller.jpg,https://image.tmdb.org/t/p/original/sTexeAs91LXC3qp8SbI73pYsqVr.jpg,page_241.json,ok,
408582,Egomaniac,Comedy,images/408582_Egomaniac_Comedy.jpg,https://image.tmdb.org/t/p/original/3UH6at3Z0CWw8JDpg4fwK6d4H3b.jpg,page_241.json,ok,
322447,Hidden,Thriller,images/322447_Hidden_Thriller.jpg,https://image.tmdb.org/t/p/original/4dhovjvhwv2emCF2IP4s8gD68nV.jpg,page_241.json,ok,
74518,Territories,Thriller,images/74518_Territories_Thriller.jpg,https://image.tmdb.org/t/p/original/6uZNehV2fAAHx1Rgabkj944odAP.jpg,page_241.json,ok,
13649,High School Musical 2,Comedy,images/13649_High_School_Musical_2_Comedy.jpg,https://image.tmdb.org/t/p/original/la2kiVWDm2vuB4APZDgCCmuBh4K.jpg,page_242.json,ok,
935903,Medusa Deluxe,Comedy,images/935903_Medusa_Deluxe_Comedy.jpg,https://image.tmdb.org/t/p/original/p53pe9ar21XEaUrxwsGqtsE3Pm3.jpg,page_242.json,ok,
416140,Leopard,Thriller,images/416140_Leopard_Thriller.jpg,https://image.tmdb.org/t/p/original/tC7RlGB5FgKMyF8L3l9iGHN7xTk.jpg,page_242.json,ok,
509520,Fat Camp,Comedy,images/509520_Fat_Camp_Comedy.jpg,https://image.tmdb.org/t/p/original/4ePIc0bvlnabiKugxB8jzi40r2i.jpg,page_242.json,ok,
93616,Running Riot,Comedy,images/93616_Running_Riot_Comedy.jpg,https://image.tmdb.org/t/p/original/mMhOSrPZ45LBEnnPBi2DxjJE1Sf.jpg,page_242.json,ok,
433251,Naked,Comedy,images/433251_Naked_Comedy.jpg,https://image.tmdb.org/t/p/original/qXRmYSB9C6SHdxTgY3wB72Riz9Y.jpg,page_242.json,ok,
35056,Date Night,Comedy,images/35056_Date_Night_Comedy.jpg,https://image.tmdb.org/t/p/original/ucEWhj32KEDcFKHMWVeu8r1Q4ld.jpg,page_242.json,ok,
612413,Ramy Youssef: Feelings,Comedy,images/612413_Ramy_Youssef_Feelings_Comedy.jpg,https://image.tmdb.org/t/p/original/6KeiYGcYT9ordNslVvLJ9pMebXM.jpg,page_242.json,ok,
296726,Dawn,Thriller,images/296726_Dawn_Thriller.jpg,https://image.tmdb.org/t/p/original/ooVbfT6GFFXvCmc8alphQOLq3oF.jpg,page_242.json,ok,
777558,Holiday Heartbreak,Comedy,images/777558_Holiday_Heartbreak_Comedy.jpg,https://image.tmdb.org/t/p/original/rrgnvFPk4JyiWa2r9cw8CcLzNEw.jpg,page_242.json,ok,
845377,Sanitation Day,Thriller,images/845377_Sanitation_Day_Thriller.jpg,https://image.tmdb.org/t/p/original/xtOoGa0NSvKc9JHBpAkU03FZtp4.jpg,page_243.json,ok,
615370,Stash,Comedy,images/615370_Stash_Comedy.jpg,https://image.tmdb.org/t/p/original/bfcDrGwGu1cE7aQs2tuzgQl2UFw.jpg,page_242.json,ok,
509585,7500,Thriller,images/509585_7500_Thriller.jpg,https://image.tmdb.org/t/p/original/hL2uecLh2rTTbuVbOriXP0PhqIJ.jpg,page_243.json,ok,
686402,Waffle,Comedy,images/686402_Waffle_Comedy.jpg,https://image.tmdb.org/t/p/original/2YiMim7KFhYP4pGDyzut45XTYsd.jpg,page_243.json,ok,
903511,Vidkill,Thriller,images/903511_Vidkill_Thriller.jpg,https://image.tmdb.org/t/p/original/ja1QMFQ16MHlMhsLWYt5Z2YLGnO.jpg,page_240.json,ok,
956222,Post-Citrus,Comedy,images/956222_Post-Citrus_Comedy.jpg,https://image.tmdb.org/t/p/original/jbBHI7TKKUik90BleqVydaljuSY.jpg,page_243.json,ok,
615678,Thunder Force,Comedy,images/615678_Thunder_Force_Comedy.jpg,https://image.tmdb.org/t/p/original/3mKMWP5OokB7QpcOMA1yl8BXFAF.jpg,page_243.json,ok,
725206,DieRy,Thriller,images/725206_DieRy_Thriller.jpg,https://image.tmdb.org/t/p/original/1B0skRvLgUILNzJZ9zEyEUuXKeg.jpg,page_243.json,ok,
1137346,Violet,Comedy,images/1137346_Violet_Comedy.jpg,https://image.tmdb.org/t/p/original/J5j3goRFMnOcOUEKOXwWG5HkZq.jpg,page_243.json,ok,
1113421,The Uninvited,Comedy,images/1113421_The_Uninvited_Comedy.jpg,https://image.tmdb.org/t/p/original/clojTZu0mEYAMejfoU4fgJ6FLJU.jpg,page_243.json,ok,
278738,The Greggs,Comedy,images/278738_The_Greggs_Comedy.jpg,https://image.tmdb.org/t/p/original/A7Y36ItO2pbfimw6KNzZS5EEyFi.jpg,page_243.json,ok,
687796,Nightcomer,Thriller,images/687796_Nightcomer_Thriller.jpg,https://image.tmdb.org/t/p/original/sHR9ySsnfix6ExiPVCnaKmtdVBe.jpg,page_243.json,ok,
73935,Vamps,Comedy,images/73935_Vamps_Comedy.jpg,https://image.tmdb.org/t/p/original/sW4MFTfW88Ii8TyZVD7oprzzhOU.jpg,page_243.json,ok,
994441,Summit Fever,Thriller,images/994441_Summit_Fever_Thriller.jpg,https://image.tmdb.org/t/p/original/rX9k5v7JYmnaBO5E89PZ4yMfuvo.jpg,page_243.json,ok,
79896,The Revenant,Comedy,images/79896_The_Revenant_Comedy.jpg,https://image.tmdb.org/t/p/original/bECzzYkRFlCZZAjQ9wboMGyWFcL.jpg,page_244.json,ok,
1241943,Randy Feltface: Feltopia,Comedy,images/1241943_Randy_Feltface_Feltopia_Comedy.jpg,https://image.tmdb.org/t/p/original/cMHY02ipszJk6uLvShzmHwvF4Lk.jpg,page_244.json,ok,
78403,Born Bad,Thriller,images/78403_Born_Bad_Thriller.jpg,https://image.tmdb.org/t/p/original/zqJDrx1FojuZZLGCiZUzs5FYxcU.jpg,page_244.json,ok,
934559,Christmas with the Campbells,Comedy,images/934559_Christmas_with_the_Campbells_Comedy.jpg,https://image.tmdb.org/t/p/original/eZATja47WCrQNJqZw34Qa8OeHwT.jpg,page_243.json,ok,
59574,Zombie Driftwood,Comedy,images/59574_Zombie_Driftwood_Comedy.jpg,https://image.tmdb.org/t/p/original/fbtAhZvhvXzsKdgqxOCELmdv1eG.jpg,page_244.json,ok,
552709,Long Lost,Thriller,images/552709_Long_Lost_Thriller.jpg,https://image.tmdb.org/t/p/original/6rnoE1eWLUviAxeD5eo8Cr4KfP.jpg,page_244.json,ok,
9955,Blades of Glory,Comedy,images/9955_Blades_of_Glory_Comedy.jpg,https://image.tmdb.org/t/p/original/yclY3zyzrL1MS9b6Eygs9ks0ZTY.jpg,page_244.json,ok,
75386,Haiku Tunnel,Comedy,images/75386_Haiku_Tunnel_Comedy.jpg,https://image.tmdb.org/t/p/original/iYCPEGIiGrYfLOQ7SxP3iqmboWO.jpg,page_244.json,ok,
9636,Control,Thriller,images/9636_Control_Thriller.jpg,https://image.tmdb.org/t/p/original/bhyHkbCwq4IbATninLIWmIRHOvG.jpg,page_244.json,ok,
45650,The Hole,Thriller,images/45650_The_Hole_Thriller.jpg,https://image.tmdb.org/t/p/original/tQMxsrsVtpB2D2n01nUqgOMmSWD.jpg,page_244.json,ok,
353267,Fire Twister,Thriller,images/353267_Fire_Twister_Thriller.jpg,https://image.tmdb.org/t/p/original/iZXzPkEqa3F1eoUGLXr0cxH259n.jpg,page_245.json,ok,
964626,7th Secret,Thriller,images/964626_7th_Secret_Thriller.jpg,https://image.tmdb.org/t/p/original/jWLLfBMW0Z2B2JfCsp1eKObFKFb.jpg,page_245.json,ok,
1537,Changing Lanes,Thriller,images/1537_Changing_Lanes_Thriller.jpg,https://image.tmdb.org/t/p/original/8wh9WzTKo5pJw3EgHYWA60W7Kbl.jpg,page_245.json,ok,
313953,SkyDiver (Instructional Video #4: Preparation for Mission),Comedy,images/313953_SkyDiver_Instructional_Video_4_Preparation_for_Mission_Comedy.jpg,https://image.tmdb.org/t/p/original/6LAPGP4GeGd24iGwbBvoPISBSeQ.jpg,page_244.json,ok,
281457,Switchin' The Script,Comedy,images/281457_Switchin_The_Script_Comedy.jpg,https://image.tmdb.org/t/p/original/4kCvYNuK2nx0RIirzXThDP8gZoy.jpg,page_245.json,ok,
1563268,Her Life Is on the Line,Thriller,images/1563268_Her_Life_Is_on_the_Line_Thriller.jpg,https://image.tmdb.org/t/p/original/8RBlj9aKUXNa3OXdb300P3VbyNv.jpg,page_245.json,ok,
501298,Overexposed,Thriller,images/501298_Overexposed_Thriller.jpg,https://image.tmdb.org/t/p/original/AcN4vt0jjWfRIBfcxVIb91JdXH4.jpg,page_245.json,ok,
365886,Chasing Valentine,Thriller,images/365886_Chasing_Valentine_Thriller.jpg,https://image.tmdb.org/t/p/original/7pXH10KwzFOnSbDdcUg2s6ohslV.jpg,page_245.json,ok,
14423,First Sunday,Comedy,images/14423_First_Sunday_Comedy.jpg,https://image.tmdb.org/t/p/original/9l0sdc7ohLe6TdFsYyCTBnVn1F8.jpg,page_245.json,ok,
95754,Big Time Movie,Comedy,images/95754_Big_Time_Movie_Comedy.jpg,https://image.tmdb.org/t/p/original/tIFqLhlK8fhYnBCrrYedKHTzlhg.jpg,page_245.json,ok,
44663,Moscow Chill,Thriller,images/44663_Moscow_Chill_Thriller.jpg,https://image.tmdb.org/t/p/original/pokCDSLl1Afz9SRIeruNm4FkIgB.jpg,page_245.json,ok,
464175,Dirty,Thriller,images/464175_Dirty_Thriller.jpg,https://image.tmdb.org/t/p/original/zmbKs6pRHWy2FjlCoDXCwSnpWdb.jpg,page_245.json,ok,
729061,Vanity Project,Comedy,images/729061_Vanity_Project_Comedy.jpg,https://image.tmdb.org/t/p/original/rJaJolTR3am0pBJJywQtg1jyPfc.jpg,page_245.json,ok,
137093,Last Vegas,Comedy,images/137093_Last_Vegas_Comedy.jpg,https://image.tmdb.org/t/p/original/9Aht200Eu2jYiE9cEQdFfNDtHl6.jpg,page_246.json,ok,
10429,Takedown,Thriller,images/10429_Takedown_Thriller.jpg,https://image.tmdb.org/t/p/original/axBeZMzdFUEMu4j59JLUSV3Cf2A.jpg,page_246.json,ok,
550767,O.I.,Comedy,images/550767_O.I._Comedy.jpg,https://image.tmdb.org/t/p/original/5lh5dm0EO4XH7A4Fy2O6ZNoZJLh.jpg,page_246.json,ok,
582014,Promising Young Woman,Thriller,images/582014_Promising_Young_Woman_Thriller.jpg,https://image.tmdb.org/t/p/original/73QoFJFmUrJfDG2EynFjNc5gJxk.jpg,page_246.json,ok,
231204,The Stray,Thriller,images/231204_The_Stray_Thriller.jpg,https://image.tmdb.org/t/p/original/dsSmQC4iimhUZKLSlm3oP0BxjOG.jpg,page_246.json,ok,
965822,Tanwa Savage,Comedy,images/965822_Tanwa_Savage_Comedy.jpg,https://image.tmdb.org/t/p/original/iotu9Kjy0Xy5b8Zt646T8GLtG45.jpg,page_246.json,ok,
647250,The Machine,Comedy,images/647250_The_Machine_Comedy.jpg,https://image.tmdb.org/t/p/original/x9dGI7LIOMMlFzyIBUta1svft2Y.jpg,page_246.json,ok,
9915,Deepwater,Thriller,images/9915_Deepwater_Thriller.jpg,https://image.tmdb.org/t/p/original/tVBVqC9pzgeQw6VBDwENivv77bn.jpg,page_246.json,ok,
808396,God Is a Bullet,Thriller,images/808396_God_Is_a_Bullet_Thriller.jpg,https://image.tmdb.org/t/p/original/5kiLS9nsSJxDdlYUyYGiSUt8Fi8.jpg,page_247.json,ok,
1068623,Self Isolated,Thriller,images/1068623_Self_Isolated_Thriller.jpg,https://image.tmdb.org/t/p/original/hQ9YSlWnO7jdM8bQDBygU9kZrdx.jpg,page_245.json,ok,
821890,Paint,Comedy,images/821890_Paint_Comedy.jpg,https://image.tmdb.org/t/p/original/5ELRsmAhDj3FKYYFIrOcOLXyVSM.jpg,page_248.json,ok,
36585,Unemployed,Comedy,images/36585_Unemployed_Comedy.jpg,https://image.tmdb.org/t/p/original/kpFZddB05yYkJQsLIRxPZ51gC9F.jpg,page_248.json,ok,
472338,Victor Crowley,Comedy,images/472338_Victor_Crowley_Comedy.jpg,https://image.tmdb.org/t/p/original/lcZtqUStEvS9y0bFZrO80oIUhJk.jpg,page_248.json,ok,
396292,Ali Wong: Baby Cobra,Comedy,images/396292_Ali_Wong_Baby_Cobra_Comedy.jpg,https://image.tmdb.org/t/p/original/8stTLVktSAATgFdCeaEUSh6WU2j.jpg,page_248.json,ok,
950557,Ouverture,Comedy,images/950557_Ouverture_Comedy.jpg,https://image.tmdb.org/t/p/original/g25m3eXa3tLTqmsjITof6jPNdzh.jpg,page_249.json,ok,
3594,The Number 23,Thriller,images/3594_The_Number_23_Thriller.jpg,https://image.tmdb.org/t/p/original/iPJwdvgX3I5dEw9QhDOG3hxUvMp.jpg,page_248.json,ok,
15159,The Pink Panther 2,Comedy,images/15159_The_Pink_Panther_2_Comedy.jpg,https://image.tmdb.org/t/p/original/qWhI9kn5OtxWB208Z88xAyhOJ68.jpg,page_249.json,ok,
988816,Would It Kill You to Laugh? Starring Kate Berlant + John Early,Comedy,images/988816_Would_It_Kill_You_to_Laugh_Starring_Kate_Berlant__John_Early_Comedy.jpg,https://image.tmdb.org/t/p/original/nNdAhOyXuv5ib1EBQeuoOAsnd0l.jpg,page_249.json,ok,
305141,"Oliver, Stoned.",Comedy,images/305141_Oliver_Stoned._Comedy.jpg,https://image.tmdb.org/t/p/original/hrP2mECe3otZoxqzFg3FeldR0AE.jpg,page_249.json,ok,
781188,Yearly Departed,Comedy,images/781188_Yearly_Departed_Comedy.jpg,https://image.tmdb.org/t/p/original/zGhMHY3Er39KsA1vQL0jph2KfxG.jpg,page_249.json,ok,
8363,Superbad,Comedy,images/8363_Superbad_Comedy.jpg,https://image.tmdb.org/t/p/original/ek8e8txUyUwd2BNqj6lFEerJfbq.jpg,page_25.json,ok,
1581,The Holiday,Comedy,images/1581_The_Holiday_Comedy.jpg,https://image.tmdb.org/t/p/original/h1ITOpvJN3Tw4Sy60w2QTfYMvdd.jpg,page_25.json,ok,
499822,Blood Mountain,Thriller,images/499822_Blood_Mountain_Thriller.jpg,https://image.tmdb.org/t/p/original/49k2XPjrvN5zz0ybJmHPX5O8bjc.jpg,page_249.json,ok,
218043,Left Behind,Thriller,images/218043_Left_Behind_Thriller.jpg,https://image.tmdb.org/t/p/original/b9Q2WR62yB5Aq0hd6kyRFS9cc3Y.jpg,page_25.json,ok,
6020,Sorority Boys,Comedy,images/6020_Sorority_Boys_Comedy.jpg,https://image.tmdb.org/t/p/original/6nEcq3ARZgSAeBvJVyrCerH0umF.jpg,page_25.json,ok,
510311,Brostitute,Comedy,images/510311_Brostitute_Comedy.jpg,https://image.tmdb.org/t/p/original/tnvQbiwwiQjsCT6LhOc1uzyqWcl.jpg,page_247.json,ok,
491865,Table 58,Comedy,images/491865_Table_58_Comedy.jpg,https://image.tmdb.org/t/p/original/1PY6WjwAUetKgUdQuis5bavq6nn.jpg,page_250.json,ok,
14232,Humboldt County,Comedy,images/14232_Humboldt_County_Comedy.jpg,https://image.tmdb.org/t/p/original/o5x5YXmXOtW9Kk9FH9MNbdEIfq5.jpg,page_250.json,ok,
995539,Tooth Fairy,Comedy,images/995539_Tooth_Fairy_Comedy.jpg,https://image.tmdb.org/t/p/original/u9uua9FNkqI1zFvdr2Vubl6P9Ob.jpg,page_250.json,ok,
291805,Now You See Me 2,Thriller,images/291805_Now_You_See_Me_2_Thriller.jpg,https://image.tmdb.org/t/p/original/A81kDB6a1K86YLlcOtZB27jriJh.jpg,page_25.json,ok,
1200320,Killing Faith,Thriller,images/1200320_Killing_Faith_Thriller.jpg,https://image.tmdb.org/t/p/original/bNHlTTdpdDv8xxrXF3krVghyCcj.jpg,page_25.json,ok,
647265,The Binge,Comedy,images/647265_The_Binge_Comedy.jpg,https://image.tmdb.org/t/p/original/sQlkeVkziJe3Jb9tdGSYnNGisSM.jpg,page_250.json,ok,
516532,Sleeper,Thriller,images/516532_Sleeper_Thriller.jpg,https://image.tmdb.org/t/p/original/1fzQnmmEaoSHCEF1eHpeEg9CavC.jpg,page_250.json,ok,
273187,The Scarehouse,Thriller,images/273187_The_Scarehouse_Thriller.jpg,https://image.tmdb.org/t/p/original/dE6VEAOTvJOu0ER6nkSkfJKxCG2.jpg,page_251.json,ok,
264762,The Best Bet,Comedy,images/264762_The_Best_Bet_Comedy.jpg,https://image.tmdb.org/t/p/original/rHb76eQrVwb6JR6MepTbg7r9by7.jpg,page_250.json,ok,
1281017,Foraging,Comedy,images/1281017_Foraging_Comedy.jpg,https://image.tmdb.org/t/p/original/tb9MDbnBRjZ5ccoteTEEv3vkWgf.jpg,page_251.json,ok,
1558574,The Secret Santa Project,Comedy,images/1558574_The_Secret_Santa_Project_Comedy.jpg,https://image.tmdb.org/t/p/original/gsrP9WgXheYm26zR1YGUcvpJYLt.jpg,page_251.json,ok,
932564,Catherine Bohart: Immaculate,Comedy,images/932564_Catherine_Bohart_Immaculate_Comedy.jpg,https://image.tmdb.org/t/p/original/cnyWBAY8z0wCB3Y5wQFfkxZ6XlX.jpg,page_251.json,ok,
507799,Gold Mountain,Comedy,images/507799_Gold_Mountain_Comedy.jpg,https://image.tmdb.org/t/p/original/h7hTwozRuZMwHD3bNviLp8QYccY.jpg,page_250.json,ok,
10145,The Forgotten,Thriller,images/10145_The_Forgotten_Thriller.jpg,https://image.tmdb.org/t/p/original/gANKh0Vm00CTE1Hf2aTh2IIXn8X.jpg,page_251.json,ok,
89492,This Is 40,Comedy,images/89492_This_Is_40_Comedy.jpg,https://image.tmdb.org/t/p/original/mzUuOIFoVkRTHACRb58vm6mkbBN.jpg,page_251.json,ok,
151883,Jetsam,Thriller,images/151883_Jetsam_Thriller.jpg,https://image.tmdb.org/t/p/original/7xZl3b6blu9ytlMlQxyzQTSDi1d.jpg,page_251.json,ok,
467431,Get Big,Comedy,images/467431_Get_Big_Comedy.jpg,https://image.tmdb.org/t/p/original/vXNnfu6oQSSir8qi9jFq9WqwM8T.jpg,page_251.json,ok,
14156,Impact Point,Thriller,images/14156_Impact_Point_Thriller.jpg,https://image.tmdb.org/t/p/original/p2SeFLxPU0fZno9XTYgx3w8IZAX.jpg,page_251.json,ok,
527809,Carnal Passion,Thriller,images/527809_Carnal_Passion_Thriller.jpg,https://image.tmdb.org/t/p/original/hKn7DY5mJF5iWkVcKCaOMinubNP.jpg,page_251.json,ok,
796102,18½,Thriller,images/796102_18_Thriller.jpg,https://image.tmdb.org/t/p/original/97Tx3O63AbHMaqMxn2ULqlDHhjs.jpg,page_251.json,ok,
801913,Sharp Stick,Comedy,images/801913_Sharp_Stick_Comedy.jpg,https://image.tmdb.org/t/p/original/hqPILOj6IAcoCYPE6vqGDQJtlUf.jpg,page_252.json,ok,
227009,Sinful Temptations,Thriller,images/227009_Sinful_Temptations_Thriller.jpg,https://image.tmdb.org/t/p/original/4bYDloNq3KGJhUC6yiravACkTnj.jpg,page_252.json,ok,
189204,Lovestruck: The Musical,Comedy,images/189204_Lovestruck_The_Musical_Comedy.jpg,https://image.tmdb.org/t/p/original/2SYu78HqqrDw0Pph44Ikr1eNJbN.jpg,page_252.json,ok,
1253279,Sodales,Comedy,images/1253279_Sodales_Comedy.jpg,https://image.tmdb.org/t/p/original/7LK4JlLq8RdPusa4b1y9jS57Sod.jpg,page_246.json,ok,
1270880,Katt Williams: Woke Foke,Comedy,images/1270880_Katt_Williams_Woke_Foke_Comedy.jpg,https://image.tmdb.org/t/p/original/hjgAEcu8JEpeF7KEtmjTzPFD3uL.jpg,page_252.json,ok,
340677,I.T.,Thriller,images/340677_I.T._Thriller.jpg,https://image.tmdb.org/t/p/original/A5VrX0pzM2pnPNXwKO3jKTt35ux.jpg,page_252.json,ok,
58027,White House,Thriller,images/58027_White_House_Thriller.jpg,https://image.tmdb.org/t/p/original/coTDXl0d1v54DT55EEHzZNYNEcI.jpg,page_252.json,ok,
257442,Almost Married,Comedy,images/257442_Almost_Married_Comedy.jpg,https://image.tmdb.org/t/p/original/x3EkLzskWgWm0ijKKYZ8ULuIpkV.jpg,page_252.json,ok,
401121,Shortwave,Thriller,images/401121_Shortwave_Thriller.jpg,https://image.tmdb.org/t/p/original/eAZ0TQLmrlkB5AaAf5NiR0Gaba6.jpg,page_252.json,ok,
756500,Campin' Buddies,Comedy,images/756500_Campin_Buddies_Comedy.jpg,https://image.tmdb.org/t/p/original/3vGXKWpTSnipoCMo6SyDpbAFxYq.jpg,page_252.json,ok,
443270,Lift,Comedy,images/443270_Lift_Comedy.jpg,https://image.tmdb.org/t/p/original/1Zje0fjsBeJB2h0HPfcmsXuBSIr.jpg,page_252.json,ok,
723270,Useless Humans,Comedy,images/723270_Useless_Humans_Comedy.jpg,https://image.tmdb.org/t/p/original/ukzAwb2beKkwGzDPC1czbCHzYkC.jpg,page_253.json,ok,
115446,Divorce Invitation,Comedy,images/115446_Divorce_Invitation_Comedy.jpg,https://image.tmdb.org/t/p/original/1Au4jGHUKvckHAbuZd9bgchFetY.jpg,page_253.json,ok,
15338,Ace Ventura Jr: Pet Detective,Comedy,images/15338_Ace_Ventura_Jr_Pet_Detective_Comedy.jpg,https://image.tmdb.org/t/p/original/wnLBkPxGn2w8GwHw44MDDFX4R95.jpg,page_253.json,ok,
406129,Married by Christmas,Comedy,images/406129_Married_by_Christmas_Comedy.jpg,https://image.tmdb.org/t/p/original/8sZDEStEnm2NwDBh8pBWY4nznuf.jpg,page_253.json,ok,
81350,KickOff,Comedy,images/81350_KickOff_Comedy.jpg,https://image.tmdb.org/t/p/original/xrYiPDAEjtLRchDBUyZh8rMakrY.jpg,page_253.json,ok,
644168,The Boonies,Comedy,images/644168_The_Boonies_Comedy.jpg,https://image.tmdb.org/t/p/original/giHepGEzQDLPBGKZLzZq3TcZyH3.jpg,page_253.json,ok,
57025,Desperadas,Comedy,images/57025_Desperadas_Comedy.jpg,https://image.tmdb.org/t/p/original/dRkOnsjPlTLkM1LBZKdV2pBi93d.jpg,page_254.json,ok,
609859,A Family,Comedy,images/609859_A_Family_Comedy.jpg,https://image.tmdb.org/t/p/original/kATaph8WbvXykCgaBn8Ny5snKF7.jpg,page_253.json,ok,
312793,The Walking Deceased,Comedy,images/312793_The_Walking_Deceased_Comedy.jpg,https://image.tmdb.org/t/p/original/ss6eqPxe9vmsYOxb3LGUs5mIXvq.jpg,page_253.json,ok,
199879,Lucid,Comedy,images/199879_Lucid_Comedy.jpg,https://image.tmdb.org/t/p/original/23Pj8eY1MD0NEk3sotj6tZ13U55.jpg,page_253.json,ok,
853089,Laguna Ave.,Comedy,images/853089_Laguna_Ave._Comedy.jpg,https://image.tmdb.org/t/p/original/ovQL9z6AQVhkKaHYOef4eFbxQfA.jpg,page_254.json,ok,
796941,Axe2Grind,Thriller,images/796941_Axe2Grind_Thriller.jpg,https://image.tmdb.org/t/p/original/mWF3BJvQ19eJNzw0T8dyEgPXF5X.jpg,page_254.json,ok,
668214,Survival Skills,Comedy,images/668214_Survival_Skills_Comedy.jpg,https://image.tmdb.org/t/p/original/fijLp6vU0AqvSXtQOPrFXb8ebuV.jpg,page_254.json,ok,
721145,The Perfect Picture: Ten Years Later,Comedy,images/721145_The_Perfect_Picture_Ten_Years_Later_Comedy.jpg,https://image.tmdb.org/t/p/original/bYQ1qDA4iYDlkkFazIl8uOBd36k.jpg,page_254.json,ok,
1103172,Alabama Rose,Thriller,images/1103172_Alabama_Rose_Thriller.jpg,https://image.tmdb.org/t/p/original/1GR70Q1Il3v2kv2s7qRBub0C9hZ.jpg,page_254.json,ok,
442911,Bypass,Thriller,images/442911_Bypass_Thriller.jpg,https://image.tmdb.org/t/p/original/1On6z9ZkUDPqhd6lp5kVHzF4FAQ.jpg,page_254.json,ok,
102737,Fatal Secrets,Thriller,images/102737_Fatal_Secrets_Thriller.jpg,https://image.tmdb.org/t/p/original/7ToVaPqRR8m94kXwXWY0KZgJSMx.jpg,page_255.json,ok,
384298,Bad People,Comedy,images/384298_Bad_People_Comedy.jpg,https://image.tmdb.org/t/p/original/vHtvrB4UQJnQY81Q7lkaUYxuXBk.jpg,page_255.json,ok,
385691,American Descent,Thriller,images/385691_American_Descent_Thriller.jpg,https://image.tmdb.org/t/p/original/rGbYACEPndk6gogOUMKecrlviIV.jpg,page_255.json,ok,
655794,American Christmas,Comedy,images/655794_American_Christmas_Comedy.jpg,https://image.tmdb.org/t/p/original/eF7JUAtQtqOsfwAqsHr3BkWb6IP.jpg,page_255.json,ok,
831132,Highly Functional,Comedy,images/831132_Highly_Functional_Comedy.jpg,https://image.tmdb.org/t/p/original/kPKpFaoidflu76sXg4fE5WoKIGy.jpg,page_255.json,ok,
255185,SLR,Thriller,images/255185_SLR_Thriller.jpg,https://image.tmdb.org/t/p/original/8cjfz1T5OWN8rhdpaNNslCnF4OC.jpg,page_255.json,ok,
1128846,Good Boy,Comedy,images/1128846_Good_Boy_Comedy.jpg,https://image.tmdb.org/t/p/original/9aAnH7tisclCtTZz3BZGVosa7g1.jpg,page_255.json,ok,
55735,Loco Love,Comedy,images/55735_Loco_Love_Comedy.jpg,https://image.tmdb.org/t/p/original/hzNh8Ltjh0o3CLaAZWJxjRMgBXv.jpg,page_256.json,ok,
98339,The Samaritan,Thriller,images/98339_The_Samaritan_Thriller.jpg,https://image.tmdb.org/t/p/original/oimc19nfcUTPveC85EhPyQUQ3CE.jpg,page_255.json,ok,
437563,The Robbery,Comedy,images/437563_The_Robbery_Comedy.jpg,https://image.tmdb.org/t/p/original/veif7pl7zPjqUBusdNKHDhgK1Ra.jpg,page_256.json,ok,
645689,The Duke,Comedy,images/645689_The_Duke_Comedy.jpg,https://image.tmdb.org/t/p/original/zXlj7NgSWg0NbK2zfUh0nbGZVuz.jpg,page_256.json,ok,
45905,The Opportunists,Comedy,images/45905_The_Opportunists_Comedy.jpg,https://image.tmdb.org/t/p/original/o3ahlEqcwxxlVWPnEHTIzYMdwhQ.jpg,page_256.json,ok,
413957,Invitation,Comedy,images/413957_Invitation_Comedy.jpg,https://image.tmdb.org/t/p/original/4J5nwDGbauWgZI284K9dkAwGhsD.jpg,page_256.json,ok,
218821,Bad Acid,Comedy,images/218821_Bad_Acid_Comedy.jpg,https://image.tmdb.org/t/p/original/96fr1HySy6384SNnJSYLlCOIGCz.jpg,page_254.json,ok,
73661,Munger Road,Thriller,images/73661_Munger_Road_Thriller.jpg,https://image.tmdb.org/t/p/original/cJVIKMpL6PxjzAxC1KoJxjJFpN3.jpg,page_256.json,ok,
739402,Squirrel,Comedy,images/739402_Squirrel_Comedy.jpg,https://image.tmdb.org/t/p/original/zFST9JLEVKQETkAfWb20UsfAsAl.jpg,page_257.json,ok,
444595,Project Eden: Vol. I,Thriller,images/444595_Project_Eden_Vol._I_Thriller.jpg,https://image.tmdb.org/t/p/original/q3mfUM33iSCme1iLWc2eRMqOyFy.jpg,page_256.json,ok,
9969,Deck the Halls,Comedy,images/9969_Deck_the_Halls_Comedy.jpg,https://image.tmdb.org/t/p/original/smJDzhYGhl6j9OrucsB7IkMNy82.jpg,page_257.json,ok,
708600,Squeegee,Comedy,images/708600_Squeegee_Comedy.jpg,https://image.tmdb.org/t/p/original/znUELn5QheL396t1RB9ubDfms3l.jpg,page_255.json,ok,
567387,Tortoise,Comedy,images/567387_Tortoise_Comedy.jpg,https://image.tmdb.org/t/p/original/yu13unKRHDwpLx2hzGST10rSFt7.jpg,page_255.json,ok,
180216,Trapped,Thriller,images/180216_Trapped_Thriller.jpg,https://image.tmdb.org/t/p/original/sKQV2K5bthedQImId2MCN9C7o0u.jpg,page_257.json,ok,
923939,The Wonderful Story of Henry Sugar,Comedy,images/923939_The_Wonderful_Story_of_Henry_Sugar_Comedy.jpg,https://image.tmdb.org/t/p/original/fDUywEHwHh6nsLnVXAdPN9m4ZUG.jpg,page_257.json,ok,
612051,Coyote Lake,Thriller,images/612051_Coyote_Lake_Thriller.jpg,https://image.tmdb.org/t/p/original/4pgBw9pS1QXqR9rPzUsSUJZHN9e.jpg,page_257.json,ok,
547009,Greener Grass,Comedy,images/547009_Greener_Grass_Comedy.jpg,https://image.tmdb.org/t/p/original/eN56wiM2M84GBOQnp4TAQXcZucg.jpg,page_257.json,ok,
49586,Billy Connolly: Live in London 2010,Comedy,images/49586_Billy_Connolly_Live_in_London_2010_Comedy.jpg,https://image.tmdb.org/t/p/original/jDaO0LkPuJh692csG2JHfUtlBLx.jpg,page_258.json,ok,
809676,Script Cops,Comedy,images/809676_Script_Cops_Comedy.jpg,https://image.tmdb.org/t/p/original/ywwFg2ra3CNBYeXZW1MKcbl2jA0.jpg,page_258.json,ok,
9988,Beerfest,Comedy,images/9988_Beerfest_Comedy.jpg,https://image.tmdb.org/t/p/original/5srGbSv3zhEUjXFOZR9qHkgJO6l.jpg,page_258.json,ok,
353949,Final Move,Thriller,images/353949_Final_Move_Thriller.jpg,https://image.tmdb.org/t/p/original/gCyt9PzLUiFnd1keaexE2B6zu2B.jpg,page_258.json,ok,
78388,The Dance,Comedy,images/78388_The_Dance_Comedy.jpg,https://image.tmdb.org/t/p/original/txjyqPkI0rCeD4IbJ9Q4OHWpxVY.jpg,page_258.json,ok,
337154,The Meddler,Comedy,images/337154_The_Meddler_Comedy.jpg,https://image.tmdb.org/t/p/original/rzj9ZSleGgsKkY3q6sDDoAxjSu0.jpg,page_258.json,ok,
250572,Break Point,Comedy,images/250572_Break_Point_Comedy.jpg,https://image.tmdb.org/t/p/original/vJFAg3vc2s9aHV14CWirg3JNFOQ.jpg,page_259.json,ok,
572318,An Uzi at the Alamo,Comedy,images/572318_An_Uzi_at_the_Alamo_Comedy.jpg,https://image.tmdb.org/t/p/original/82evaeyApbILpVaFMGvI8up6or5.jpg,page_259.json,ok,
1405650,Alok: Biology!,Comedy,images/1405650_Alok_Biology_Comedy.jpg,https://image.tmdb.org/t/p/original/1T02fOynRx3fDJvfETc1Q08ZYHP.jpg,page_259.json,ok,
275813,Vapid Shallow Models Must Die,Comedy,images/275813_Vapid_Shallow_Models_Must_Die_Comedy.jpg,https://image.tmdb.org/t/p/original/2hqYkom9rfT2Ic3dOsuoSCo7E0n.jpg,page_258.json,ok,
1316101,Lone Wolves,Comedy,images/1316101_Lone_Wolves_Comedy.jpg,https://image.tmdb.org/t/p/original/nEOdHR17ecCxkwNu6jZ1ns2PuIv.jpg,page_259.json,ok,
46837,Kaboom,Comedy,images/46837_Kaboom_Comedy.jpg,https://image.tmdb.org/t/p/original/tMKhfXGDCVlHH5NoGZdiBg0UDeS.jpg,page_259.json,ok,
80585,Rock of Ages,Comedy,images/80585_Rock_of_Ages_Comedy.jpg,https://image.tmdb.org/t/p/original/oVeE2QTUb14jPU2lYEGPE3s8T9j.jpg,page_259.json,ok,
486233,Adam,Comedy,images/486233_Adam_Comedy.jpg,https://image.tmdb.org/t/p/original/n4HBr4ps1OwO6OuNWG4Vt22kUfF.jpg,page_259.json,ok,
109418,Grown Ups 2,Comedy,images/109418_Grown_Ups_2_Comedy.jpg,https://image.tmdb.org/t/p/original/hT6ijOtjtYrnyDhN7VA2QWyGFAm.jpg,page_26.json,ok,
291727,Rustin,Comedy,images/291727_Rustin_Comedy.jpg,https://image.tmdb.org/t/p/original/sY8X8w4cnCcMSv4iFq79MKbon2M.jpg,page_259.json,ok,
734901,Flex,Comedy,images/734901_Flex_Comedy.jpg,https://image.tmdb.org/t/p/original/boGBYunddFeFnNfQJbVNnNop4AD.jpg,page_259.json,ok,
301713,Stuck in the Middle,Comedy,images/301713_Stuck_in_the_Middle_Comedy.jpg,https://image.tmdb.org/t/p/original/djr2kvED0INtAMPbwH4DZlgOjvK.jpg,page_259.json,ok,
1127944,Heard She Got Murdered,Comedy,images/1127944_Heard_She_Got_Murdered_Comedy.jpg,https://image.tmdb.org/t/p/original/lIyvE6TDFLhMUmeQKyqv6qf667z.jpg,page_26.json,ok,
532512,Ellie Parker,Comedy,images/532512_Ellie_Parker_Comedy.jpg,https://image.tmdb.org/t/p/original/j9NLGCiEIIMLm6J6F1PE2gOLXb2.jpg,page_260.json,ok,
580522,The Way We Weren't,Comedy,images/580522_The_Way_We_Werent_Comedy.jpg,https://image.tmdb.org/t/p/original/65hQc40FxKSpigISbC6ssUM0658.jpg,page_260.json,ok,
313369,La La Land,Comedy,images/313369_La_La_Land_Comedy.jpg,https://image.tmdb.org/t/p/original/uDO8zWDhfWwoFdKS4fzkUJt0Rf0.jpg,page_26.json,ok,
6477,Alvin and the Chipmunks,Comedy,images/6477_Alvin_and_the_Chipmunks_Comedy.jpg,https://image.tmdb.org/t/p/original/22YxmH8FHZGEVyBgKBNorVF4cqi.jpg,page_26.json,ok,
489930,Blindspotting,Comedy,images/489930_Blindspotting_Comedy.jpg,https://image.tmdb.org/t/p/original/x4DRZfTqOlmzNWAvy4vcKWkgEGL.jpg,page_260.json,ok,
73424,True Adolescents,Comedy,images/73424_True_Adolescents_Comedy.jpg,https://image.tmdb.org/t/p/original/wIANqZLA6QtI8VtYP1CKOODHvSS.jpg,page_260.json,ok,
550115,Airplane Mode,Comedy,images/550115_Airplane_Mode_Comedy.jpg,https://image.tmdb.org/t/p/original/jWcxcTE0LfDL1M4NSN2NORvEyho.jpg,page_260.json,ok,
16433,Grand Theft Parsons,Comedy,images/16433_Grand_Theft_Parsons_Comedy.jpg,https://image.tmdb.org/t/p/original/5sWWj5tlTDyAi2yiEjQZUmJCoKr.jpg,page_260.json,ok,
594290,The Husband,Thriller,images/594290_The_Husband_Thriller.jpg,https://image.tmdb.org/t/p/original/9GNGnQJEBtPOy9WoCklagFmufMa.jpg,page_260.json,ok,
1528701,Hitman,Comedy,images/1528701_Hitman_Comedy.jpg,https://image.tmdb.org/t/p/original/6Ps5AjJdwnbFTmWFVmRsGgTMlpG.jpg,page_261.json,ok,
11887,High School Musical 3: Senior Year,Comedy,images/11887_High_School_Musical_3_Senior_Year_Comedy.jpg,https://image.tmdb.org/t/p/original/aq2o1wT0crBOTxof36O6KTyjpgE.jpg,page_260.json,ok,
1062963,Lunchbox Loser,Comedy,images/1062963_Lunchbox_Loser_Comedy.jpg,https://image.tmdb.org/t/p/original/rnFD5xGw53hWLPdHlMdCPACigdY.jpg,page_259.json,ok,
48682,Infection,Thriller,images/48682_Infection_Thriller.jpg,https://image.tmdb.org/t/p/original/yVrsoMEHHT1U6HigCiOOEum7izG.jpg,page_260.json,ok,
838279,Blood Sugar,Comedy,images/838279_Blood_Sugar_Comedy.jpg,https://image.tmdb.org/t/p/original/aehQ3JRfRjHrGwyHoBP1IAJ960B.jpg,page_260.json,ok,
847465,Blue Nights,Comedy,images/847465_Blue_Nights_Comedy.jpg,https://image.tmdb.org/t/p/original/Ajh8WztekxPtJhTBU2rjVy3IXz3.jpg,page_260.json,ok,
142650,Finding Joy,Comedy,images/142650_Finding_Joy_Comedy.jpg,https://image.tmdb.org/t/p/original/o1UcgJotKETW6vXq19OHt2Q3tdK.jpg,page_261.json,ok,
1157612,Stomach Virus,Comedy,images/1157612_Stomach_Virus_Comedy.jpg,https://image.tmdb.org/t/p/original/fy4cmsDb296GxYTiSlbyCGr3lTI.jpg,page_257.json,ok,
814853,Hostage House,Thriller,images/814853_Hostage_House_Thriller.jpg,https://image.tmdb.org/t/p/original/1y0efqbvfJOlkgkHJTtF3PpSbS.jpg,page_261.json,ok,
1151572,Red Flags 2,Thriller,images/1151572_Red_Flags_2_Thriller.jpg,https://image.tmdb.org/t/p/original/zWIOlSBsbABB3zYyMe1mGVgNCla.jpg,page_261.json,ok,
17651,Poster Boy,Comedy,images/17651_Poster_Boy_Comedy.jpg,https://image.tmdb.org/t/p/original/bDx4n2ZrQeeJJyJ2k6O2PVP4oO6.jpg,page_261.json,ok,
691537,Rifftrax Live: Starship Troopers,Comedy,images/691537_Rifftrax_Live_Starship_Troopers_Comedy.jpg,https://image.tmdb.org/t/p/original/xYyNDJ5n0ZWmTlEEJTsiKf7uNEF.jpg,page_262.json,ok,
664574,Silent Night,Comedy,images/664574_Silent_Night_Comedy.jpg,https://image.tmdb.org/t/p/original/bfUO1SBTfgcK77em3lOuRFY2uLc.jpg,page_261.json,ok,
46112,Dawg,Comedy,images/46112_Dawg_Comedy.jpg,https://image.tmdb.org/t/p/original/5865LCQVdV8AxCX27pBn94Ob2pB.jpg,page_262.json,ok,
643936,A Christmas Winter Song,Comedy,images/643936_A_Christmas_Winter_Song_Comedy.jpg,https://image.tmdb.org/t/p/original/n2VEwregTW6C9nbBb23b7JQ9guO.jpg,page_262.json,ok,
762888,Senior Moment,Comedy,images/762888_Senior_Moment_Comedy.jpg,https://image.tmdb.org/t/p/original/4JNDLdLXMoM9cKmMsKsMyN2JXYQ.jpg,page_262.json,ok,
207270,The Hoarder,Thriller,images/207270_The_Hoarder_Thriller.jpg,https://image.tmdb.org/t/p/original/1ezp9Cu7weyUbigGSqmTbUTEHdh.jpg,page_262.json,ok,
16783,Electric Apricot,Comedy,images/16783_Electric_Apricot_Comedy.jpg,https://image.tmdb.org/t/p/original/o0hb4NHyqno0GZI98H1gXtoRVQa.jpg,page_262.json,ok,
279925,Eyes Front,Thriller,images/279925_Eyes_Front_Thriller.jpg,https://image.tmdb.org/t/p/original/lHqnjdAbypzFzU6QglyWlvQW8sR.jpg,page_262.json,ok,
674042,Deep Cuts,Comedy,images/674042_Deep_Cuts_Comedy.jpg,https://image.tmdb.org/t/p/original/aeZF63B59P320kwwobxUfb2MbFo.jpg,page_262.json,ok,
119738,Thunderstruck,Comedy,images/119738_Thunderstruck_Comedy.jpg,https://image.tmdb.org/t/p/original/lR1ssqRzslQx9WtTOKnfgqbNB1y.jpg,page_262.json,ok,
504385,Item Falls,Comedy,images/504385_Item_Falls_Comedy.jpg,https://image.tmdb.org/t/p/original/6y0o3gA3oeCEHq19Vs3PUdbvXCj.jpg,page_262.json,ok,
1239288,Atropia,Comedy,images/1239288_Atropia_Comedy.jpg,https://image.tmdb.org/t/p/original/fSQHdhWLyAGbmYQ5aQ7UPkP5mv8.jpg,page_263.json,ok,
1430968,Idiotka,Comedy,images/1430968_Idiotka_Comedy.jpg,https://image.tmdb.org/t/p/original/dRKm1cVxWHWGRwl3vRz0y77H7v.jpg,page_263.json,ok,
530180,Reach,Comedy,images/530180_Reach_Comedy.jpg,https://image.tmdb.org/t/p/original/jXGEAzZp2u2mBPrVgywo5rKRRcs.jpg,page_263.json,ok,
22747,Bob the Butler,Comedy,images/22747_Bob_the_Butler_Comedy.jpg,https://image.tmdb.org/t/p/original/gbVHXnDlx9UPCYH9bIAP5Dr8PC3.jpg,page_263.json,ok,
913814,Brian and Charles,Comedy,images/913814_Brian_and_Charles_Comedy.jpg,https://image.tmdb.org/t/p/original/pzP3N9qRo3S91QjfBFWNI0ph0AY.jpg,page_263.json,ok,
109729,The Canyons,Thriller,images/109729_The_Canyons_Thriller.jpg,https://image.tmdb.org/t/p/original/5tZR5o2KJXY6UGxoCsuCmZqROwO.jpg,page_263.json,ok,
369061,A Christmas Reunion,Comedy,images/369061_A_Christmas_Reunion_Comedy.jpg,https://image.tmdb.org/t/p/original/MsAh9o8r0Gvjb3D0aNBjgiPaY3.jpg,page_263.json,ok,
417936,Accidentally Engaged,Comedy,images/417936_Accidentally_Engaged_Comedy.jpg,https://image.tmdb.org/t/p/original/lArOsPsD5e0W0paC7vReirclHNw.jpg,page_263.json,ok,
187448,Sins,Thriller,images/187448_Sins_Thriller.jpg,https://image.tmdb.org/t/p/original/vHGvyW4fx4G93NkpMkLqcwcqJu2.jpg,page_263.json,ok,
41275,Python,Comedy,images/41275_Python_Comedy.jpg,https://image.tmdb.org/t/p/original/lDbTpRHTRFWBK4j0FAWpE4M5WT2.jpg,page_263.json,ok,
489925,Eighth Grade,Comedy,images/489925_Eighth_Grade_Comedy.jpg,https://image.tmdb.org/t/p/original/xTa9cLhGHfQ7084UvoPQ2bBXKqd.jpg,page_264.json,ok,
59222,Holy Money,Thriller,images/59222_Holy_Money_Thriller.jpg,https://image.tmdb.org/t/p/original/A6dejM8r2oBxKOXXeKhVUYUNe9T.jpg,page_264.json,ok,
287587,Adult Beginners,Comedy,images/287587_Adult_Beginners_Comedy.jpg,https://image.tmdb.org/t/p/original/H9zeZ4Vr1lPUfOCz07FPn1ENRX.jpg,page_264.json,ok,
791725,Killer Advice,Thriller,images/791725_Killer_Advice_Thriller.jpg,https://image.tmdb.org/t/p/original/xKelENzhcJwf80SaWEZuUrX7Mw9.jpg,page_264.json,ok,
491599,Coffee House Chronicles: The Movie,Comedy,images/491599_Coffee_House_Chronicles_The_Movie_Comedy.jpg,https://image.tmdb.org/t/p/original/bbr5BfgiYObpawFBxr5lc6ZrtlZ.jpg,page_264.json,ok,
31268,The Auteur,Comedy,images/31268_The_Auteur_Comedy.jpg,https://image.tmdb.org/t/p/original/eWp7nKGezBjQsj6ssLjwYQ8SYAh.jpg,page_264.json,ok,
1008138,Target,Thriller,images/1008138_Target_Thriller.jpg,https://image.tmdb.org/t/p/original/xxdcfGbMxQ8IqMVQV6ykXW12X2z.jpg,page_262.json,ok,
58224,Mr. Popper's Penguins,Comedy,images/58224_Mr._Poppers_Penguins_Comedy.jpg,https://image.tmdb.org/t/p/original/jGwZ1QI5DaL7mHQ2ZsMV1p8xvPS.jpg,page_264.json,ok,
133931,Zambezia,Comedy,images/133931_Zambezia_Comedy.jpg,https://image.tmdb.org/t/p/original/7aJl440TlbyqthklVrvCnSbjKYe.jpg,page_265.json,ok,
486657,Bob Saget: Zero to Sixty,Comedy,images/486657_Bob_Saget_Zero_to_Sixty_Comedy.jpg,https://image.tmdb.org/t/p/original/dDqkGy4bNxDovH9Ab39aQc253mp.jpg,page_265.json,ok,
181947,House Arrest,Comedy,images/181947_House_Arrest_Comedy.jpg,https://image.tmdb.org/t/p/original/3USFnjq31QKXUXCVCTkU3HYmJ7l.jpg,page_265.json,ok,
36484,Rick,Comedy,images/36484_Rick_Comedy.jpg,https://image.tmdb.org/t/p/original/j9srZPOTFsyHovXO9hJso3GrT2F.jpg,page_265.json,ok,
9506,Anger Management,Comedy,images/9506_Anger_Management_Comedy.jpg,https://image.tmdb.org/t/p/original/8wX3S5HjL3bgb2yi4CfR2qIqbdH.jpg,page_265.json,ok,
116894,Blind Terror,Thriller,images/116894_Blind_Terror_Thriller.jpg,https://image.tmdb.org/t/p/original/rqEgvJ7nxqShBv9m2iBfuKzUEPj.jpg,page_265.json,ok,
313788,Firequake,Thriller,images/313788_Firequake_Thriller.jpg,https://image.tmdb.org/t/p/original/kgZe0zeTosBhXDA3SizXtKhVk1E.jpg,page_266.json,ok,
613485,Groupies,Thriller,images/613485_Groupies_Thriller.jpg,https://image.tmdb.org/t/p/original/yKtdgFYXhXzb0O4ksCXPiF5n9Vk.jpg,page_264.json,ok,
652048,Red Devil,Thriller,images/652048_Red_Devil_Thriller.jpg,https://image.tmdb.org/t/p/original/pbgi9JIRc9dMr8kS9zYVKppsUE4.jpg,page_266.json,ok,
898308,Darby and the Dead,Comedy,images/898308_Darby_and_the_Dead_Comedy.jpg,https://image.tmdb.org/t/p/original/v1mtYW0qShlS3YFy10D8GqTk6LI.jpg,page_266.json,ok,
290226,Spooked,Thriller,images/290226_Spooked_Thriller.jpg,https://image.tmdb.org/t/p/original/i0DSZ92LhqEZTwpA4ObCGlBe4mk.jpg,page_266.json,ok,
96087,Funeral Kings,Comedy,images/96087_Funeral_Kings_Comedy.jpg,https://image.tmdb.org/t/p/original/eC9Hxvkw8HI4GqFIKKX9uc4i1wm.jpg,page_266.json,ok,
437557,Blockers,Comedy,images/437557_Blockers_Comedy.jpg,https://image.tmdb.org/t/p/original/uvlUQXg0AlpGzKukO11K7QtW3Yu.jpg,page_266.json,ok,
369196,I Spit on Your Grave: Déjà Vu,Thriller,images/369196_I_Spit_on_Your_Grave_Dj_Vu_Thriller.jpg,https://image.tmdb.org/t/p/original/hrD8fU6tA1Pzh4ybxG4iN5TbVdU.jpg,page_267.json,ok,
152259,Phantom,Thriller,images/152259_Phantom_Thriller.jpg,https://image.tmdb.org/t/p/original/lA1CRLLy3mA5bbut4g3u3CKBrZX.jpg,page_267.json,ok,
493066,Low Tide,Thriller,images/493066_Low_Tide_Thriller.jpg,https://image.tmdb.org/t/p/original/iEZrBPoWu4QYgOh594uCxDCEQDx.jpg,page_267.json,ok,
840882,The Weekend Away,Thriller,images/840882_The_Weekend_Away_Thriller.jpg,https://image.tmdb.org/t/p/original/6MS0QEl7UK2gdFFbHfNwuYlsq4H.jpg,page_267.json,ok,
1379383,The Wash,Comedy,images/1379383_The_Wash_Comedy.jpg,https://image.tmdb.org/t/p/original/vijGpS8cORpeMXWVkes4wTsdnxM.jpg,page_267.json,ok,
399170,Logan Lucky,Comedy,images/399170_Logan_Lucky_Comedy.jpg,https://image.tmdb.org/t/p/original/2yfQR59Cu1ZFHdti0igSxAIL8hd.jpg,page_267.json,ok,
620897,The Forty-Year-Old Version,Comedy,images/620897_The_Forty-Year-Old_Version_Comedy.jpg,https://image.tmdb.org/t/p/original/ilMExVn5xyfIWAnqngqAB0OFsE5.jpg,page_267.json,ok,
1006228,Breakwater,Thriller,images/1006228_Breakwater_Thriller.jpg,https://image.tmdb.org/t/p/original/pfwCmX13GAwrFhhVFOgXmPdZgS6.jpg,page_267.json,ok,
430011,Supercon,Comedy,images/430011_Supercon_Comedy.jpg,https://image.tmdb.org/t/p/original/xK2JTaoKmabEjDccv0yYIkgP5Qu.jpg,page_267.json,ok,
611207,The Knight Before Christmas,Comedy,images/611207_The_Knight_Before_Christmas_Comedy.jpg,https://image.tmdb.org/t/p/original/ivymBQYzYqZoLhvgYg77gSzXKsA.jpg,page_267.json,ok,
760905,Matzo Maidels,Comedy,images/760905_Matzo_Maidels_Comedy.jpg,https://image.tmdb.org/t/p/original/8J5m6LrJYGM4ObofcpNWSwgjSw.jpg,page_267.json,ok,
1145758,Birder,Thriller,images/1145758_Birder_Thriller.jpg,https://image.tmdb.org/t/p/original/h3N0NwMV1GyxOrtSwABQDqqA74.jpg,page_268.json,ok,
800510,Kimi,Thriller,images/800510_Kimi_Thriller.jpg,https://image.tmdb.org/t/p/original/okNgwtxIWzGsNlR3GsOS0i0Qgbn.jpg,page_268.json,ok,
366247,Houses,Comedy,images/366247_Houses_Comedy.jpg,https://image.tmdb.org/t/p/original/9BsR4sl1G94EsnoDwkbamFrwrsq.jpg,page_265.json,ok,
13170,The Boys & Girls Guide to Getting Down,Comedy,images/13170_The_Boys__Girls_Guide_to_Getting_Down_Comedy.jpg,https://image.tmdb.org/t/p/original/2KDlKkjCKlGLdcltDI9ssamLj3.jpg,page_268.json,ok,
358693,Sunflower Hour,Comedy,images/358693_Sunflower_Hour_Comedy.jpg,https://image.tmdb.org/t/p/original/2KxSIvtu90G8QfPZWnz0nVxpNX9.jpg,page_268.json,ok,
1035658,The Willowbrook,Thriller,images/1035658_The_Willowbrook_Thriller.jpg,https://image.tmdb.org/t/p/original/p8Xs2fEyTn9qKzvlka50vZpWmNb.jpg,page_268.json,ok,
8193,Napoleon Dynamite,Comedy,images/8193_Napoleon_Dynamite_Comedy.jpg,https://image.tmdb.org/t/p/original/6Iv6Uwa2SBLN0dSGM00rdrwN4MJ.jpg,page_268.json,ok,
474201,The Orchard,Comedy,images/474201_The_Orchard_Comedy.jpg,https://image.tmdb.org/t/p/original/foowh0sQiuerrcieAdNAqxrdzfr.jpg,page_268.json,ok,
400039,Alan Partridge's Scissored Isle,Comedy,images/400039_Alan_Partridges_Scissored_Isle_Comedy.jpg,https://image.tmdb.org/t/p/original/v7vFuszVkSvs3wnXCFtMYeisMZt.jpg,page_268.json,ok,
351187,Knifepoint,Thriller,images/351187_Knifepoint_Thriller.jpg,https://image.tmdb.org/t/p/original/rRWxRFPGqF3jpHH09JSXv16rOSu.jpg,page_268.json,ok,
451911,Cage,Thriller,images/451911_Cage_Thriller.jpg,https://image.tmdb.org/t/p/original/myVIse3AzALS5ZJFOlvq2dBOxJV.jpg,page_269.json,ok,
1069187,Shoshana,Thriller,images/1069187_Shoshana_Thriller.jpg,https://image.tmdb.org/t/p/original/o5fnmUDQ4lgpJynXQxJI8mWLsqw.jpg,page_268.json,ok,
153913,Intern,Comedy,images/153913_Intern_Comedy.jpg,https://image.tmdb.org/t/p/original/cCMnPYJBTus7kuTx06BmTKQe64P.jpg,page_269.json,ok,
10961,Behind the Mask: The Rise of Leslie Vernon,Comedy,images/10961_Behind_the_Mask_The_Rise_of_Leslie_Vernon_Comedy.jpg,https://image.tmdb.org/t/p/original/vie8a3z219Zsw81eAsM58B6VFEn.jpg,page_269.json,ok,
353616,Pitch Perfect 3,Comedy,images/353616_Pitch_Perfect_3_Comedy.jpg,https://image.tmdb.org/t/p/original/v4tbRRX0OSOHcgz2869rEjcBwOJ.jpg,page_269.json,ok,
11631,Mamma Mia!,Comedy,images/11631_Mamma_Mia_Comedy.jpg,https://image.tmdb.org/t/p/original/zdUA4FNHbXPadzVOJiU0Rgn6cHR.jpg,page_27.json,ok,
1083420,Adulthood,Comedy,images/1083420_Adulthood_Comedy.jpg,https://image.tmdb.org/t/p/original/a40Gi0Zq4Ecqu3obmOp6TSgEne1.jpg,page_27.json,ok,
6145,Fracture,Thriller,images/6145_Fracture_Thriller.jpg,https://image.tmdb.org/t/p/original/qNen8x5gaikjIg9CFihgxYcJwQe.jpg,page_27.json,ok,
1059319,The Feeling That the Time for Doing Something Has Passed,Comedy,images/1059319_The_Feeling_That_the_Time_for_Doing_Something_Has_Passed_Comedy.jpg,https://image.tmdb.org/t/p/original/j91fLrmkALnmIxScI0BQlVbbz89.jpg,page_270.json,ok,
92326,Straight-Jacket,Comedy,images/92326_Straight-Jacket_Comedy.jpg,https://image.tmdb.org/t/p/original/pzsviJHkJ3menowGvcZUNIbPWOZ.jpg,page_269.json,ok,
784272,Lughead,Comedy,images/784272_Lughead_Comedy.jpg,https://image.tmdb.org/t/p/original/zCv5G0NxHB1fXDIfAm5J7KvrtWR.jpg,page_269.json,ok,
860159,Crush,Comedy,images/860159_Crush_Comedy.jpg,https://image.tmdb.org/t/p/original/hayr56csDzCSADaejgrRMVPHyDy.jpg,page_270.json,ok,
993621,The Stranger in Our Bed,Thriller,images/993621_The_Stranger_in_Our_Bed_Thriller.jpg,https://image.tmdb.org/t/p/original/9bX57QlmpI1DcWLkggGmg5guqJx.jpg,page_270.json,ok,
78387,Heber Holiday,Comedy,images/78387_Heber_Holiday_Comedy.jpg,https://image.tmdb.org/t/p/original/o0g41wC4KtNlrvEjonnApdhHq24.jpg,page_270.json,ok,
666256,Myth,Comedy,images/666256_Myth_Comedy.jpg,https://image.tmdb.org/t/p/original/wj2TAJNFBVgXYReUlL7DZEaPCom.jpg,page_270.json,ok,
292509,Telephone World,Thriller,images/292509_Telephone_World_Thriller.jpg,https://image.tmdb.org/t/p/original/vFBGp6Z8EVSYn6QEIgLiefvDP1E.jpg,page_271.json,ok,
1188741,Barbie & Kendra Crash Joe Bob's Drive-In Jamboree!,Comedy,images/1188741_Barbie__Kendra_Crash_Joe_Bobs_Drive-In_Jamboree_Comedy.jpg,https://image.tmdb.org/t/p/original/uINPD3HSGp7FWQqiRHQB6yDjz4x.jpg,page_270.json,ok,
1195613,Doin' It,Comedy,images/1195613_Doin_It_Comedy.jpg,https://image.tmdb.org/t/p/original/uZZtpqivBbCt4Dimnzmg5aEl1CU.jpg,page_270.json,ok,
1026377,Sanctioning Evil,Thriller,images/1026377_Sanctioning_Evil_Thriller.jpg,https://image.tmdb.org/t/p/original/ik6bMQ1Ar4Uch8owW2HWtQkPXWK.jpg,page_270.json,ok,
604031,Straight Up,Comedy,images/604031_Straight_Up_Comedy.jpg,https://image.tmdb.org/t/p/original/7qqK3Qbob7et7hQG5nAsS1ysNWU.jpg,page_271.json,ok,
338989,Preoccupied,Comedy,images/338989_Preoccupied_Comedy.jpg,https://image.tmdb.org/t/p/original/9VrexCQvtBQLGofkcXXnEi4gIeB.jpg,page_271.json,ok,
423522,Hostage X,Thriller,images/423522_Hostage_X_Thriller.jpg,https://image.tmdb.org/t/p/original/iftXuaQiXEcE7uhwURPkOCpXa9x.jpg,page_271.json,ok,
104859,Mac & Devin Go to High School,Comedy,images/104859_Mac__Devin_Go_to_High_School_Comedy.jpg,https://image.tmdb.org/t/p/original/x3G4ft7cAWsnXjFPC5D5ruvGaOg.jpg,page_271.json,ok,
586707,Life Like,Thriller,images/586707_Life_Like_Thriller.jpg,https://image.tmdb.org/t/p/original/uOVGbT6TR8qiZiruX66yBRXq9Nv.jpg,page_271.json,ok,
718451,Gatecrash,Thriller,images/718451_Gatecrash_Thriller.jpg,https://image.tmdb.org/t/p/original/Asjn8zcQDfsu8Cky9VDaMcUauja.jpg,page_271.json,ok,
68812,The Iceman,Thriller,images/68812_The_Iceman_Thriller.jpg,https://image.tmdb.org/t/p/original/56KPE9tPYh2WBdnUMq9EIOwEXGQ.jpg,page_272.json,ok,
517636,"Fear, Love, and Agoraphobia",Comedy,images/517636_Fear_Love_and_Agoraphobia_Comedy.jpg,https://image.tmdb.org/t/p/original/lPFWkoxFz0Myppu5XPueadHLzXa.jpg,page_271.json,ok,
436274,Radius,Thriller,images/436274_Radius_Thriller.jpg,https://image.tmdb.org/t/p/original/3BHYW2Wlcu9ES41Y4OTeSgkhYkD.jpg,page_272.json,ok,
694656,Wild,Comedy,images/694656_Wild_Comedy.jpg,https://image.tmdb.org/t/p/original/49fs9GrQPctqbOJ71ZWIP0RbNXZ.jpg,page_272.json,ok,
27785,Sinful,Thriller,images/27785_Sinful_Thriller.jpg,https://image.tmdb.org/t/p/original/3LXImQBu64rnocvAfUQXBDtie3S.jpg,page_272.json,ok,
354526,Serena the Sexplorer,Comedy,images/354526_Serena_the_Sexplorer_Comedy.jpg,https://image.tmdb.org/t/p/original/fYXtxAJBBnxpPMCzJyEfLGqzFfe.jpg,page_272.json,ok,
140941,Hemorrhage,Thriller,images/140941_Hemorrhage_Thriller.jpg,https://image.tmdb.org/t/p/original/aSd1xbvklI574kkRHiKTZpXkpnH.jpg,page_272.json,ok,
1412757,Katangari Goes to Town,Comedy,images/1412757_Katangari_Goes_to_Town_Comedy.jpg,https://image.tmdb.org/t/p/original/eCtSTXBBNdwu0LklMf8VovQUkHb.jpg,page_272.json,ok,
648715,Fat Chance,Comedy,images/648715_Fat_Chance_Comedy.jpg,https://image.tmdb.org/t/p/original/jq4YcJdj2DF7Ko6WWR9OvlTa9Ws.jpg,page_272.json,ok,
582596,The Wrong Missy,Comedy,images/582596_The_Wrong_Missy_Comedy.jpg,https://image.tmdb.org/t/p/original/A2YlIrzypvhS3vTFMcDkG3xLvac.jpg,page_272.json,ok,
392261,Bad Sugar,Comedy,images/392261_Bad_Sugar_Comedy.jpg,https://image.tmdb.org/t/p/original/pIyUn2mKtPIXZCPe2RqguouMJc4.jpg,page_272.json,ok,
497323,The 1st,Comedy,images/497323_The_1st_Comedy.jpg,https://image.tmdb.org/t/p/original/9R7Vohg6tXkCnyT0c9ygD3VUD4r.jpg,page_273.json,ok,
1518157,Lucky Fish,Comedy,images/1518157_Lucky_Fish_Comedy.jpg,https://image.tmdb.org/t/p/original/aaKRfNbNJqxKxqBGJsJu2YFc0Hg.jpg,page_273.json,ok,
552116,Unthinkable,Thriller,images/552116_Unthinkable_Thriller.jpg,https://image.tmdb.org/t/p/original/nDkzuVlNsSVFBkkZQqw26fCKz4J.jpg,page_273.json,ok,
8968,Boogeyman,Thriller,images/8968_Boogeyman_Thriller.jpg,https://image.tmdb.org/t/p/original/5KffN0UcuAKJdUAcOvZ21OrqXc8.jpg,page_273.json,ok,
557670,Private Lies,Thriller,images/557670_Private_Lies_Thriller.jpg,https://image.tmdb.org/t/p/original/xr5nrW0jrvNwtBGhGqkmV4a9e6m.jpg,page_273.json,ok,
304794,The Disgustings,Comedy,images/304794_The_Disgustings_Comedy.jpg,https://image.tmdb.org/t/p/original/l2GvyczZmI1OPttu3sDjkIoRa6w.jpg,page_271.json,ok,
619647,Raf,Comedy,images/619647_Raf_Comedy.jpg,https://image.tmdb.org/t/p/original/zBjJukfBoSLLGAjnT4xEOclb17I.jpg,page_271.json,ok,
904795,From A Strange Land,Comedy,images/904795_From_A_Strange_Land_Comedy.jpg,https://image.tmdb.org/t/p/original/itoLF8Uq48Vay9hncEWz3IBKbSH.jpg,page_273.json,ok,
460227,Bad Frank,Thriller,images/460227_Bad_Frank_Thriller.jpg,https://image.tmdb.org/t/p/original/14Mp6zQ609spz366HrfSKtgVKlR.jpg,page_273.json,ok,
972254,Happily Never After,Thriller,images/972254_Happily_Never_After_Thriller.jpg,https://image.tmdb.org/t/p/original/h7BSoPi2uhwMjuWfjBcG2XIYPlR.jpg,page_274.json,ok,
122044,Offender,Thriller,images/122044_Offender_Thriller.jpg,https://image.tmdb.org/t/p/original/gYzE8XlHGMH1nmlwlPksBzj8kZH.jpg,page_274.json,ok,
668610,Sinister Stalker,Thriller,images/668610_Sinister_Stalker_Thriller.jpg,https://image.tmdb.org/t/p/original/9C1AxAYRgaUciU8FOngTm8p8kA2.jpg,page_274.json,ok,
777950,King Knight,Comedy,images/777950_King_Knight_Comedy.jpg,https://image.tmdb.org/t/p/original/vFulLzFGn695lpY0VGlndStR07x.jpg,page_274.json,ok,
199373,The Frozen Ground,Thriller,images/199373_The_Frozen_Ground_Thriller.jpg,https://image.tmdb.org/t/p/original/hHDj1h3lJvYd9Cervoswz9crhWg.jpg,page_274.json,ok,
429460,Muse,Thriller,images/429460_Muse_Thriller.jpg,https://image.tmdb.org/t/p/original/vlDFEhlBon98itV43QOPCk7r0I7.jpg,page_274.json,ok,
352818,Monster Machine,Comedy,images/352818_Monster_Machine_Comedy.jpg,https://image.tmdb.org/t/p/original/x580VuOntNEmU4t3Cy4ZdZ3bHOG.jpg,page_273.json,ok,
330408,Forget and Forgive,Thriller,images/330408_Forget_and_Forgive_Thriller.jpg,https://image.tmdb.org/t/p/original/j7uZlwcWAGTlDaEvmnjfNZJKDF4.jpg,page_274.json,ok,
10468,28 Days,Comedy,images/10468_28_Days_Comedy.jpg,https://image.tmdb.org/t/p/original/tlgz7Shx0UavR5pyITeJ2mUHKFI.jpg,page_275.json,ok,
282741,Bazookas: The Movie,Comedy,images/282741_Bazookas_The_Movie_Comedy.jpg,https://image.tmdb.org/t/p/original/nruZSu6tmJNG9YAlSw8BR7LdJOA.jpg,page_274.json,ok,
1078959,A Mistake,Thriller,images/1078959_A_Mistake_Thriller.jpg,https://image.tmdb.org/t/p/original/j6bpNu94Nah75ED2WQVxt2iOX.jpg,page_275.json,ok,
399266,Pushing Dead,Comedy,images/399266_Pushing_Dead_Comedy.jpg,https://image.tmdb.org/t/p/original/dcRydYfahLz1k9QBIhf3mJcHIgd.jpg,page_275.json,ok,
1173368,Fear View,Thriller,images/1173368_Fear_View_Thriller.jpg,https://image.tmdb.org/t/p/original/eOGYCox0ri0YGW29yP10bhnYUVC.jpg,page_274.json,ok,
693946,Cindy,Comedy,images/693946_Cindy_Comedy.jpg,https://image.tmdb.org/t/p/original/crXdmBHT79evknq8KrElzGdeOEU.jpg,page_275.json,ok,
64293,Global Heresy,Comedy,images/64293_Global_Heresy_Comedy.jpg,https://image.tmdb.org/t/p/original/wvPRRiM2W4Qa4M6nAkvfHfEY22u.jpg,page_275.json,ok,
294476,Don't Look Back,Thriller,images/294476_Dont_Look_Back_Thriller.jpg,https://image.tmdb.org/t/p/original/9zSMwlWRQKZZGMoT5YGgZvkpz67.jpg,page_276.json,ok,
525946,Troop Zero,Comedy,images/525946_Troop_Zero_Comedy.jpg,https://image.tmdb.org/t/p/original/yr1RzTrVIfS5n9zvClUfAtZDyUn.jpg,page_276.json,ok,
994615,Jacket,Comedy,images/994615_Jacket_Comedy.jpg,https://image.tmdb.org/t/p/original/kNQbeSfkby8xDbDsF1bZnFSBCnq.jpg,page_275.json,ok,
722354,The Arrangement,Thriller,images/722354_The_Arrangement_Thriller.jpg,https://image.tmdb.org/t/p/original/eJCClXPy8O8L0BDZRZLYTChhd4p.jpg,page_275.json,ok,
9828,Unknown,Thriller,images/9828_Unknown_Thriller.jpg,https://image.tmdb.org/t/p/original/h6hz8LjwyYM0jrz6pxAYicwwIrj.jpg,page_276.json,ok,
1125867,Rubberneck,Comedy,images/1125867_Rubberneck_Comedy.jpg,https://image.tmdb.org/t/p/original/gLmWQmcdI8ljy0PpwcdODBuEirD.jpg,page_277.json,ok,
58631,29 Palms,Comedy,images/58631_29_Palms_Comedy.jpg,https://image.tmdb.org/t/p/original/hDNBHNJ0pu1ey6FRtJ0MwcU0Mcf.jpg,page_277.json,ok,
475542,Brown,Comedy,images/475542_Brown_Comedy.jpg,https://image.tmdb.org/t/p/original/iJaRFI88vMi0WmTZotAlg0aPvdh.jpg,page_277.json,ok,
410797,NewsHits,Comedy,images/410797_NewsHits_Comedy.jpg,https://image.tmdb.org/t/p/original/wAXE3b1jAqEqMCljcK4rZ0nEnl5.jpg,page_277.json,ok,
201086,Cuban Fury,Comedy,images/201086_Cuban_Fury_Comedy.jpg,https://image.tmdb.org/t/p/original/xuRAyIUJmgXwI1ba06AxYBAQMTc.jpg,page_277.json,ok,
879629,The Underdog,Comedy,images/879629_The_Underdog_Comedy.jpg,https://image.tmdb.org/t/p/original/iSMGWFiD56KnZqsYq7P8SAnqxna.jpg,page_277.json,ok,
93771,Santa Claus Versus the Zombies,Comedy,images/93771_Santa_Claus_Versus_the_Zombies_Comedy.jpg,https://image.tmdb.org/t/p/original/5k7s1zKhQ12lgs4ZkiN3Jd0pv04.jpg,page_277.json,ok,
922764,Deadly Garage Sale,Thriller,images/922764_Deadly_Garage_Sale_Thriller.jpg,https://image.tmdb.org/t/p/original/zYuAILM2sN8FldPgEki3sQwBz2T.jpg,page_277.json,ok,
625128,Bill Burr: Paper Tiger,Comedy,images/625128_Bill_Burr_Paper_Tiger_Comedy.jpg,https://image.tmdb.org/t/p/original/zho1ypBSxia3bHCSeB4Znpzh7nM.jpg,page_277.json,ok,
59968,Our Idiot Brother,Comedy,images/59968_Our_Idiot_Brother_Comedy.jpg,https://image.tmdb.org/t/p/original/47kXCbmHOjxyW5Ao3oQ2uoheHi9.jpg,page_278.json,ok,
312649,El Grito,Thriller,images/312649_El_Grito_Thriller.jpg,https://image.tmdb.org/t/p/original/zcuBQLeLWCBRzuXfcUvYr9Sd8Vb.jpg,page_278.json,ok,
1195335,Queerantine!,Comedy,images/1195335_Queerantine_Comedy.jpg,https://image.tmdb.org/t/p/original/dOtOg1wKJj82WgWE8eoHjeB6MCK.jpg,page_278.json,ok,
756363,Trigger,Thriller,images/756363_Trigger_Thriller.jpg,https://image.tmdb.org/t/p/original/rdtLLYs2rO219dOQkC0DPfsIjih.jpg,page_278.json,ok,
767271,Dead Body,Comedy,images/767271_Dead_Body_Comedy.jpg,https://image.tmdb.org/t/p/original/l1Jp4tgPayByVxhOwEm5zSshwIb.jpg,page_278.json,ok,
260861,Jesus People,Comedy,images/260861_Jesus_People_Comedy.jpg,https://image.tmdb.org/t/p/original/rs1LDGUYkDgtnTsp9qTqKQvRLSe.jpg,page_277.json,ok,
1198654,Bad Apples,Comedy,images/1198654_Bad_Apples_Comedy.jpg,https://image.tmdb.org/t/p/original/9hwBNpCArXXUuHNbZnVcYwgyMcM.jpg,page_278.json,ok,
883648,Little Big Mouth,Comedy,images/883648_Little_Big_Mouth_Comedy.jpg,https://image.tmdb.org/t/p/original/GCzsXnTvybNulfDJ1GxqkyAOM9.jpg,page_278.json,ok,
396444,Postmarked,Comedy,images/396444_Postmarked_Comedy.jpg,https://image.tmdb.org/t/p/original/1Yqi7zeAEPWY6Eg8A4tmmPSeZek.jpg,page_278.json,ok,
194197,Slogans,Comedy,images/194197_Slogans_Comedy.jpg,https://image.tmdb.org/t/p/original/pJMbKT63nkUr1x683qGkQ1l8TI8.jpg,page_279.json,ok,
472708,Art Ache,Comedy,images/472708_Art_Ache_Comedy.jpg,https://image.tmdb.org/t/p/original/6Mtz1Mr0wF3tchPHQagk3etg6QZ.jpg,page_279.json,ok,
286494,Father Jejemon,Comedy,images/286494_Father_Jejemon_Comedy.jpg,https://image.tmdb.org/t/p/original/qwSyscPWCbOkja8cgwxnzB9Z21p.jpg,page_279.json,ok,
1380620,The Stroll,Comedy,images/1380620_The_Stroll_Comedy.jpg,https://image.tmdb.org/t/p/original/fA05vr9oi0YJ4LUmCEeuuh0wAMd.jpg,page_273.json,ok,
485676,Fatcula,Comedy,images/485676_Fatcula_Comedy.jpg,https://image.tmdb.org/t/p/original/ycsPpIaQnyCOv2H05Iem2LHmg8h.jpg,page_279.json,ok,
850885,Halloween Heroes,Comedy,images/850885_Halloween_Heroes_Comedy.jpg,https://image.tmdb.org/t/p/original/7BUSP9vUlmDA6MrdwYIPzmkbUrV.jpg,page_279.json,ok,
16178,The Riddle,Thriller,images/16178_The_Riddle_Thriller.jpg,https://image.tmdb.org/t/p/original/w6iivsXc6jjLhVoazzZHlshyQtq.jpg,page_279.json,ok,
1008953,Incoming,Comedy,images/1008953_Incoming_Comedy.jpg,https://image.tmdb.org/t/p/original/k2ySukuAiAarLns0yttKS3jg85Y.jpg,page_28.json,ok,
8870,Red Planet,Thriller,images/8870_Red_Planet_Thriller.jpg,https://image.tmdb.org/t/p/original/6svTVlVEJDoOOEz1G09HLeb7vtF.jpg,page_28.json,ok,
849761,Therapy Nightmares,Thriller,images/849761_Therapy_Nightmares_Thriller.jpg,https://image.tmdb.org/t/p/original/gOlFctacfoJUBC2APOVaIXu9pQT.jpg,page_277.json,ok,
1005331,Carry-On,Thriller,images/1005331_Carry-On_Thriller.jpg,https://image.tmdb.org/t/p/original/sjMN7DRi4sGiledsmllEw5HJjPy.jpg,page_28.json,ok,
738646,Operation Christmas Drop,Comedy,images/738646_Operation_Christmas_Drop_Comedy.jpg,https://image.tmdb.org/t/p/original/1fUcKFDy58DhWYd5Y7Nu5DgpxaE.jpg,page_280.json,ok,
1136485,Don’t Turn Off the Ghost Light,Comedy,images/1136485_Dont_Turn_Off_the_Ghost_Light_Comedy.jpg,https://image.tmdb.org/t/p/original/sll9tH08rzDeBTvcLr6Z6DbhNtn.jpg,page_280.json,ok,
532654,Ravers,Comedy,images/532654_Ravers_Comedy.jpg,https://image.tmdb.org/t/p/original/dTPxFvDWAi6sZD8oDN2RyVUW6vw.jpg,page_280.json,ok,
250802,Stitch,Thriller,images/250802_Stitch_Thriller.jpg,https://image.tmdb.org/t/p/original/xXEstyiEstqmC0teuF30J3dNm8W.jpg,page_280.json,ok,
53216,Validation,Comedy,images/53216_Validation_Comedy.jpg,https://image.tmdb.org/t/p/original/sWtMYoYcD89Qqx98SfydrnmE164.jpg,page_280.json,ok,
121244,Unstable,Thriller,images/121244_Unstable_Thriller.jpg,https://image.tmdb.org/t/p/original/i5gkAyaGU6EMEqfxuN2sLyQ7gAE.jpg,page_280.json,ok,
947826,Thirty Candles,Comedy,images/947826_Thirty_Candles_Comedy.jpg,https://image.tmdb.org/t/p/original/rTwPjfkP6ZBpk9sP2qGEPpQGMhh.jpg,page_280.json,ok,
403100,Scared Topless,Comedy,images/403100_Scared_Topless_Comedy.jpg,https://image.tmdb.org/t/p/original/3bsTVoTl2UAHSMla8GXFjxf6w21.jpg,page_280.json,ok,
1310372,Café 404,Comedy,images/1310372_Caf_404_Comedy.jpg,https://image.tmdb.org/t/p/original/k6ZqC43iOkr54DeITafF9nLTqEQ.jpg,page_280.json,ok,
60818,Bikini Airways,Comedy,images/60818_Bikini_Airways_Comedy.jpg,https://image.tmdb.org/t/p/original/z5HrZaawuBc0BXkaRKjRrj9KJ1I.jpg,page_280.json,ok,
43044,Sparkle,Comedy,images/43044_Sparkle_Comedy.jpg,https://image.tmdb.org/t/p/original/zZr8BTaQO64fGP8eeROt4ZEA1qN.jpg,page_281.json,ok,
61902,Good Fences,Comedy,images/61902_Good_Fences_Comedy.jpg,https://image.tmdb.org/t/p/original/ilYmsYBI6jnWjIcltBkit3sl1q3.jpg,page_281.json,ok,
1159206,Father Mother Sister Brother,Comedy,images/1159206_Father_Mother_Sister_Brother_Comedy.jpg,https://image.tmdb.org/t/p/original/zewZA6sL52YSH8xIH4wbG5GadjV.jpg,page_280.json,ok,
190967,3 Geezers!,Comedy,images/190967_3_Geezers_Comedy.jpg,https://image.tmdb.org/t/p/original/xBjjItGr37WrsaptRuMecxbJiTW.jpg,page_281.json,ok,
267064,Almost Salinas,Comedy,images/267064_Almost_Salinas_Comedy.jpg,https://image.tmdb.org/t/p/original/1rQxyFItLBH1MvFIOjftO9q7tJi.jpg,page_281.json,ok,
470174,Fear & Shame,Comedy,images/470174_Fear__Shame_Comedy.jpg,https://image.tmdb.org/t/p/original/lI2dJp6szRQ3Mv3CBX77HcQmqJU.jpg,page_281.json,ok,
765178,Quiet on Set,Comedy,images/765178_Quiet_on_Set_Comedy.jpg,https://image.tmdb.org/t/p/original/aNRCMVxXVZdpvjh0kdx41UBc0ZG.jpg,page_282.json,ok,
545111,Trauma,Thriller,images/545111_Trauma_Thriller.jpg,https://image.tmdb.org/t/p/original/4mdExCuLv7BWfXgXemymQ0JVKAS.jpg,page_281.json,ok,
38317,Zookeeper,Comedy,images/38317_Zookeeper_Comedy.jpg,https://image.tmdb.org/t/p/original/y3b4AYw8dr4hIKTfEAjxUxx0z8G.jpg,page_281.json,ok,
911926,Love Me Dead,Thriller,images/911926_Love_Me_Dead_Thriller.jpg,https://image.tmdb.org/t/p/original/n1HisUuEhl3NJsO157CI6qo1URV.jpg,page_281.json,ok,
584432,Cellar Door,Thriller,images/584432_Cellar_Door_Thriller.jpg,https://image.tmdb.org/t/p/original/wgtlthcFIgrNTdjh3xiTgm0eYfx.jpg,page_282.json,ok,
102630,Stash House,Thriller,images/102630_Stash_House_Thriller.jpg,https://image.tmdb.org/t/p/original/foxavF6GeFiowM8Uut5rdn2HaRB.jpg,page_282.json,ok,
1281501,Eating Late,Comedy,images/1281501_Eating_Late_Comedy.jpg,https://image.tmdb.org/t/p/original/5S5lHVuQtPkJF87B6I4OTsM1PSb.jpg,page_282.json,ok,
684689,Dramarama,Comedy,images/684689_Dramarama_Comedy.jpg,https://image.tmdb.org/t/p/original/aT1hGtzbbIs3eTIW7vsUgnSeAFb.jpg,page_282.json,ok,
382748,Stargirl,Comedy,images/382748_Stargirl_Comedy.jpg,https://image.tmdb.org/t/p/original/gwsrtzSrr7G6xjxsa7IwaAMHpEF.jpg,page_282.json,ok,
595985,Cold Blood,Thriller,images/595985_Cold_Blood_Thriller.jpg,https://image.tmdb.org/t/p/original/uGMIxhhMvQEE0mNlATXpEAG4mgl.jpg,page_282.json,ok,
282785,iPsycho II,Thriller,images/282785_iPsycho_II_Thriller.jpg,https://image.tmdb.org/t/p/original/koynLhk63Mv64bLChWgVbQ5MHrU.jpg,page_283.json,ok,
157353,Transcendence,Thriller,images/157353_Transcendence_Thriller.jpg,https://image.tmdb.org/t/p/original/qmOKJWl3wnXDcLhjtJHnCCCvAiO.jpg,page_282.json,ok,
386661,Always Worthy,Comedy,images/386661_Always_Worthy_Comedy.jpg,https://image.tmdb.org/t/p/original/hu7K6BOfiad6LzaLEZUFMuvNfeU.jpg,page_283.json,ok,
455656,#realityhigh,Comedy,images/455656_realityhigh_Comedy.jpg,https://image.tmdb.org/t/p/original/iZliPeiiDta9KbONAhdFSXhTxrO.jpg,page_283.json,ok,
4551,Be Cool,Comedy,images/4551_Be_Cool_Comedy.jpg,https://image.tmdb.org/t/p/original/ekKCH7Zkb5ZTr1f1AczZY23FH.jpg,page_283.json,ok,
748638,Cohabitation,Thriller,images/748638_Cohabitation_Thriller.jpg,https://image.tmdb.org/t/p/original/dIjYMLh0GOaF9pekbGXgHPrOFfY.jpg,page_282.json,ok,
253851,Shirin in Love,Comedy,images/253851_Shirin_in_Love_Comedy.jpg,https://image.tmdb.org/t/p/original/6F7ElOWZ3E8etmlNVpVdugjRmZ0.jpg,page_283.json,ok,
732520,Catfish Killer,Comedy,images/732520_Catfish_Killer_Comedy.jpg,https://image.tmdb.org/t/p/original/2gvlkmT5CwAfib6xvvmuHRUaqEe.jpg,page_283.json,ok,
797484,Honesty Weekend,Comedy,images/797484_Honesty_Weekend_Comedy.jpg,https://image.tmdb.org/t/p/original/i09x4UXxxz1SEGjTncRrbx1PJlI.jpg,page_283.json,ok,
315064,Animal Crackers,Comedy,images/315064_Animal_Crackers_Comedy.jpg,https://image.tmdb.org/t/p/original/dxFqZiO5MqqVoFZuWOjTdjmDh6d.jpg,page_283.json,ok,
68419,Anuvahood,Comedy,images/68419_Anuvahood_Comedy.jpg,https://image.tmdb.org/t/p/original/e1u4r4pwJuba6Vasp4pMjFDBr4U.jpg,page_283.json,ok,
271718,Trainwreck,Comedy,images/271718_Trainwreck_Comedy.jpg,https://image.tmdb.org/t/p/original/wrY629UTCUAKLJ4CxQXz6DCE7pr.jpg,page_283.json,ok,
1232450,Predatory Behavior,Thriller,images/1232450_Predatory_Behavior_Thriller.jpg,https://image.tmdb.org/t/p/original/4V7XEWzBusunZrIfkZTDnLlqsrW.jpg,page_283.json,ok,
10808,Dr. Dolittle 2,Comedy,images/10808_Dr._Dolittle_2_Comedy.jpg,https://image.tmdb.org/t/p/original/asYjHXBoD44B6mLOcZtMfMV3hm1.jpg,page_284.json,ok,
706861,Prince Harming,Comedy,images/706861_Prince_Harming_Comedy.jpg,https://image.tmdb.org/t/p/original/lMAM2KOzrp4AhrBBHG5WidSeGEN.jpg,page_284.json,ok,
54105,Immigration Tango,Comedy,images/54105_Immigration_Tango_Comedy.jpg,https://image.tmdb.org/t/p/original/1TdIHARTE6w1vRAwBtvNawJFHB5.jpg,page_283.json,ok,
956057,The Trainer,Comedy,images/956057_The_Trainer_Comedy.jpg,https://image.tmdb.org/t/p/original/pi9sCv9qTKZtBpPweEk4cdlUov7.jpg,page_284.json,ok,
532842,Nobody's Angel,Thriller,images/532842_Nobodys_Angel_Thriller.jpg,https://image.tmdb.org/t/p/original/sXj94l6BRsXLlAfVcL7KWjot98M.jpg,page_284.json,ok,
176085,White Reindeer,Comedy,images/176085_White_Reindeer_Comedy.jpg,https://image.tmdb.org/t/p/original/3uWOtVSd28oDwV1E7ZKTcfY3McV.jpg,page_284.json,ok,
71204,Tempted,Thriller,images/71204_Tempted_Thriller.jpg,https://image.tmdb.org/t/p/original/8eATKm6o4vraNjcVuoMdHqEqIoD.jpg,page_284.json,ok,
293633,Catch Hell,Thriller,images/293633_Catch_Hell_Thriller.jpg,https://image.tmdb.org/t/p/original/3uwNlBJfgWCraGXwZAwnkwqMJMS.jpg,page_284.json,ok,
194446,Learners,Comedy,images/194446_Learners_Comedy.jpg,https://image.tmdb.org/t/p/original/lZ3WJO6ZSouM2iEpGoXgRaF5Xct.jpg,page_285.json,ok,
68139,Endgame,Comedy,images/68139_Endgame_Comedy.jpg,https://image.tmdb.org/t/p/original/s2HzASBTwqD9sVtpx15WJVnTAIX.jpg,page_284.json,ok,
268234,Dark Fist,Comedy,images/268234_Dark_Fist_Comedy.jpg,https://image.tmdb.org/t/p/original/wcSScnR7icXYWBXObT1AMVpXzFr.jpg,page_284.json,ok,
121442,Ice,Thriller,images/121442_Ice_Thriller.jpg,https://image.tmdb.org/t/p/original/4sgpgF4Li9Bfrl0x5GpOLjIN4u9.jpg,page_285.json,ok,
239573,Unfinished Business,Comedy,images/239573_Unfinished_Business_Comedy.jpg,https://image.tmdb.org/t/p/original/eVWVZf3fkx9eNqbHyn9xNlmC2h4.jpg,page_285.json,ok,
467916,Allure,Thriller,images/467916_Allure_Thriller.jpg,https://image.tmdb.org/t/p/original/9cQ4k9PN29QSwzf6BAmhAfF94gT.jpg,page_285.json,ok,
2179,Tenacious D in The Pick of Destiny,Comedy,images/2179_Tenacious_D_in_The_Pick_of_Destiny_Comedy.jpg,https://image.tmdb.org/t/p/original/7NmDIj5I1OFOZfYFnS3uWtM7WMO.jpg,page_285.json,ok,
1066037,Bleep,Comedy,images/1066037_Bleep_Comedy.jpg,https://image.tmdb.org/t/p/original/5yH793bYitYCOJlyBOJ3VSn1yUx.jpg,page_285.json,ok,
1502820,Endorphin Port,Comedy,images/1502820_Endorphin_Port_Comedy.jpg,https://image.tmdb.org/t/p/original/2CwFWucndvpVdrLzaFXjb28ZvTI.jpg,page_285.json,ok,
13767,The Santa Clause 3: The Escape Clause,Comedy,images/13767_The_Santa_Clause_3_The_Escape_Clause_Comedy.jpg,https://image.tmdb.org/t/p/original/pvaWMSRzRwtcxyHKNLX6phiQp8d.jpg,page_285.json,ok,
454992,The Spy Who Dumped Me,Comedy,images/454992_The_Spy_Who_Dumped_Me_Comedy.jpg,https://image.tmdb.org/t/p/original/szEKivKPOdRyogROoQIldwbMl.jpg,page_285.json,ok,
1454609,Blind Thoughts,Thriller,images/1454609_Blind_Thoughts_Thriller.jpg,https://image.tmdb.org/t/p/original/ip9hotClfbrbkv1hK82pZ6SVoIZ.jpg,page_285.json,ok,
55851,American Hormones,Comedy,images/55851_American_Hormones_Comedy.jpg,https://image.tmdb.org/t/p/original/sAZOP1x2LLWjvXYovLLCLW6FC09.jpg,page_285.json,ok,
989225,Film Amateura,Comedy,images/989225_Film_Amateura_Comedy.jpg,https://image.tmdb.org/t/p/original/6uS3qXyRA80gzlXWQwTlKCTUqp8.jpg,page_285.json,ok,
915523,Wildflower,Comedy,images/915523_Wildflower_Comedy.jpg,https://image.tmdb.org/t/p/original/8zNOqdjcdYojs7M3WgwtVgFhFsW.jpg,page_286.json,ok,
542164,Groupers,Comedy,images/542164_Groupers_Comedy.jpg,https://image.tmdb.org/t/p/original/jdtUBpSkaaiH8VKwi6rMPpwgvKc.jpg,page_286.json,ok,
25921,Garage Days,Comedy,images/25921_Garage_Days_Comedy.jpg,https://image.tmdb.org/t/p/original/yiV5J3bv6fIugG6oloeLCqSzHuF.jpg,page_286.json,ok,
14306,Marley & Me,Comedy,images/14306_Marley__Me_Comedy.jpg,https://image.tmdb.org/t/p/original/pnB6hjTKylb0Ve2nUWt16gzkErr.jpg,page_286.json,ok,
44244,Camp Rock 2: The Final Jam,Comedy,images/44244_Camp_Rock_2_The_Final_Jam_Comedy.jpg,https://image.tmdb.org/t/p/original/8RSdWqC259zR72Jjo6ANAM4ndhM.jpg,page_286.json,ok,
916605,The Infernal Machine,Thriller,images/916605_The_Infernal_Machine_Thriller.jpg,https://image.tmdb.org/t/p/original/bSqpOGzaKBdGkBLmcm1JJIVryYy.jpg,page_286.json,ok,
400608,Bo Burnham: Make Happy,Comedy,images/400608_Bo_Burnham_Make_Happy_Comedy.jpg,https://image.tmdb.org/t/p/original/A580BbHTvQbbFgbmf9CkWNhbLzb.jpg,page_286.json,ok,
258947,Deadly Virtues: Love. Honour. Obey.,Thriller,images/258947_Deadly_Virtues_Love._Honour._Obey._Thriller.jpg,https://image.tmdb.org/t/p/original/5uCkeMxYv7WNqko2oMWt7IuvV5G.jpg,page_287.json,ok,
694566,The Sandman,Comedy,images/694566_The_Sandman_Comedy.jpg,https://image.tmdb.org/t/p/original/bTpkut9etmKmSwlmUwPMZfLllGH.jpg,page_286.json,ok,
802762,Tradition,Comedy,images/802762_Tradition_Comedy.jpg,https://image.tmdb.org/t/p/original/8hMps8tZZYGkw6NZEqkChMMHVgq.jpg,page_286.json,ok,
74000,South Kensington,Comedy,images/74000_South_Kensington_Comedy.jpg,https://image.tmdb.org/t/p/original/hxUNh9n9bFAWdwp7QtRdlxv8Ynw.jpg,page_287.json,ok,
884328,Satisfaction Guaranteed,Comedy,images/884328_Satisfaction_Guaranteed_Comedy.jpg,https://image.tmdb.org/t/p/original/zUAvljQ8fvuQEbU2TPXzf7DY4MA.jpg,page_287.json,ok,
634175,Misty Button,Comedy,images/634175_Misty_Button_Comedy.jpg,https://image.tmdb.org/t/p/original/lRjCpdFmsi9u8Tbf1G1jaSyLT6j.jpg,page_286.json,ok,
404580,Spin Out,Comedy,images/404580_Spin_Out_Comedy.jpg,https://image.tmdb.org/t/p/original/9M4kLmtyi5XgbukVVNfJecKCGWp.jpg,page_287.json,ok,
94064,Skin Deep,Comedy,images/94064_Skin_Deep_Comedy.jpg,https://image.tmdb.org/t/p/original/6BUo8snN0OQ61I5XqH92ngJfaWM.jpg,page_287.json,ok,
175141,First Night,Comedy,images/175141_First_Night_Comedy.jpg,https://image.tmdb.org/t/p/original/ht1O7DGjgpgQe3bt1PalfSCLE6K.jpg,page_286.json,ok,
208594,Hancock & Joan,Comedy,images/208594_Hancock__Joan_Comedy.jpg,https://image.tmdb.org/t/p/original/zyK7xbbNJsx2TxXWqEXTNRcWe2I.jpg,page_287.json,ok,
9773,Alien Autopsy,Comedy,images/9773_Alien_Autopsy_Comedy.jpg,https://image.tmdb.org/t/p/original/zFQ23icWVfFIONdyedlfutZHijo.jpg,page_288.json,ok,
5232,Scandal: Lawful Entry,Comedy,images/5232_Scandal_Lawful_Entry_Comedy.jpg,https://image.tmdb.org/t/p/original/j0SMA1GY5iYZX4n6qnWN8HAIPzE.jpg,page_288.json,ok,
921100,Worzel Gummidge: Twitchers,Comedy,images/921100_Worzel_Gummidge_Twitchers_Comedy.jpg,https://image.tmdb.org/t/p/original/aTUTgHADse8Kovk5RA5wAaVVOH8.jpg,page_288.json,ok,
17081,Final Approach,Thriller,images/17081_Final_Approach_Thriller.jpg,https://image.tmdb.org/t/p/original/5hDa6XUaBf2tYgDRy9nGsReLfBk.jpg,page_288.json,ok,
44845,Honest,Comedy,images/44845_Honest_Comedy.jpg,https://image.tmdb.org/t/p/original/d17yJePSaLD8UKJkaDAxOZ6SVRe.jpg,page_287.json,ok,
921859,Mrs. Brown's Boys: The Last Wedding - Part 1,Comedy,images/921859_Mrs._Browns_Boys_The_Last_Wedding_-_Part_1_Comedy.jpg,https://image.tmdb.org/t/p/original/vSz9bmML3VpJnc3umugukgii3cn.jpg,page_288.json,ok,
958006,The Kill Room,Comedy,images/958006_The_Kill_Room_Comedy.jpg,https://image.tmdb.org/t/p/original/ciEZWh4fkq394ToQBr91UDUK45O.jpg,page_288.json,ok,
41871,Homewrecker,Comedy,images/41871_Homewrecker_Comedy.jpg,https://image.tmdb.org/t/p/original/rMnYdIQYHRkdDNEgu1oTHI8KYL3.jpg,page_288.json,ok,
430043,Bad Day for the Cut,Thriller,images/430043_Bad_Day_for_the_Cut_Thriller.jpg,https://image.tmdb.org/t/p/original/53Jh8cMCfDOI87XnPBCIiTCwN6U.jpg,page_288.json,ok,
13775,Macbeth,Thriller,images/13775_Macbeth_Thriller.jpg,https://image.tmdb.org/t/p/original/x2M3BkwwITCR88NQuHQmcFjd7lp.jpg,page_288.json,ok,
318121,The Fundamentals of Caring,Comedy,images/318121_The_Fundamentals_of_Caring_Comedy.jpg,https://image.tmdb.org/t/p/original/zZ0eda1GyHILNSoq9KF5u0hcq6O.jpg,page_289.json,ok,
434928,When Pigs Fly,Comedy,images/434928_When_Pigs_Fly_Comedy.jpg,https://image.tmdb.org/t/p/original/s5pgrun7GyWVESR6GhGj4iVCYcB.jpg,page_289.json,ok,
14655,Soul Men,Comedy,images/14655_Soul_Men_Comedy.jpg,https://image.tmdb.org/t/p/original/ewU8w8IPlAkauFutzSwYYFILiU8.jpg,page_289.json,ok,
10073,Date Movie,Comedy,images/10073_Date_Movie_Comedy.jpg,https://image.tmdb.org/t/p/original/xjLK0EmD0MAM7B049SRCUQaqkdL.jpg,page_289.json,ok,
1560664,The Roughneck,Thriller,images/1560664_The_Roughneck_Thriller.jpg,https://image.tmdb.org/t/p/original/bRPI3ZLSPJehbnb1OCpWBVBBx0c.jpg,page_289.json,ok,
1039425,The Audition,Thriller,images/1039425_The_Audition_Thriller.jpg,https://image.tmdb.org/t/p/original/wWZvsydfTrlkAFOxYjfA0cOerKZ.jpg,page_289.json,ok,
64211,California Dreaming,Comedy,images/64211_California_Dreaming_Comedy.jpg,https://image.tmdb.org/t/p/original/96wSEG62LXcB3JleB5eIjnZM9o7.jpg,page_289.json,ok,
46138,Made in Dagenham,Comedy,images/46138_Made_in_Dagenham_Comedy.jpg,https://image.tmdb.org/t/p/original/vzLlaNmzzhYFLAOn6ELiCUKubl9.jpg,page_289.json,ok,
23082,The Invention of Lying,Comedy,images/23082_The_Invention_of_Lying_Comedy.jpg,https://image.tmdb.org/t/p/original/clP8tDZeM9jgnqmu4VBClBDpLtS.jpg,page_29.json,ok,
10591,The Girl Next Door,Comedy,images/10591_The_Girl_Next_Door_Comedy.jpg,https://image.tmdb.org/t/p/original/lUL6PNWpW9BFvXIWWXUZszfXGGl.jpg,page_29.json,ok,
4257,Scary Movie 4,Comedy,images/4257_Scary_Movie_4_Comedy.jpg,https://image.tmdb.org/t/p/original/sEqFdw1wLtY94RKCSPolsHWzn6r.jpg,page_29.json,ok,
238589,Enemies Closer,Thriller,images/238589_Enemies_Closer_Thriller.jpg,https://image.tmdb.org/t/p/original/5njeDzYgcFV8wyVnytKPc3U62Cc.jpg,page_29.json,ok,
9722,Bewitched,Comedy,images/9722_Bewitched_Comedy.jpg,https://image.tmdb.org/t/p/original/8lx4EXmAZo8ogh4128UBZRQfCjI.jpg,page_29.json,ok,
513667,Crossroads,Thriller,images/513667_Crossroads_Thriller.jpg,https://image.tmdb.org/t/p/original/jGfJpJxzcBsiS7dHmnxS5Ta3x1t.jpg,page_290.json,ok,
1126336,Anniversary,Thriller,images/1126336_Anniversary_Thriller.jpg,https://image.tmdb.org/t/p/original/sSdpXGBNt3mQzjZZVK6eV5NcPdc.jpg,page_29.json,ok,
10710,Envy,Comedy,images/10710_Envy_Comedy.jpg,https://image.tmdb.org/t/p/original/RMaKg5mVnGVI0z3SvIgS7hYPUt.jpg,page_290.json,ok,
981454,Driving to Zigzigland,Comedy,images/981454_Driving_to_Zigzigland_Comedy.jpg,https://image.tmdb.org/t/p/original/rUZJWrZr4s7jzEAd3FwVrS88uRi.jpg,page_288.json,ok,
915031,American Criminal,Thriller,images/915031_American_Criminal_Thriller.jpg,https://image.tmdb.org/t/p/original/qT37lOy1dkQ1Z8Lr2fYNmL0hDlH.jpg,page_290.json,ok,
9026,The Importance of Being Earnest,Comedy,images/9026_The_Importance_of_Being_Earnest_Comedy.jpg,https://image.tmdb.org/t/p/original/qEvwc6qowfWYjCTAH08yruTaWLU.jpg,page_290.json,ok,
399280,Suicide Kale,Comedy,images/399280_Suicide_Kale_Comedy.jpg,https://image.tmdb.org/t/p/original/8Z1gmPO1mcZurg5zltcPL58VVSn.jpg,page_290.json,ok,
162145,The Liability,Thriller,images/162145_The_Liability_Thriller.jpg,https://image.tmdb.org/t/p/original/4TdsXzigS6xYYO9Qn8oOQrZqX1M.jpg,page_290.json,ok,
25038,2:22,Thriller,images/25038_222_Thriller.jpg,https://image.tmdb.org/t/p/original/w9Yd4lzYyFpzscvmFJKMPaUHPZq.jpg,page_290.json,ok,
384450,Dead 7,Comedy,images/384450_Dead_7_Comedy.jpg,https://image.tmdb.org/t/p/original/9Lbr89rVnLHfp8zXVKiuM4gia3V.jpg,page_290.json,ok,
368993,Mascots,Comedy,images/368993_Mascots_Comedy.jpg,https://image.tmdb.org/t/p/original/b1OIQmekcJvaQxtQvyBllZQCzmn.jpg,page_291.json,ok,
9892,Stranger Than Fiction,Comedy,images/9892_Stranger_Than_Fiction_Comedy.jpg,https://image.tmdb.org/t/p/original/3d54NNXZnpIq7H9UyITVbM8yEiw.jpg,page_291.json,ok,
749544,Brutal Bridesmaids,Thriller,images/749544_Brutal_Bridesmaids_Thriller.jpg,https://image.tmdb.org/t/p/original/jZ3Vt5r7QvnppdPCL22cBLC0gDa.jpg,page_291.json,ok,
783746,Fatal Fiancé,Thriller,images/783746_Fatal_Fianc_Thriller.jpg,https://image.tmdb.org/t/p/original/t6xBOM1KmgXMJhTyWMjpR1NRx54.jpg,page_291.json,ok,
523773,Little Italy,Comedy,images/523773_Little_Italy_Comedy.jpg,https://image.tmdb.org/t/p/original/vdSSmzYKqViKH7mkQwgOVSALrOO.jpg,page_291.json,ok,
525200,The School,Thriller,images/525200_The_School_Thriller.jpg,https://image.tmdb.org/t/p/original/38GDdvmKhN9DYrGtaQ6OQr53Tnh.jpg,page_291.json,ok,
429300,Adrift,Thriller,images/429300_Adrift_Thriller.jpg,https://image.tmdb.org/t/p/original/5gLDeADaETvwQlQow5szlyuhLbj.jpg,page_291.json,ok,
821899,Peking Turkey,Comedy,images/821899_Peking_Turkey_Comedy.jpg,https://image.tmdb.org/t/p/original/ieqZhy1zZ6ScGDIebRjYluZJ5i8.jpg,page_291.json,ok,
575923,Only Mine,Thriller,images/575923_Only_Mine_Thriller.jpg,https://image.tmdb.org/t/p/original/1EbeDRaqYTpkw35ntQGlskuak1c.jpg,page_291.json,ok,
454585,Excess Baggage,Comedy,images/454585_Excess_Baggage_Comedy.jpg,https://image.tmdb.org/t/p/original/uIV3V5wKXYYjtybO9wkZy4njx9h.jpg,page_291.json,ok,
1250629,Bank of Dave 2: The Loan Ranger,Comedy,images/1250629_Bank_of_Dave_2_The_Loan_Ranger_Comedy.jpg,https://image.tmdb.org/t/p/original/5gYlz36CufxMrv7uQbI4oqMut48.jpg,page_291.json,ok,
18480,Brüno,Comedy,images/18480_Brno_Comedy.jpg,https://image.tmdb.org/t/p/original/wcUc7TYtsb72dHVb51sYaGIvQsr.jpg,page_292.json,ok,
5516,The Ladykillers,Comedy,images/5516_The_Ladykillers_Comedy.jpg,https://image.tmdb.org/t/p/original/l4g9R39NCp6VaYFrw6q8JwKNW9x.jpg,page_292.json,ok,
1029465,Huluween Dragstravaganza,Comedy,images/1029465_Huluween_Dragstravaganza_Comedy.jpg,https://image.tmdb.org/t/p/original/aKfGV1KwE9CvMj02J5RQHOBbJ4S.jpg,page_292.json,ok,
527382,Bad Therapy,Comedy,images/527382_Bad_Therapy_Comedy.jpg,https://image.tmdb.org/t/p/original/4dXeF33A7tlWggztDfyTYUmq8Zy.jpg,page_292.json,ok,
402977,MLE,Comedy,images/402977_MLE_Comedy.jpg,https://image.tmdb.org/t/p/original/8a2xzFSBrU9RLICUGCJXRr2ovq7.jpg,page_292.json,ok,
104573,Manay Po! 2: Overload,Comedy,images/104573_Manay_Po_2_Overload_Comedy.jpg,https://image.tmdb.org/t/p/original/gyLvWWQ7B3JT79CLu8DSrCA47n0.jpg,page_292.json,ok,
220746,Jewtopia,Comedy,images/220746_Jewtopia_Comedy.jpg,https://image.tmdb.org/t/p/original/wnPBdEQzCSnNcb42mSGNZFxgzrw.jpg,page_292.json,ok,
959986,Orangutan,Comedy,images/959986_Orangutan_Comedy.jpg,https://image.tmdb.org/t/p/original/dnbqX4TbkSfrtzNDrfu97opahgY.jpg,page_292.json,ok,
321662,LA Apocalypse,Thriller,images/321662_LA_Apocalypse_Thriller.jpg,https://image.tmdb.org/t/p/original/6hC3Yw7hu7G87HY0avTGQyKboLT.jpg,page_292.json,ok,
858597,Spirit Quest,Comedy,images/858597_Spirit_Quest_Comedy.jpg,https://image.tmdb.org/t/p/original/eP5PMAUAyihjfGyUxWM40okZZ1b.jpg,page_292.json,ok,
790786,Kill Plan,Thriller,images/790786_Kill_Plan_Thriller.jpg,https://image.tmdb.org/t/p/original/jsyNqJn1vOYNHYMBMA2aaULndgf.jpg,page_292.json,ok,
996821,You're Cordially Invited,Comedy,images/996821_Youre_Cordially_Invited_Comedy.jpg,https://image.tmdb.org/t/p/original/ec50pMNyIshL0blt1q8dUEbIa2G.jpg,page_293.json,ok,
484247,A Simple Favor,Thriller,images/484247_A_Simple_Favor_Thriller.jpg,https://image.tmdb.org/t/p/original/aIYsjQM0piKc0ibPBCTWv3sqshj.jpg,page_293.json,ok,
18611,Frostbite,Comedy,images/18611_Frostbite_Comedy.jpg,https://image.tmdb.org/t/p/original/e2EvQyxXjIhFtSv0swPNcRIo3UV.jpg,page_293.json,ok,
126826,Summerhood,Comedy,images/126826_Summerhood_Comedy.jpg,https://image.tmdb.org/t/p/original/jDglywwlsmkNULhoY0yzLX5U88V.jpg,page_293.json,ok,
638724,Dream Killer,Thriller,images/638724_Dream_Killer_Thriller.jpg,https://image.tmdb.org/t/p/original/b3YBiqXSjNJgJ1NBzvdKtMgMtxX.jpg,page_293.json,ok,
1489353,Severed,Comedy,images/1489353_Severed_Comedy.jpg,https://image.tmdb.org/t/p/original/ikyWLLWxHFW3v9R73K0Cj5pSByU.jpg,page_293.json,ok,
21295,The Honeymooners,Comedy,images/21295_The_Honeymooners_Comedy.jpg,https://image.tmdb.org/t/p/original/97rcPjnmzrIH8raQ2CU2ptY0gdy.jpg,page_293.json,ok,
123492,Skeem,Comedy,images/123492_Skeem_Comedy.jpg,https://image.tmdb.org/t/p/original/v0WzwNCYoxayAJ2qdAv6AyCRC7A.jpg,page_293.json,ok,
108386,Blind Injustice,Thriller,images/108386_Blind_Injustice_Thriller.jpg,https://image.tmdb.org/t/p/original/bmmA3ydi4XrYe3pUrle9eP31rHq.jpg,page_293.json,ok,
406115,The Snare,Thriller,images/406115_The_Snare_Thriller.jpg,https://image.tmdb.org/t/p/original/ocgpsKkDG4GdRiziuSaXbHdmIbs.jpg,page_293.json,ok,
156708,Afternoon Delight,Comedy,images/156708_Afternoon_Delight_Comedy.jpg,https://image.tmdb.org/t/p/original/qlgPBk5xZzHHPfrimBFV46QuktX.jpg,page_293.json,ok,
1236115,The Heiress,Comedy,images/1236115_The_Heiress_Comedy.jpg,https://image.tmdb.org/t/p/original/dMy5IEmjsOdF9Xp1qJ3r97RNxU3.jpg,page_291.json,ok,
59099,Hollywood & Wine,Comedy,images/59099_Hollywood__Wine_Comedy.jpg,https://image.tmdb.org/t/p/original/kvJewsaWPfl0qpWhcGwygAe6dZ1.jpg,page_294.json,ok,
30128,I Hope They Serve Beer in Hell,Comedy,images/30128_I_Hope_They_Serve_Beer_in_Hell_Comedy.jpg,https://image.tmdb.org/t/p/original/oBBood3JcOu0LQstdL9FeqCxMwa.jpg,page_294.json,ok,
733156,Sightless,Thriller,images/733156_Sightless_Thriller.jpg,https://image.tmdb.org/t/p/original/byScu2YTPLsEfDAiXm3pW6w8FBA.jpg,page_294.json,ok,
630476,Wyrm,Comedy,images/630476_Wyrm_Comedy.jpg,https://image.tmdb.org/t/p/original/mspwdzcIF6sSQAGkuocsSkSCHGJ.jpg,page_294.json,ok,
900185,Sindhu Vee: Sandhog,Comedy,images/900185_Sindhu_Vee_Sandhog_Comedy.jpg,https://image.tmdb.org/t/p/original/pOBPMGLn8uQuRXJnPtTUg4gtLbo.jpg,page_294.json,ok,
1199928,Goldfish,Comedy,images/1199928_Goldfish_Comedy.jpg,https://image.tmdb.org/t/p/original/36bhbtDSkHDMPWOljNdFdsadVBu.jpg,page_294.json,ok,
264760,Deadly Revenge,Thriller,images/264760_Deadly_Revenge_Thriller.jpg,https://image.tmdb.org/t/p/original/x8AXM8BsfCW9rUwhMJkOXNbdON8.jpg,page_294.json,ok,
33134,The Horseman,Thriller,images/33134_The_Horseman_Thriller.jpg,https://image.tmdb.org/t/p/original/wf4N27XD78B5MVKae7j9hHYZWAN.jpg,page_294.json,ok,
1199981,Christmas Holidate,Comedy,images/1199981_Christmas_Holidate_Comedy.jpg,https://image.tmdb.org/t/p/original/lyOFZ9YBb7OPciuONo29PCO72s4.jpg,page_294.json,ok,
296672,Evicted,Comedy,images/296672_Evicted_Comedy.jpg,https://image.tmdb.org/t/p/original/cRhRUa88lciAe5dYedKTOSDsORU.jpg,page_291.json,ok,
1275974,Griffin in Summer,Comedy,images/1275974_Griffin_in_Summer_Comedy.jpg,https://image.tmdb.org/t/p/original/dyjJLpAaK4BvZQcZg3ryZrNqoHS.jpg,page_295.json,ok,
283384,The Calling,Thriller,images/283384_The_Calling_Thriller.jpg,https://image.tmdb.org/t/p/original/kqJGIh2mZVwTD20GeDVTUNOwd5p.jpg,page_295.json,ok,
203124,Failure,Comedy,images/203124_Failure_Comedy.jpg,https://image.tmdb.org/t/p/original/nTSS1Z74Vj8nlv4zFynR9t62Sn9.jpg,page_295.json,ok,
39451,Little Fockers,Comedy,images/39451_Little_Fockers_Comedy.jpg,https://image.tmdb.org/t/p/original/90mwPRNMmX9RUGVgKMJMJNQnYX8.jpg,page_295.json,ok,
304022,Gogoler Kirti,Thriller,images/304022_Gogoler_Kirti_Thriller.jpg,https://image.tmdb.org/t/p/original/3akvaSwHu6erJQ1G3oLt3hOSTdu.jpg,page_295.json,ok,
893242,Family Thanksgiving,Comedy,images/893242_Family_Thanksgiving_Comedy.jpg,https://image.tmdb.org/t/p/original/tA7HAwxS9kvTPK19Nov91401k9X.jpg,page_295.json,ok,
17106,Numb,Comedy,images/17106_Numb_Comedy.jpg,https://image.tmdb.org/t/p/original/tH8olC1mCnxqqby8xdNOiy15B1q.jpg,page_295.json,ok,
1376237,Savage Hunt,Thriller,images/1376237_Savage_Hunt_Thriller.jpg,https://image.tmdb.org/t/p/original/iEFIrODvGMUPZormfFTfN0n8siI.jpg,page_295.json,ok,
479369,Born Again,Comedy,images/479369_Born_Again_Comedy.jpg,https://image.tmdb.org/t/p/original/l4E62Uld9o7AIdfkTTEZ1r063ds.jpg,page_295.json,ok,
202537,Fatal Call,Thriller,images/202537_Fatal_Call_Thriller.jpg,https://image.tmdb.org/t/p/original/l5vGrXRNsy2dbQkhYmUNV2w8mIi.jpg,page_296.json,ok,
551862,Darrell Hammond: Mayhem Explained,Comedy,images/551862_Darrell_Hammond_Mayhem_Explained_Comedy.jpg,https://image.tmdb.org/t/p/original/sy4ojwYgKJSdsUQ2v69EGbWas1n.jpg,page_296.json,ok,
132236,Four Assassins,Thriller,images/132236_Four_Assassins_Thriller.jpg,https://image.tmdb.org/t/p/original/kC4zQw8Vfa9mmVeuOUQxrK9wcPV.jpg,page_296.json,ok,
12146,The Missing,Thriller,images/12146_The_Missing_Thriller.jpg,https://image.tmdb.org/t/p/original/86s5nw5F1G8lJtEowO0LBB4hoBW.jpg,page_296.json,ok,
70364,Bikini Jones and the Temple of Eros,Comedy,images/70364_Bikini_Jones_and_the_Temple_of_Eros_Comedy.jpg,https://image.tmdb.org/t/p/original/hT1mJAVN9AKX08oL9HDxAqzniKU.jpg,page_296.json,ok,
1211792,Meeting God,Comedy,images/1211792_Meeting_God_Comedy.jpg,https://image.tmdb.org/t/p/original/qxydhBdyeRZYvOD4Q2LeclcrZ8h.jpg,page_297.json,ok,
966443,Donut Chase,Comedy,images/966443_Donut_Chase_Comedy.jpg,https://image.tmdb.org/t/p/original/tm7mUU9rxPZAZArWw6BNo1hZSyf.jpg,page_295.json,ok,
458506,Tour de Pharmacy,Comedy,images/458506_Tour_de_Pharmacy_Comedy.jpg,https://image.tmdb.org/t/p/original/7XaSVJ3CggWweqRUrkvuCiers5Z.jpg,page_296.json,ok,
269242,Alpha House,Comedy,images/269242_Alpha_House_Comedy.jpg,https://image.tmdb.org/t/p/original/s00AwtusVVG8lpA3fquKaE63NWW.jpg,page_297.json,ok,
549253,Family Vanished,Thriller,images/549253_Family_Vanished_Thriller.jpg,https://image.tmdb.org/t/p/original/1FmKeogulCjH15aEQ0kp3JzwtdW.jpg,page_297.json,ok,
1013482,Borderline,Comedy,images/1013482_Borderline_Comedy.jpg,https://image.tmdb.org/t/p/original/hUrNKVrkMN7sdt0oAioopMcxyoq.jpg,page_297.json,ok,
303858,Money Monster,Thriller,images/303858_Money_Monster_Thriller.jpg,https://image.tmdb.org/t/p/original/r0Es5M6zTFpuV2sSaYtAlzz10qw.jpg,page_297.json,ok,
16511,The Deal,Comedy,images/16511_The_Deal_Comedy.jpg,https://image.tmdb.org/t/p/original/mFv4W2S7t3bygIYOweDd14FSRph.jpg,page_298.json,ok,
1100169,Jinkx Monsoon: Red Head Redemption,Comedy,images/1100169_Jinkx_Monsoon_Red_Head_Redemption_Comedy.jpg,https://image.tmdb.org/t/p/original/wPskoi2LL8A69az1pYTBtz0zK45.jpg,page_297.json,ok,
8976,A Lot Like Love,Comedy,images/8976_A_Lot_Like_Love_Comedy.jpg,https://image.tmdb.org/t/p/original/6xrF9zwEbYiYBOalMO14RAWBLLj.jpg,page_298.json,ok,
171761,White T,Comedy,images/171761_White_T_Comedy.jpg,https://image.tmdb.org/t/p/original/wKKyeCAW0pwvCn1HBsMu243xuYN.jpg,page_298.json,ok,
605698,Strobe,Thriller,images/605698_Strobe_Thriller.jpg,https://image.tmdb.org/t/p/original/uH1RnMIMkxUcSN8UmD4DqSKWQrx.jpg,page_297.json,ok,
19084,Johnson Family Vacation,Comedy,images/19084_Johnson_Family_Vacation_Comedy.jpg,https://image.tmdb.org/t/p/original/3F6bmetJSJvqLCB9PMxpNz1sngB.jpg,page_298.json,ok,
570548,Cookies for Candy Claws,Comedy,images/570548_Cookies_for_Candy_Claws_Comedy.jpg,https://image.tmdb.org/t/p/original/pdR4cJat6TIiEiW80jUzYCxVDsF.jpg,page_298.json,ok,
93011,Material,Comedy,images/93011_Material_Comedy.jpg,https://image.tmdb.org/t/p/original/v0xXvDl76Yn5tJGz6BCMLIH2l5O.jpg,page_298.json,ok,
2155,Reindeer Games,Thriller,images/2155_Reindeer_Games_Thriller.jpg,https://image.tmdb.org/t/p/original/8y1PedfYWllJVoBbkt9KWLY155v.jpg,page_298.json,ok,
432612,It Happened in L.A.,Comedy,images/432612_It_Happened_in_L.A._Comedy.jpg,https://image.tmdb.org/t/p/original/dt1C2jTsbOxP1A2sqpDHXrdaWiU.jpg,page_298.json,ok,
15689,Dead Meat,Comedy,images/15689_Dead_Meat_Comedy.jpg,https://image.tmdb.org/t/p/original/5PAu5iX2M0ddpkgQt3mzURhQWe2.jpg,page_298.json,ok,
655602,His Deadly Affair,Thriller,images/655602_His_Deadly_Affair_Thriller.jpg,https://image.tmdb.org/t/p/original/6ha40QUuFnuuzsQEsqs7iSjv5Xt.jpg,page_299.json,ok,
1475670,"Mission A, Plan B",Comedy,images/1475670_Mission_A_Plan_B_Comedy.jpg,https://image.tmdb.org/t/p/original/33aZJKvI6Jhakg3uAWJjaPX3iec.jpg,page_298.json,ok,
840819,Staycation,Comedy,images/840819_Staycation_Comedy.jpg,https://image.tmdb.org/t/p/original/cElJlcR4t2RqeUxlibDgP0Ys2KV.jpg,page_299.json,ok,
29079,Happy End,Comedy,images/29079_Happy_End_Comedy.jpg,https://image.tmdb.org/t/p/original/jbLxetPVJH03a8CZPpa0bw4E2tI.jpg,page_299.json,ok,
16857,The Dangerous Lives of Altar Boys,Comedy,images/16857_The_Dangerous_Lives_of_Altar_Boys_Comedy.jpg,https://image.tmdb.org/t/p/original/4uTWXZ2Rvizl3ycMHtODfRjks4W.jpg,page_299.json,ok,
546061,Electric Love,Comedy,images/546061_Electric_Love_Comedy.jpg,https://image.tmdb.org/t/p/original/kddcbWy8GPPMDS5LWBLi1RnXKaP.jpg,page_299.json,ok,
532327,How High 2,Comedy,images/532327_How_High_2_Comedy.jpg,https://image.tmdb.org/t/p/original/7eYIWzBQGdB955PnHyPxXrseXFK.jpg,page_299.json,ok,
172828,Bad Milo!,Comedy,images/172828_Bad_Milo_Comedy.jpg,https://image.tmdb.org/t/p/original/1dmHunFILNXKzjOkl1A7IIsTI58.jpg,page_299.json,ok,
873744,Bury the Past,Thriller,images/873744_Bury_the_Past_Thriller.jpg,https://image.tmdb.org/t/p/original/omQn8kFk0HIApyXC7qP02A8F1eO.jpg,page_299.json,ok,
715891,Rap Sucks,Comedy,images/715891_Rap_Sucks_Comedy.jpg,https://image.tmdb.org/t/p/original/eKDGcLnEcOYcMXTdHKklDyPh9gx.jpg,page_294.json,ok,
982847,Dying to Sleep,Thriller,images/982847_Dying_to_Sleep_Thriller.jpg,https://image.tmdb.org/t/p/original/zGIiyYnzMVcUpjOaIuAhrZdCpdX.jpg,page_299.json,ok,
76234,Living Will...,Comedy,images/76234_Living_Will..._Comedy.jpg,https://image.tmdb.org/t/p/original/2NE1VWFz4DQdrKAOW6r2yvi9h1V.jpg,page_299.json,ok,
1254021,Everwinter Night,Comedy,images/1254021_Everwinter_Night_Comedy.jpg,https://image.tmdb.org/t/p/original/pFzhBfybeaW0bK6pHvEnbL5rS42.jpg,page_299.json,ok,
246741,What We Do in the Shadows,Comedy,images/246741_What_We_Do_in_the_Shadows_Comedy.jpg,https://image.tmdb.org/t/p/original/a2rD3i3DBMeYbA34rBv6z3B9S3a.jpg,page_3.json,ok,
738652,Copshop,Thriller,images/738652_Copshop_Thriller.jpg,https://image.tmdb.org/t/p/original/9LEWWWEhS7SZXFDuH1YYhs0VFct.jpg,page_3.json,ok,
151368,Open Windows,Thriller,images/151368_Open_Windows_Thriller.jpg,https://image.tmdb.org/t/p/original/6BWNf7pztCW8Xax0OS5fc2QG7xw.jpg,page_3.json,ok,
50671,The Resident,Thriller,images/50671_The_Resident_Thriller.jpg,https://image.tmdb.org/t/p/original/hoZiRe5EK4vIUjvjRf1aUk5RVg4.jpg,page_3.json,ok,
405796,Hidden Truth,Thriller,images/405796_Hidden_Truth_Thriller.jpg,https://image.tmdb.org/t/p/original/p8bPLFAtqHmxKUDgricUU2ia1DV.jpg,page_3.json,ok,
5966,Along Came Polly,Comedy,images/5966_Along_Came_Polly_Comedy.jpg,https://image.tmdb.org/t/p/original/ieTSn8YTsHoPK8GNf2J9eIkP5wo.jpg,page_3.json,ok,
979924,On the Line,Thriller,images/979924_On_the_Line_Thriller.jpg,https://image.tmdb.org/t/p/original/y0LjM612TshmHBL8fPfJreToE7S.jpg,page_3.json,ok,
526007,The Night Clerk,Thriller,images/526007_The_Night_Clerk_Thriller.jpg,https://image.tmdb.org/t/p/original/hPWjid7yMatyIDHvku7lCMN7zSi.jpg,page_3.json,ok,
44008,The Victim,Thriller,images/44008_The_Victim_Thriller.jpg,https://image.tmdb.org/t/p/original/rMWGCTARl355jcUTylJoduVtQFA.jpg,page_3.json,ok,
121986,Frances Ha,Comedy,images/121986_Frances_Ha_Comedy.jpg,https://image.tmdb.org/t/p/original/jrq1NoKvsxWCcffVOjegiYwloFN.jpg,page_30.json,ok,
232672,Blended,Comedy,images/232672_Blended_Comedy.jpg,https://image.tmdb.org/t/p/original/o2YrH9jS7CAfWjETHFeL0tth79E.jpg,page_30.json,ok,
9039,Trapped,Thriller,images/9039_Trapped_Thriller.jpg,https://image.tmdb.org/t/p/original/4sujD0KP5O90TXAWrTjqDPBTnfQ.jpg,page_30.json,ok,
11529,Sweet Home Alabama,Comedy,images/11529_Sweet_Home_Alabama_Comedy.jpg,https://image.tmdb.org/t/p/original/698cbxq0SRwCdOPG5Bwi7JDk12d.jpg,page_30.json,ok,
9043,The Family Stone,Comedy,images/9043_The_Family_Stone_Comedy.jpg,https://image.tmdb.org/t/p/original/3QPSWIx14H7sfaLqY5bh1qDNQhZ.jpg,page_300.json,ok,
735471,High Holiday,Comedy,images/735471_High_Holiday_Comedy.jpg,https://image.tmdb.org/t/p/original/qjAEQcWOzKCX6F8klV9kcxf90Kd.jpg,page_300.json,ok,
142106,Petunia,Comedy,images/142106_Petunia_Comedy.jpg,https://image.tmdb.org/t/p/original/q9wlphvhKRhXFpdKvOvQTNwCoey.jpg,page_301.json,ok,
331393,Undrafted,Comedy,images/331393_Undrafted_Comedy.jpg,https://image.tmdb.org/t/p/original/TH9tigrIJ3lmkNESMHbsFCBXYL.jpg,page_300.json,ok,
633908,The Stand In,Comedy,images/633908_The_Stand_In_Comedy.jpg,https://image.tmdb.org/t/p/original/twQeFldoNaDnMYXmZNXpm3NHlhP.jpg,page_300.json,ok,
45013,Burning Palms,Comedy,images/45013_Burning_Palms_Comedy.jpg,https://image.tmdb.org/t/p/original/6uNS6wOGGUgaUNtXMz32usyAmhH.jpg,page_300.json,ok,
789171,Last Survivors,Thriller,images/789171_Last_Survivors_Thriller.jpg,https://image.tmdb.org/t/p/original/7LcUUUVsbCtNeTmf4dVG2kAcgcV.jpg,page_301.json,ok,
520596,The Oath,Comedy,images/520596_The_Oath_Comedy.jpg,https://image.tmdb.org/t/p/original/kHB7Nq93pQxGOit1Lyz1ELfUvy0.jpg,page_301.json,ok,
308084,Tangerine,Comedy,images/308084_Tangerine_Comedy.jpg,https://image.tmdb.org/t/p/original/EKLR5c61XQzBTeMokFrmS3kdt8.jpg,page_301.json,ok,
717021,The Oak Room,Thriller,images/717021_The_Oak_Room_Thriller.jpg,https://image.tmdb.org/t/p/original/bVvNpT2D14K7nuweGzJpoUyfnKi.jpg,page_301.json,ok,
9428,The Royal Tenenbaums,Comedy,images/9428_The_Royal_Tenenbaums_Comedy.jpg,https://image.tmdb.org/t/p/original/nG7hZJn7wQTSDCQT39Gy3s3tbrp.jpg,page_301.json,ok,
53729,Wild Cherry,Comedy,images/53729_Wild_Cherry_Comedy.jpg,https://image.tmdb.org/t/p/original/dxmKhXpIznlYvIjAKJKQKKb3T8r.jpg,page_301.json,ok,
107020,Huff,Thriller,images/107020_Huff_Thriller.jpg,https://image.tmdb.org/t/p/original/snktQ6k9pGk07uHeO2tdD7kJCFn.jpg,page_301.json,ok,
773545,Brick Madness,Comedy,images/773545_Brick_Madness_Comedy.jpg,https://image.tmdb.org/t/p/original/yYrL3Nne5gWpUBtzuzb2d9WmBuV.jpg,page_301.json,ok,
838330,Not Okay,Comedy,images/838330_Not_Okay_Comedy.jpg,https://image.tmdb.org/t/p/original/x1q3FkqFHBkMeKnHiS6GYgdLvUs.jpg,page_302.json,ok,
972619,Cascade,Thriller,images/972619_Cascade_Thriller.jpg,https://image.tmdb.org/t/p/original/6UlQURVfx4lN8KQdEHsyteJSFRI.jpg,page_301.json,ok,
1048771,Christmas Carole,Comedy,images/1048771_Christmas_Carole_Comedy.jpg,https://image.tmdb.org/t/p/original/6ffAnG1WGjeImcq7N6dN0PsErjq.jpg,page_302.json,ok,
217665,Savages Crossing,Thriller,images/217665_Savages_Crossing_Thriller.jpg,https://image.tmdb.org/t/p/original/iSMZ4ccraaGwQ2cjUJymGI3zwAV.jpg,page_302.json,ok,
318481,P.J.,Thriller,images/318481_P.J._Thriller.jpg,https://image.tmdb.org/t/p/original/z51NhBpkbYZIY5EuP8zVffEWeIa.jpg,page_302.json,ok,
477634,Fractured,Thriller,images/477634_Fractured_Thriller.jpg,https://image.tmdb.org/t/p/original/4sM5mrq33SGP6fCn0RbiWgDXmyI.jpg,page_302.json,ok,
94633,Sight Unseen,Thriller,images/94633_Sight_Unseen_Thriller.jpg,https://image.tmdb.org/t/p/original/eZhrCQ7jYVEJ1kX4eywRiqsjzAc.jpg,page_302.json,ok,
341352,Hollywood,Comedy,images/341352_Hollywood_Comedy.jpg,https://image.tmdb.org/t/p/original/qnUh3E2TeuBL4MQvWitjlCVha80.jpg,page_302.json,ok,
289416,Grace,Thriller,images/289416_Grace_Thriller.jpg,https://image.tmdb.org/t/p/original/6ikvuPIo1kGuRQz70l3ecissZLS.jpg,page_302.json,ok,
933187,Karla,Comedy,images/933187_Karla_Comedy.jpg,https://image.tmdb.org/t/p/original/hk2svTaZDTGpcksgLl5RI1AFvHq.jpg,page_303.json,ok,
24801,Cow Belles,Comedy,images/24801_Cow_Belles_Comedy.jpg,https://image.tmdb.org/t/p/original/kA15KXpFHGKSqrRaJHAf0bhjQcT.jpg,page_302.json,ok,
1085544,A Killer Romance,Comedy,images/1085544_A_Killer_Romance_Comedy.jpg,https://image.tmdb.org/t/p/original/elJY4BWZEZqlii5G9b9EKzWxB6l.jpg,page_303.json,ok,
14809,Stark Raving Mad,Comedy,images/14809_Stark_Raving_Mad_Comedy.jpg,https://image.tmdb.org/t/p/original/1MtKcti03XF7btAjr9wcTLrLZ4e.jpg,page_303.json,ok,
113395,Dish :),Comedy,images/113395_Dish__Comedy.jpg,https://image.tmdb.org/t/p/original/p7m8yBbebk5krTrCJHOzRSP7aUJ.jpg,page_303.json,ok,
954802,Seize Them!,Comedy,images/954802_Seize_Them_Comedy.jpg,https://image.tmdb.org/t/p/original/41ObLC8TWDLnEKjMlax519wPNk2.jpg,page_303.json,ok,
7228,Vienna,Comedy,images/7228_Vienna_Comedy.jpg,https://image.tmdb.org/t/p/original/r2zLyKA2shsm9REkvSBjUIW2wbf.jpg,page_303.json,ok,
81250,Geek Charming,Comedy,images/81250_Geek_Charming_Comedy.jpg,https://image.tmdb.org/t/p/original/xweQBQSYQyHKiUxN1nCDQbLvJE0.jpg,page_303.json,ok,
481533,When Jeff Tried to Save the World,Comedy,images/481533_When_Jeff_Tried_to_Save_the_World_Comedy.jpg,https://image.tmdb.org/t/p/original/oKkgWHmOU98V8caEtE6Isv5cVab.jpg,page_303.json,ok,
24409,Nightmare Man,Comedy,images/24409_Nightmare_Man_Comedy.jpg,https://image.tmdb.org/t/p/original/oRHFRKWF7Q2fqOp439iMyecfcCV.jpg,page_303.json,ok,
343934,Staten Island Summer,Comedy,images/343934_Staten_Island_Summer_Comedy.jpg,https://image.tmdb.org/t/p/original/mAG2oqObFOR58bUI8A2DQCkRlcf.jpg,page_304.json,ok,
1397429,Deliveries From Eva,Thriller,images/1397429_Deliveries_From_Eva_Thriller.jpg,https://image.tmdb.org/t/p/original/9Ndr613LXKAAbqwV5ogz7WD2uNZ.jpg,page_304.json,ok,
593764,Good Boy,Thriller,images/593764_Good_Boy_Thriller.jpg,https://image.tmdb.org/t/p/original/hSOEXiBZlOSITNSARTriDFETI8c.jpg,page_304.json,ok,
891924,Chester,Comedy,images/891924_Chester_Comedy.jpg,https://image.tmdb.org/t/p/original/oYiXeIFJNCekixjRda4GC5Kcquc.jpg,page_304.json,ok,
1139713,The Radleys,Comedy,images/1139713_The_Radleys_Comedy.jpg,https://image.tmdb.org/t/p/original/luQa5iUFp7pagD7jVhYM1FlWnJo.jpg,page_305.json,ok,
1172674,The Rat Catcher,Comedy,images/1172674_The_Rat_Catcher_Comedy.jpg,https://image.tmdb.org/t/p/original/29WJ7dOHt48AtXK1J1rONEEvIMN.jpg,page_304.json,ok,
323705,Misogynist,Thriller,images/323705_Misogynist_Thriller.jpg,https://image.tmdb.org/t/p/original/AhBOHWS7LnfzcCnnLymXvK7gTte.jpg,page_305.json,ok,
600038,Twist,Thriller,images/600038_Twist_Thriller.jpg,https://image.tmdb.org/t/p/original/3kEvgrnzvsNhEVCg9u8TtpB15RI.jpg,page_305.json,ok,
990830,First Day,Comedy,images/990830_First_Day_Comedy.jpg,https://image.tmdb.org/t/p/original/SxWRU8zkIQyoze6Jd6yBwcAT8u.jpg,page_304.json,ok,
664357,Incidental Characters,Comedy,images/664357_Incidental_Characters_Comedy.jpg,https://image.tmdb.org/t/p/original/rlH6lhBODotr7FwlZ9bYZq8S4ep.jpg,page_305.json,ok,
444659,Monochrome,Thriller,images/444659_Monochrome_Thriller.jpg,https://image.tmdb.org/t/p/original/dYb4BAfRpKqd64K6eN49hi2fu7Q.jpg,page_305.json,ok,
621048,Perception,Thriller,images/621048_Perception_Thriller.jpg,https://image.tmdb.org/t/p/original/g8c86hQDeltymgz61ZWIKN9kmO2.jpg,page_305.json,ok,
144741,Holiday Baggage,Comedy,images/144741_Holiday_Baggage_Comedy.jpg,https://image.tmdb.org/t/p/original/yTijrPuaNVs6Tsud5fIrozBn4yU.jpg,page_305.json,ok,
14042,Razzle Dazzle: A Journey into Dance,Comedy,images/14042_Razzle_Dazzle_A_Journey_into_Dance_Comedy.jpg,https://image.tmdb.org/t/p/original/5lwTqhPAkQLbBrKY1jbNvqESafL.jpg,page_304.json,ok,
759193,Couples Therapy,Comedy,images/759193_Couples_Therapy_Comedy.jpg,https://image.tmdb.org/t/p/original/sXo3lIkBslSLyt1U3oRibdg3NPP.jpg,page_305.json,ok,
285838,Teen Lust,Comedy,images/285838_Teen_Lust_Comedy.jpg,https://image.tmdb.org/t/p/original/5ZpzxZ5NpoOiYuOZqiiKEyDt4pN.jpg,page_306.json,ok,
201022,Asylum,Comedy,images/201022_Asylum_Comedy.jpg,https://image.tmdb.org/t/p/original/4Oc8nxqczz1RBdm7ScTUwRZuYcH.jpg,page_306.json,ok,
455689,Ghost Note,Thriller,images/455689_Ghost_Note_Thriller.jpg,https://image.tmdb.org/t/p/original/zqH0nGeNjAumAHaZb96bwMrL4cn.jpg,page_306.json,ok,
1125001,Ghosts,Thriller,images/1125001_Ghosts_Thriller.jpg,https://image.tmdb.org/t/p/original/t292qC49ApLiQT15ixNRKCz54s4.jpg,page_306.json,ok,
297596,Dying of the Light,Thriller,images/297596_Dying_of_the_Light_Thriller.jpg,https://image.tmdb.org/t/p/original/gL6riNxQeyPXT5YsgqE2aWhl1zi.jpg,page_306.json,ok,
323435,One & Two,Thriller,images/323435_One__Two_Thriller.jpg,https://image.tmdb.org/t/p/original/dc70oCMrHE8hE9EOGdYZ7GjPZfn.jpg,page_306.json,ok,
1178708,Career Day,Comedy,images/1178708_Career_Day_Comedy.jpg,https://image.tmdb.org/t/p/original/yPfbYrIjpAjg0QjM39oFEdxhkuf.jpg,page_306.json,ok,
568964,Safe Inside,Thriller,images/568964_Safe_Inside_Thriller.jpg,https://image.tmdb.org/t/p/original/v9yPHLj90n1xrUzUkG875GbhoxP.jpg,page_306.json,ok,
446507,Filial Party,Comedy,images/446507_Filial_Party_Comedy.jpg,https://image.tmdb.org/t/p/original/cxNsebogEGHzPfKSpeyQyKVked2.jpg,page_307.json,ok,
651517,Riverdead,Comedy,images/651517_Riverdead_Comedy.jpg,https://image.tmdb.org/t/p/original/kodYGucCD6b5xFBp8AmJlrR8OJk.jpg,page_300.json,ok,
961394,Melons,Comedy,images/961394_Melons_Comedy.jpg,https://image.tmdb.org/t/p/original/t0sDmmZeYw90qxwihxIBYpNEDIs.jpg,page_304.json,ok,
46064,Den Brother,Comedy,images/46064_Den_Brother_Comedy.jpg,https://image.tmdb.org/t/p/original/5oWZJChuObK0STDK3FiPNgxzFfr.jpg,page_307.json,ok,
835551,Masquerade,Thriller,images/835551_Masquerade_Thriller.jpg,https://image.tmdb.org/t/p/original/ylqaqBXsVsN3f7IeS9GOjJaPM0e.jpg,page_307.json,ok,
454293,Night School,Comedy,images/454293_Night_School_Comedy.jpg,https://image.tmdb.org/t/p/original/uQVIQDc3foTPodZw0ie1Or0CXBn.jpg,page_307.json,ok,
219961,Sonata,Thriller,images/219961_Sonata_Thriller.jpg,https://image.tmdb.org/t/p/original/A1C6UkDJudXNeTRjB33J9iJASQg.jpg,page_305.json,ok,
87440,Struck by Lightning,Comedy,images/87440_Struck_by_Lightning_Comedy.jpg,https://image.tmdb.org/t/p/original/iceZkHBrLTgeXZF7Z3gANJgiNQM.jpg,page_307.json,ok,
431600,A Royal Family Christmas,Comedy,images/431600_A_Royal_Family_Christmas_Comedy.jpg,https://image.tmdb.org/t/p/original/i6JmpQYcVZRfCLRRVbgwBRtj9sa.jpg,page_307.json,ok,
372490,Swept Under,Thriller,images/372490_Swept_Under_Thriller.jpg,https://image.tmdb.org/t/p/original/vsSnOpQzMK3vLG0rYpLfFgVv4az.jpg,page_307.json,ok,
1096725,Devious Deeds,Thriller,images/1096725_Devious_Deeds_Thriller.jpg,https://image.tmdb.org/t/p/original/mXwiiC1xtBg8ATNR6Yc6ivnIH1l.jpg,page_307.json,ok,
417004,The Escape,Thriller,images/417004_The_Escape_Thriller.jpg,https://image.tmdb.org/t/p/original/nKm8oOyjC88l0Iggwuye4ayMvWF.jpg,page_307.json,ok,
180850,Lucky Bastard,Thriller,images/180850_Lucky_Bastard_Thriller.jpg,https://image.tmdb.org/t/p/original/f7vOAna0WNV8DD4quj0Em73Cj0w.jpg,page_308.json,ok,
17926,Undiscovered,Comedy,images/17926_Undiscovered_Comedy.jpg,https://image.tmdb.org/t/p/original/7G9HOjUBcq1NDwff7Mc5GFhINSB.jpg,page_308.json,ok,
187596,Walk of Shame,Comedy,images/187596_Walk_of_Shame_Comedy.jpg,https://image.tmdb.org/t/p/original/3zMS66gtw8ccvy1BWD6thJ67jgX.jpg,page_308.json,ok,
308302,Reunion 108,Comedy,images/308302_Reunion_108_Comedy.jpg,https://image.tmdb.org/t/p/original/fvlfzZ16Yfkkh6Vi1hq4QWhM7ud.jpg,page_308.json,ok,
612714,The Chucko,Comedy,images/612714_The_Chucko_Comedy.jpg,https://image.tmdb.org/t/p/original/o27EdwN83Rb3eS3IeEh0NAj6flP.jpg,page_308.json,ok,
158670,Ned,Comedy,images/158670_Ned_Comedy.jpg,https://image.tmdb.org/t/p/original/jTbMwhC3PtM0Ob1wCuWHVzpr7dR.jpg,page_308.json,ok,
810402,Spooked,Thriller,images/810402_Spooked_Thriller.jpg,https://image.tmdb.org/t/p/original/d4XVoaglaJ3XlRcHhW44Ggpu0FY.jpg,page_308.json,ok,
52670,Blurred,Comedy,images/52670_Blurred_Comedy.jpg,https://image.tmdb.org/t/p/original/2e0zecM9TZlOvkXkWsK9hhO6uM6.jpg,page_308.json,ok,
442801,From Jennifer,Thriller,images/442801_From_Jennifer_Thriller.jpg,https://image.tmdb.org/t/p/original/swrWbcMzYBrXqnwRLqUaCgSSR22.jpg,page_308.json,ok,
1058620,The Persian Version,Comedy,images/1058620_The_Persian_Version_Comedy.jpg,https://image.tmdb.org/t/p/original/1nzBlZtebWJXY8ap0ibkgb3eMUr.jpg,page_309.json,ok,
381325,The Exorcism of Anna Ecklund,Thriller,images/381325_The_Exorcism_of_Anna_Ecklund_Thriller.jpg,https://image.tmdb.org/t/p/original/8oiVf0S6IFbi9gt6isVjMFVBo16.jpg,page_309.json,ok,
803653,Footprints on Water,Thriller,images/803653_Footprints_on_Water_Thriller.jpg,https://image.tmdb.org/t/p/original/mCSXJMyiDzGPpTi1Bkk5RHt3h0N.jpg,page_306.json,ok,
442896,Cherry Pop,Comedy,images/442896_Cherry_Pop_Comedy.jpg,https://image.tmdb.org/t/p/original/egonvS0GnvrswGTJhGBRqXaI6ZL.jpg,page_309.json,ok,
751497,Living Arrangements,Comedy,images/751497_Living_Arrangements_Comedy.jpg,https://image.tmdb.org/t/p/original/ammyisRAlyvgWWjZoE5jWquNf0O.jpg,page_309.json,ok,
1313194,Summer of 69,Comedy,images/1313194_Summer_of_69_Comedy.jpg,https://image.tmdb.org/t/p/original/xBmsHHLwvwI29oyFE48fKAnSQyk.jpg,page_309.json,ok,
335961,Vasha,Thriller,images/335961_Vasha_Thriller.jpg,https://image.tmdb.org/t/p/original/k5HESYIn54AghY90ZRN61xDplH.jpg,page_309.json,ok,
1075393,The Obscured,Thriller,images/1075393_The_Obscured_Thriller.jpg,https://image.tmdb.org/t/p/original/blHzk1eKG5xdWDNEx5f8n83IyBu.jpg,page_309.json,ok,
869641,Vacation Friends 2,Comedy,images/869641_Vacation_Friends_2_Comedy.jpg,https://image.tmdb.org/t/p/original/wmH3VaUbwwTO3vDJhWT35BOFgb3.jpg,page_309.json,ok,
1137350,The Phoenician Scheme,Comedy,images/1137350_The_Phoenician_Scheme_Comedy.jpg,https://image.tmdb.org/t/p/original/u2jxeYLXTYfu0bqJmnLGIgZswib.jpg,page_31.json,ok,
18126,Hannah Montana: The Movie,Comedy,images/18126_Hannah_Montana_The_Movie_Comedy.jpg,https://image.tmdb.org/t/p/original/nZUKhfpUCFfTy24LGBHdDlK5RLx.jpg,page_309.json,ok,
184345,A Haunted House 2,Comedy,images/184345_A_Haunted_House_2_Comedy.jpg,https://image.tmdb.org/t/p/original/oV7M00fPXy5P0nbdeMbSUjYv0vx.jpg,page_31.json,ok,
961561,Magic Spot,Comedy,images/961561_Magic_Spot_Comedy.jpg,https://image.tmdb.org/t/p/original/jRRXpBoaXQHILBUgqcykNAYEo8W.jpg,page_31.json,ok,
233564,Dumbbells,Comedy,images/233564_Dumbbells_Comedy.jpg,https://image.tmdb.org/t/p/original/oaFuOzQTV4QnvAnl7ZDteLMRc6q.jpg,page_31.json,ok,
985939,Fall,Thriller,images/985939_Fall_Thriller.jpg,https://image.tmdb.org/t/p/original/spCAxD99U1A6jsiePFoqdEcY0dG.jpg,page_31.json,ok,
4256,Scary Movie 3,Comedy,images/4256_Scary_Movie_3_Comedy.jpg,https://image.tmdb.org/t/p/original/lpNG1nx67rvYze1b1R9q0YoSzrC.jpg,page_31.json,ok,
1149504,Honey Don't!,Comedy,images/1149504_Honey_Dont_Comedy.jpg,https://image.tmdb.org/t/p/original/fJm3kmd9NLZWypMas7g34oNFgbk.jpg,page_31.json,ok,
512,Scoop,Comedy,images/512_Scoop_Comedy.jpg,https://image.tmdb.org/t/p/original/1nF290EoEn2rs4W9VVercKa4S5o.jpg,page_310.json,ok,
159095,In Fear,Thriller,images/159095_In_Fear_Thriller.jpg,https://image.tmdb.org/t/p/original/9GpmoAAp1LTMx8byVLlpjumOzgj.jpg,page_310.json,ok,
1111458,Break In,Thriller,images/1111458_Break_In_Thriller.jpg,https://image.tmdb.org/t/p/original/h2nkaYS1n3dtpatBVBrLtAG6sCD.jpg,page_310.json,ok,
336598,The Ideal,Thriller,images/336598_The_Ideal_Thriller.jpg,https://image.tmdb.org/t/p/original/tfIQEUkq0hhNEU7inDQMz3SAuJg.jpg,page_310.json,ok,
408554,Initiation,Thriller,images/408554_Initiation_Thriller.jpg,https://image.tmdb.org/t/p/original/iBxecDyQqtQC9nnKudX3eyrJYrJ.jpg,page_310.json,ok,
146239,Delivery Man,Comedy,images/146239_Delivery_Man_Comedy.jpg,https://image.tmdb.org/t/p/original/huXHYDclKT4RM1OvS3O7SXYRAU0.jpg,page_310.json,ok,
224790,Crimes of Passion,Thriller,images/224790_Crimes_of_Passion_Thriller.jpg,https://image.tmdb.org/t/p/original/s9Xed6XzIkOMOyo5gg28UaifWkm.jpg,page_310.json,ok,
140122,The Understudy,Comedy,images/140122_The_Understudy_Comedy.jpg,https://image.tmdb.org/t/p/original/3bI5lXnClacCuENvM2fHECAW0mb.jpg,page_310.json,ok,
13171,The Ex,Comedy,images/13171_The_Ex_Comedy.jpg,https://image.tmdb.org/t/p/original/qpWQMCkLK8ocyUCKUibUfy6yFaq.jpg,page_311.json,ok,
555285,"Are You There God? It's Me, Margaret.",Comedy,images/555285_Are_You_There_God_Its_Me_Margaret._Comedy.jpg,https://image.tmdb.org/t/p/original/yb6UB4WC3znlwU0L4AqMnjR9G9S.jpg,page_310.json,ok,
1462303,Oliver,Comedy,images/1462303_Oliver_Comedy.jpg,https://image.tmdb.org/t/p/original/3bKEmBg6TSonXMwwNwmwcdjFWjG.jpg,page_311.json,ok,
664425,Alone,Thriller,images/664425_Alone_Thriller.jpg,https://image.tmdb.org/t/p/original/muQIpXQD5I1ibJgxysDgtuayVHH.jpg,page_311.json,ok,
1310259,Lobola Man,Comedy,images/1310259_Lobola_Man_Comedy.jpg,https://image.tmdb.org/t/p/original/3uaQ6ETNU3osziF66Qkj0C31ziy.jpg,page_311.json,ok,
347626,He's All That,Comedy,images/347626_Hes_All_That_Comedy.jpg,https://image.tmdb.org/t/p/original/kW3AG5NHoyq52dcSbMiFB6LyHvk.jpg,page_311.json,ok,
663431,Sarah Q,Comedy,images/663431_Sarah_Q_Comedy.jpg,https://image.tmdb.org/t/p/original/3XXGTuK4HCYvHYyWwWM3zUTpx38.jpg,page_311.json,ok,
404733,Overdrive,Thriller,images/404733_Overdrive_Thriller.jpg,https://image.tmdb.org/t/p/original/a0hTRjis1cxwmjOuBaS7WdDG3dj.jpg,page_310.json,ok,
323369,Excess Flesh,Thriller,images/323369_Excess_Flesh_Thriller.jpg,https://image.tmdb.org/t/p/original/q2WU0YC35lnqjZdg9qpot0lkbLQ.jpg,page_311.json,ok,
957430,Making the Day,Comedy,images/957430_Making_the_Day_Comedy.jpg,https://image.tmdb.org/t/p/original/ryy2hUgGi5vIxtzpSBWZoNwCkKC.jpg,page_312.json,ok,
787767,Family Squares,Comedy,images/787767_Family_Squares_Comedy.jpg,https://image.tmdb.org/t/p/original/99rpfRJCt6JPhyos1oOZhizQ5Iu.jpg,page_311.json,ok,
436245,Daphne,Comedy,images/436245_Daphne_Comedy.jpg,https://image.tmdb.org/t/p/original/dML8OAPjmwAYS1nXx0xRCaWrRxB.jpg,page_312.json,ok,
423087,6 Below: Miracle on the Mountain,Thriller,images/423087_6_Below_Miracle_on_the_Mountain_Thriller.jpg,https://image.tmdb.org/t/p/original/wgHFllRwPp5CUVbWNmQGX6lRBWt.jpg,page_312.json,ok,
690160,Baliko,Thriller,images/690160_Baliko_Thriller.jpg,https://image.tmdb.org/t/p/original/eOMPS8IMrsX8Hm8zpJjKUPLp9QJ.jpg,page_311.json,ok,
601165,Legacy of Lies,Thriller,images/601165_Legacy_of_Lies_Thriller.jpg,https://image.tmdb.org/t/p/original/bhNHCeJDFDaB00A46AoCw2mggdE.jpg,page_312.json,ok,
30141,The Singing Detective,Comedy,images/30141_The_Singing_Detective_Comedy.jpg,https://image.tmdb.org/t/p/original/bjkLSHpV294HIllRpHKWkNICs3N.jpg,page_312.json,ok,
385203,Suicide Note,Thriller,images/385203_Suicide_Note_Thriller.jpg,https://image.tmdb.org/t/p/original/rPKNawP0GqdINBDdcajtUl1Xj4R.jpg,page_312.json,ok,
632788,Three Sixty,Thriller,images/632788_Three_Sixty_Thriller.jpg,https://image.tmdb.org/t/p/original/7tcecg9hzxpuz9eFeil4Zw6NPSM.jpg,page_312.json,ok,
1206617,The Best Christmas Pageant Ever,Comedy,images/1206617_The_Best_Christmas_Pageant_Ever_Comedy.jpg,https://image.tmdb.org/t/p/original/3sSXrvJPXjUCncgFDU6BkIVjNRA.jpg,page_312.json,ok,
1237581,Comic Relief!,Comedy,images/1237581_Comic_Relief_Comedy.jpg,https://image.tmdb.org/t/p/original/yoEXVNri3HKufw6oh2YrAUNTqB1.jpg,page_312.json,ok,
1284016,Power Ballad,Comedy,images/1284016_Power_Ballad_Comedy.jpg,https://image.tmdb.org/t/p/original/qYEkZ0kOIZwxMLaIOANFRDjIdm9.jpg,page_313.json,ok,
794921,The Breakdown,Comedy,images/794921_The_Breakdown_Comedy.jpg,https://image.tmdb.org/t/p/original/uFmzYUqnHG0ThRb1W3767FsmLnp.jpg,page_313.json,ok,
452832,Serenity,Thriller,images/452832_Serenity_Thriller.jpg,https://image.tmdb.org/t/p/original/hgWAcic93phg4DOuQ8NrsgQWiqu.jpg,page_313.json,ok,
937930,David Cross: I'm From The Future,Comedy,images/937930_David_Cross_Im_From_The_Future_Comedy.jpg,https://image.tmdb.org/t/p/original/1IfJAWF41h83DLaV8VWf0Mtf3aM.jpg,page_313.json,ok,
524423,Fatal Pulse,Thriller,images/524423_Fatal_Pulse_Thriller.jpg,https://image.tmdb.org/t/p/original/8stsv7jhIQz9QmEHG6QOD0TuLv4.jpg,page_313.json,ok,
290282,Girlfriends' Getaway,Comedy,images/290282_Girlfriends_Getaway_Comedy.jpg,https://image.tmdb.org/t/p/original/1E509YavlGhePBaUj1eL5AtSvp1.jpg,page_313.json,ok,
1159477,The King Tide,Thriller,images/1159477_The_King_Tide_Thriller.jpg,https://image.tmdb.org/t/p/original/hyl8EoIza5wJJjfaaJHB4o1VzNv.jpg,page_313.json,ok,
206749,Adventure Scouts,Comedy,images/206749_Adventure_Scouts_Comedy.jpg,https://image.tmdb.org/t/p/original/kVXy03rGP1mdlz4Y8nFS6UG1Fbu.jpg,page_314.json,ok,
1205862,The Mint,Comedy,images/1205862_The_Mint_Comedy.jpg,https://image.tmdb.org/t/p/original/2PRwx1rjHTuamPi7bZxFCUncEiU.jpg,page_313.json,ok,
823754,Bo Burnham: Inside,Comedy,images/823754_Bo_Burnham_Inside_Comedy.jpg,https://image.tmdb.org/t/p/original/ku1UvTWYvhFQbSesOD6zteY7bXT.jpg,page_314.json,ok,
577889,Hostage Radio,Thriller,images/577889_Hostage_Radio_Thriller.jpg,https://image.tmdb.org/t/p/original/4ry96PlfzAsO93dZ1Cf1pRmCpNJ.jpg,page_314.json,ok,
435480,Fragments,Comedy,images/435480_Fragments_Comedy.jpg,https://image.tmdb.org/t/p/original/8NCggdb8MgELtaiAaup8VRjcmsL.jpg,page_314.json,ok,
579583,The King of Staten Island,Comedy,images/579583_The_King_of_Staten_Island_Comedy.jpg,https://image.tmdb.org/t/p/original/zQFjMmE3K9AX5QrBL1SXIxYQ9jz.jpg,page_314.json,ok,
390357,King of the Belgians,Comedy,images/390357_King_of_the_Belgians_Comedy.jpg,https://image.tmdb.org/t/p/original/7xExx3AuEvnwZZF3Frlr1kMWNbJ.jpg,page_314.json,ok,
522293,Hibiscus - Death is not the End,Comedy,images/522293_Hibiscus_-_Death_is_not_the_End_Comedy.jpg,https://image.tmdb.org/t/p/original/peLHFX6qHGx227LfZ3tZdd6OSWz.jpg,page_314.json,ok,
11775,Intolerable Cruelty,Comedy,images/11775_Intolerable_Cruelty_Comedy.jpg,https://image.tmdb.org/t/p/original/7K8hDwOWsZv0MluyrB8nWlhJOgB.jpg,page_314.json,ok,
716706,The Swing of Things,Comedy,images/716706_The_Swing_of_Things_Comedy.jpg,https://image.tmdb.org/t/p/original/zOrZOaDd5RfF873lKoWE6rkZG9c.jpg,page_314.json,ok,
140846,Company,Comedy,images/140846_Company_Comedy.jpg,https://image.tmdb.org/t/p/original/kpvvHmWTnVAl9oEiGouQ1GZKvmf.jpg,page_315.json,ok,
869104,Waffle Home,Comedy,images/869104_Waffle_Home_Comedy.jpg,https://image.tmdb.org/t/p/original/jXw0kxGCbD20FF3mQxqopVcv8VI.jpg,page_313.json,ok,
893732,RSC Live: The Comedy of Errors,Comedy,images/893732_RSC_Live_The_Comedy_of_Errors_Comedy.jpg,https://image.tmdb.org/t/p/original/6DR8iJVIGjP5Vkx01x92LM3CgLq.jpg,page_315.json,ok,
977205,White Power,Comedy,images/977205_White_Power_Comedy.jpg,https://image.tmdb.org/t/p/original/gbyRJSzIhsygDUy7ZFw6FrGJ2s7.jpg,page_315.json,ok,
744781,Skorokoro,Comedy,images/744781_Skorokoro_Comedy.jpg,https://image.tmdb.org/t/p/original/vlUQJhhnpMBuZg426wi7FaoPVo5.jpg,page_314.json,ok,
658087,Gaslit,Thriller,images/658087_Gaslit_Thriller.jpg,https://image.tmdb.org/t/p/original/h4VhWMWggNmNe62iZNdAcx1LJDP.jpg,page_315.json,ok,
252178,'71,Thriller,images/252178_71_Thriller.jpg,https://image.tmdb.org/t/p/original/wbhqBocsP7QoX8SZLvCsGOWUAaQ.jpg,page_315.json,ok,
530624,Antiquities,Comedy,images/530624_Antiquities_Comedy.jpg,https://image.tmdb.org/t/p/original/d6xyWHELxrGlR5oaOX2Z22XM9uM.jpg,page_315.json,ok,
555252,Killer Under The Bed,Thriller,images/555252_Killer_Under_The_Bed_Thriller.jpg,https://image.tmdb.org/t/p/original/AfbjQG0Bzj5Zp6E7H3HIjAUCEdt.jpg,page_315.json,ok,
1362916,Hustle Mode,Comedy,images/1362916_Hustle_Mode_Comedy.jpg,https://image.tmdb.org/t/p/original/pcU0DrQ96sw2lS1fdh1BnhcmPjy.jpg,page_314.json,ok,
1405647,Pink Butterfly,Comedy,images/1405647_Pink_Butterfly_Comedy.jpg,https://image.tmdb.org/t/p/original/eZ0gW3xY0OkFE7rNuhoNoSbTwz5.jpg,page_315.json,ok,
1172676,Poison,Comedy,images/1172676_Poison_Comedy.jpg,https://image.tmdb.org/t/p/original/IQG49DUJw5DsgcNbW0NfagiDOs.jpg,page_315.json,ok,
60765,The Abducted,Thriller,images/60765_The_Abducted_Thriller.jpg,https://image.tmdb.org/t/p/original/dq46sv2AfjheSKsILKormFqV8U5.jpg,page_315.json,ok,
1204648,The Cranberry Hour,Comedy,images/1204648_The_Cranberry_Hour_Comedy.jpg,https://image.tmdb.org/t/p/original/2SOys7YLVn9EwpbL5SUbro8354i.jpg,page_315.json,ok,
63492,What's Your Number?,Comedy,images/63492_Whats_Your_Number_Comedy.jpg,https://image.tmdb.org/t/p/original/eqn3UeXMY9W1Ow3jIZ6COqbjUWX.jpg,page_315.json,ok,
26014,Good Advice,Comedy,images/26014_Good_Advice_Comedy.jpg,https://image.tmdb.org/t/p/original/1uUYExFdpg3zASJ5EtJXN81G4Io.jpg,page_316.json,ok,
7211,Dan in Real Life,Comedy,images/7211_Dan_in_Real_Life_Comedy.jpg,https://image.tmdb.org/t/p/original/wJkkkG4ditqNzlua0oJzoaICGiz.jpg,page_316.json,ok,
416166,The Institute,Thriller,images/416166_The_Institute_Thriller.jpg,https://image.tmdb.org/t/p/original/6Gg6p1nTwklozFWnPr0YvSAekan.jpg,page_316.json,ok,
1358900,Chow Bella,Comedy,images/1358900_Chow_Bella_Comedy.jpg,https://image.tmdb.org/t/p/original/d44TwFqSlHydHfDflWPFxBoYeuD.jpg,page_316.json,ok,
10033,Just Friends,Comedy,images/10033_Just_Friends_Comedy.jpg,https://image.tmdb.org/t/p/original/lh2EUTVOcESkdEOcsjYEW6qS1U0.jpg,page_316.json,ok,
879041,Swede Caroline,Comedy,images/879041_Swede_Caroline_Comedy.jpg,https://image.tmdb.org/t/p/original/rOG8fxdgB8vWj9hJ7JxqGmmD6rW.jpg,page_316.json,ok,
323676,The Boss,Comedy,images/323676_The_Boss_Comedy.jpg,https://image.tmdb.org/t/p/original/q6TAy2EWMpuT6gpxlO3ofj0RYrq.jpg,page_316.json,ok,
17047,Agent Cody Banks 2: Destination London,Comedy,images/17047_Agent_Cody_Banks_2_Destination_London_Comedy.jpg,https://image.tmdb.org/t/p/original/zlAltvp84rYVTYs3kdemqHBaiat.jpg,page_316.json,ok,
1036921,And Mrs.,Comedy,images/1036921_And_Mrs._Comedy.jpg,https://image.tmdb.org/t/p/original/xhgwgQ67dxKFy1hntUpivu8URY9.jpg,page_316.json,ok,
28385,Sin Sisters,Thriller,images/28385_Sin_Sisters_Thriller.jpg,https://image.tmdb.org/t/p/original/82D1hXtt5jzilQbeOo7vE5KuSUz.jpg,page_317.json,ok,
9910,Two for the Money,Comedy,images/9910_Two_for_the_Money_Comedy.jpg,https://image.tmdb.org/t/p/original/5SedPYdGLrp6LX9C2cWXLx38w1D.jpg,page_316.json,ok,
375827,Sensory Perception,Thriller,images/375827_Sensory_Perception_Thriller.jpg,https://image.tmdb.org/t/p/original/zjeHuNsgNo94LZT3cWO5j27yifC.jpg,page_317.json,ok,
562225,The Hitchhiker,Comedy,images/562225_The_Hitchhiker_Comedy.jpg,https://image.tmdb.org/t/p/original/mZvDGQFTGEMzPZt3JLoL72iTYdr.jpg,page_317.json,ok,
17027,Shuttle,Thriller,images/17027_Shuttle_Thriller.jpg,https://image.tmdb.org/t/p/original/xZWYVT0YC5kDf6fetNAAifN1aAx.jpg,page_317.json,ok,
457303,Animated American,Comedy,images/457303_Animated_American_Comedy.jpg,https://image.tmdb.org/t/p/original/aFLhbIu7KRR0RQGwsBisp8giMRl.jpg,page_317.json,ok,
1431025,Fatal Exposure,Thriller,images/1431025_Fatal_Exposure_Thriller.jpg,https://image.tmdb.org/t/p/original/nWh0Go1JJnLJ81qdbgWcDaXzkGW.jpg,page_317.json,ok,
1142982,Toxic Impulses,Thriller,images/1142982_Toxic_Impulses_Thriller.jpg,https://image.tmdb.org/t/p/original/7CfRuTq5qBP5HIEhqp4yf9UCOot.jpg,page_317.json,ok,
428229,Remote Paradise,Thriller,images/428229_Remote_Paradise_Thriller.jpg,https://image.tmdb.org/t/p/original/49dqX032iNb7G6Jr8aIL9V00O4p.jpg,page_317.json,ok,
72115,Jay and Silent Bob Do Degrassi,Comedy,images/72115_Jay_and_Silent_Bob_Do_Degrassi_Comedy.jpg,https://image.tmdb.org/t/p/original/y6sk6JnOPapueqEPTMvV8MtGQDI.jpg,page_318.json,ok,
265004,The Wishmakers,Comedy,images/265004_The_Wishmakers_Comedy.jpg,https://image.tmdb.org/t/p/original/f2sxjRv76nV7kRuh5d23uBo9ofA.jpg,page_317.json,ok,
27834,CQ,Comedy,images/27834_CQ_Comedy.jpg,https://image.tmdb.org/t/p/original/aFAPOT77Jh7lNWYtojC6nxi4CpJ.jpg,page_318.json,ok,
69904,Burning Annie,Comedy,images/69904_Burning_Annie_Comedy.jpg,https://image.tmdb.org/t/p/original/anbPvp5bQwUd3jzSaVpBdMiVZw9.jpg,page_318.json,ok,
169644,Stalled,Comedy,images/169644_Stalled_Comedy.jpg,https://image.tmdb.org/t/p/original/4ZsdkeOJJ0MFqcGRrbaHF4Rs5YC.jpg,page_318.json,ok,
427900,Home Again,Comedy,images/427900_Home_Again_Comedy.jpg,https://image.tmdb.org/t/p/original/pE4VHzhDZgvbx2QOllaXXPADiW1.jpg,page_318.json,ok,
18701,Being Julia,Comedy,images/18701_Being_Julia_Comedy.jpg,https://image.tmdb.org/t/p/original/wiJp4pN2bYgtWQqZYZhGNLeFmx8.jpg,page_318.json,ok,
685965,Killer Dream Home,Thriller,images/685965_Killer_Dream_Home_Thriller.jpg,https://image.tmdb.org/t/p/original/oR12jepLLyX7TiFOYWxGXYywZzK.jpg,page_319.json,ok,
741228,Locked Down,Comedy,images/741228_Locked_Down_Comedy.jpg,https://image.tmdb.org/t/p/original/svHelD0Hb3TXPAQoPsoBwdDMTvf.jpg,page_318.json,ok,
321558,The Truth About Lies,Comedy,images/321558_The_Truth_About_Lies_Comedy.jpg,https://image.tmdb.org/t/p/original/qZU30ijnU9TPmTKyFSjnBZwQolV.jpg,page_318.json,ok,
529983,The Poison Rose,Thriller,images/529983_The_Poison_Rose_Thriller.jpg,https://image.tmdb.org/t/p/original/gSzyUmg719TgAxarFZYWjLLMqvS.jpg,page_319.json,ok,
738975,"Kate, Unhinged",Comedy,images/738975_Kate_Unhinged_Comedy.jpg,https://image.tmdb.org/t/p/original/zmBIsevDfqMiKI2D6ZPKB0E9pmP.jpg,page_319.json,ok,
257134,Lawrence & Holloman,Comedy,images/257134_Lawrence__Holloman_Comedy.jpg,https://image.tmdb.org/t/p/original/bjbnNAHZMoldBMNMOzwYm8xKeNN.jpg,page_319.json,ok,
862553,Bar Fight,Comedy,images/862553_Bar_Fight_Comedy.jpg,https://image.tmdb.org/t/p/original/wz3LJM9tVUgatlS1WhedZRju1ON.jpg,page_319.json,ok,
242088,The Trip to Italy,Comedy,images/242088_The_Trip_to_Italy_Comedy.jpg,https://image.tmdb.org/t/p/original/gbdN1MGJI2vIV9yKqDkAsazWQIT.jpg,page_319.json,ok,
1226113,Sabre Dance,Comedy,images/1226113_Sabre_Dance_Comedy.jpg,https://image.tmdb.org/t/p/original/pYPpyqy5l0EyBh9aoEqIfUY76Bg.jpg,page_315.json,ok,
754607,Poltergays,Comedy,images/754607_Poltergays_Comedy.jpg,https://image.tmdb.org/t/p/original/27OWAvCL0cGN0ebQGmmkXF2nBvy.jpg,page_319.json,ok,
17813,Alex & Emma,Comedy,images/17813_Alex__Emma_Comedy.jpg,https://image.tmdb.org/t/p/original/1CVw4MMqeBdkUs3DfCDWkaP6O3U.jpg,page_319.json,ok,
9757,Norbit,Comedy,images/9757_Norbit_Comedy.jpg,https://image.tmdb.org/t/p/original/XcZ5NzygPp54csxCnzvQKuxFL2.jpg,page_32.json,ok,
292925,Surviving Eden,Comedy,images/292925_Surviving_Eden_Comedy.jpg,https://image.tmdb.org/t/p/original/4LThZIfaufpnBkPnopTyIbaE0mz.jpg,page_32.json,ok,
1094138,Jackpot!,Comedy,images/1094138_Jackpot_Comedy.jpg,https://image.tmdb.org/t/p/original/7vv0NTaQGOO7M5ZMerp1vMFJsby.jpg,page_32.json,ok,
591,The Da Vinci Code,Thriller,images/591_The_Da_Vinci_Code_Thriller.jpg,https://image.tmdb.org/t/p/original/9ejKfNk0LBhSI9AahH4f9NJNZNM.jpg,page_32.json,ok,
466658,Ennama Katha Vuduranga,Comedy,images/466658_Ennama_Katha_Vuduranga_Comedy.jpg,https://image.tmdb.org/t/p/original/jvLZVfQG7ZGuTgaRwbEUbxABZes.jpg,page_32.json,ok,
543493,Babysplitters,Comedy,images/543493_Babysplitters_Comedy.jpg,https://image.tmdb.org/t/p/original/80rnSw6gYfbcgWcrBEe3GFCRMIn.jpg,page_32.json,ok,
1117093,Coffee Patriarchy,Comedy,images/1117093_Coffee_Patriarchy_Comedy.jpg,https://image.tmdb.org/t/p/original/cxCKXrO9miIm06ZPr2D7WIiNRnI.jpg,page_32.json,ok,
59940,Zebra Lounge,Thriller,images/59940_Zebra_Lounge_Thriller.jpg,https://image.tmdb.org/t/p/original/hyej1bAJkY39O1tVIYdjLM6nfl6.jpg,page_32.json,ok,
433401,FML,Comedy,images/433401_FML_Comedy.jpg,https://image.tmdb.org/t/p/original/9L8Qn8zD5L23RBpUc1FYLkQ2woB.jpg,page_320.json,ok,
248401,A Farewell to Fools,Comedy,images/248401_A_Farewell_to_Fools_Comedy.jpg,https://image.tmdb.org/t/p/original/5pnN3w0jYiMWdhyxMPwn7YA7DHq.jpg,page_320.json,ok,
49022,Something Borrowed,Comedy,images/49022_Something_Borrowed_Comedy.jpg,https://image.tmdb.org/t/p/original/66VZu75VeLGc6tcAypqyGzWcPeN.jpg,page_320.json,ok,
1156288,The Screens,Thriller,images/1156288_The_Screens_Thriller.jpg,https://image.tmdb.org/t/p/original/jMEM81fbwcr7Km6hgRdJWikDYkf.jpg,page_316.json,ok,
707011,Woodland,Thriller,images/707011_Woodland_Thriller.jpg,https://image.tmdb.org/t/p/original/tZAiPpKlaRSH34ZSY3BIXmliZgb.jpg,page_320.json,ok,
636690,Rebecca,Comedy,images/636690_Rebecca_Comedy.jpg,https://image.tmdb.org/t/p/original/pZq1ztKXhKr7oyFmeGBXwUwIuyz.jpg,page_320.json,ok,
506976,The Climb,Comedy,images/506976_The_Climb_Comedy.jpg,https://image.tmdb.org/t/p/original/bpXj3MZSgVUxiY5JStTMj5X6CGC.jpg,page_320.json,ok,
228666,Trampoline,Comedy,images/228666_Trampoline_Comedy.jpg,https://image.tmdb.org/t/p/original/vjD9B9Ez4kmS9ycQj8KgZjcy0KQ.jpg,page_320.json,ok,
120802,Noobz,Comedy,images/120802_Noobz_Comedy.jpg,https://image.tmdb.org/t/p/original/6MpGb2U26E4n9OYYicleucaNHbe.jpg,page_321.json,ok,
537792,Papi Chulo,Comedy,images/537792_Papi_Chulo_Comedy.jpg,https://image.tmdb.org/t/p/original/i8m5Kn8o0LeNQLhxuNlBU6B3Kh1.jpg,page_320.json,ok,
10152,Dumb and Dumberer: When Harry Met Lloyd,Comedy,images/10152_Dumb_and_Dumberer_When_Harry_Met_Lloyd_Comedy.jpg,https://image.tmdb.org/t/p/original/qxD6P3UXASFCdbrVavceZzgOfI9.jpg,page_320.json,ok,
68202,Without Men,Comedy,images/68202_Without_Men_Comedy.jpg,https://image.tmdb.org/t/p/original/1EzXn6ZkhGBBlNizXQiGOeDvwwp.jpg,page_321.json,ok,
14167,Standing Still,Comedy,images/14167_Standing_Still_Comedy.jpg,https://image.tmdb.org/t/p/original/zKn3tCS4cZAOWbrjHaAYyDqdkzH.jpg,page_321.json,ok,
565539,Sk8 Dawg,Comedy,images/565539_Sk8_Dawg_Comedy.jpg,https://image.tmdb.org/t/p/original/jdLWSspr3Cpn2oJ8Lk0xGK8zFRa.jpg,page_321.json,ok,
952326,Jerrod Carmichael: Rothaniel,Comedy,images/952326_Jerrod_Carmichael_Rothaniel_Comedy.jpg,https://image.tmdb.org/t/p/original/klYNX97TLtWz4zfaByWsoLH2BGT.jpg,page_321.json,ok,
279690,He Never Died,Comedy,images/279690_He_Never_Died_Comedy.jpg,https://image.tmdb.org/t/p/original/vzqwe4uuINJhbPqvlbVShBnCvHv.jpg,page_321.json,ok,
362443,Fangboner,Comedy,images/362443_Fangboner_Comedy.jpg,https://image.tmdb.org/t/p/original/myVYry0XkdRMUb3LUuLCWhu49mY.jpg,page_321.json,ok,
424510,Mr. Roosevelt,Comedy,images/424510_Mr._Roosevelt_Comedy.jpg,https://image.tmdb.org/t/p/original/cm5glzIq5F3OiYw6SZbD0P8cllz.jpg,page_321.json,ok,
347158,Bikini Avengers,Comedy,images/347158_Bikini_Avengers_Comedy.jpg,https://image.tmdb.org/t/p/original/ehTYWuPKwl8sXPX0I6LnvJUDaVl.jpg,page_321.json,ok,
9963,Premonition,Thriller,images/9963_Premonition_Thriller.jpg,https://image.tmdb.org/t/p/original/vKW1XIYrIqVrbCaYj9FQDHKXR8R.jpg,page_321.json,ok,
38303,You Again,Comedy,images/38303_You_Again_Comedy.jpg,https://image.tmdb.org/t/p/original/9qI5JE6yjmtakTankuDOMZ1vgEx.jpg,page_322.json,ok,
319888,Eddie the Eagle,Comedy,images/319888_Eddie_the_Eagle_Comedy.jpg,https://image.tmdb.org/t/p/original/r562gvTRVHnDSvG7MrKHEECSn1V.jpg,page_322.json,ok,
362714,Offensive Behaviour,Comedy,images/362714_Offensive_Behaviour_Comedy.jpg,https://image.tmdb.org/t/p/original/79HBRpgUYctrxe7THQFksWdEsaP.jpg,page_321.json,ok,
1146254,Deadly DILF,Thriller,images/1146254_Deadly_DILF_Thriller.jpg,https://image.tmdb.org/t/p/original/99JaqamLzWtTc5w6YK6BhsB3fRg.jpg,page_322.json,ok,
27593,"Scotland, PA",Comedy,images/27593_Scotland_PA_Comedy.jpg,https://image.tmdb.org/t/p/original/phyNpVgqHmxn9tTXbljeyodTeVH.jpg,page_322.json,ok,
336604,Bananas - Ken Davis,Comedy,images/336604_Bananas_-_Ken_Davis_Comedy.jpg,https://image.tmdb.org/t/p/original/vlNHo49AAy9W4tdyQTzQugIoOlS.jpg,page_323.json,ok,
489243,The Hummingbird Project,Thriller,images/489243_The_Hummingbird_Project_Thriller.jpg,https://image.tmdb.org/t/p/original/cx7CuTtcJvjZAP6ZFWoxylCXKFP.jpg,page_323.json,ok,
309503,Zipper,Thriller,images/309503_Zipper_Thriller.jpg,https://image.tmdb.org/t/p/original/qHQbXfdYhh3CRtIufoiD4AxPWi0.jpg,page_323.json,ok,
78346,Marriage Agreement,Comedy,images/78346_Marriage_Agreement_Comedy.jpg,https://image.tmdb.org/t/p/original/ohHRRQDBeILpjgAezXffhAFBwK7.jpg,page_322.json,ok,
1432418,Homewrecker,Comedy,images/1432418_Homewrecker_Comedy.jpg,https://image.tmdb.org/t/p/original/6nOlks8YR2Epia4PwHGhggihOZP.jpg,page_323.json,ok,
1091862,Black Diamond,Thriller,images/1091862_Black_Diamond_Thriller.jpg,https://image.tmdb.org/t/p/original/6Tzq8vYW5ji0WQnMkg8kBFx3tWJ.jpg,page_323.json,ok,
73170,Quigley,Comedy,images/73170_Quigley_Comedy.jpg,https://image.tmdb.org/t/p/original/2COYUCF6YYRJEG1e9RJuTSQOQln.jpg,page_323.json,ok,
474335,Uncle Drew,Comedy,images/474335_Uncle_Drew_Comedy.jpg,https://image.tmdb.org/t/p/original/yO2qw2cX0oU1ZrPBKc0PPj1C1NL.jpg,page_323.json,ok,
46584,The Trotsky,Comedy,images/46584_The_Trotsky_Comedy.jpg,https://image.tmdb.org/t/p/original/dSZRDk2xpVdf0BHVqKnSeVUIxLH.jpg,page_323.json,ok,
30122,Moola,Comedy,images/30122_Moola_Comedy.jpg,https://image.tmdb.org/t/p/original/1wR21IjmpymCZEZ6U6xtralJgX3.jpg,page_324.json,ok,
637395,The Spooky Tale of Captain Underpants: Hack-a-ween,Comedy,images/637395_The_Spooky_Tale_of_Captain_Underpants_Hack-a-ween_Comedy.jpg,https://image.tmdb.org/t/p/original/qGuBwXcJhmFBQRu5F6EB2VoTCn2.jpg,page_324.json,ok,
352186,Good Kids,Comedy,images/352186_Good_Kids_Comedy.jpg,https://image.tmdb.org/t/p/original/9R3hZnqFNyFmG10qwKzaUntlUbg.jpg,page_323.json,ok,
21900,Shifty,Thriller,images/21900_Shifty_Thriller.jpg,https://image.tmdb.org/t/p/original/tiheyFBeCY0mWyuYjHFOjYo7RL6.jpg,page_324.json,ok,
256888,Cement Suitcase,Comedy,images/256888_Cement_Suitcase_Comedy.jpg,https://image.tmdb.org/t/p/original/mMA9ODLHEa8zo6671M2JAgCcIcX.jpg,page_322.json,ok,
13073,Palindromes,Comedy,images/13073_Palindromes_Comedy.jpg,https://image.tmdb.org/t/p/original/yqcNYtm3F7GhCgAnTcQslKzMFOf.jpg,page_324.json,ok,
1060526,Palava!,Comedy,images/1060526_Palava_Comedy.jpg,https://image.tmdb.org/t/p/original/xyVFV4v3r1ASsMNAOfrYmE3dW6y.jpg,page_324.json,ok,
673319,Happily,Comedy,images/673319_Happily_Comedy.jpg,https://image.tmdb.org/t/p/original/uCV98jOIxwd0SMICfHFNcuo5CHS.jpg,page_325.json,ok,
533223,Intrusive Thoughts,Thriller,images/533223_Intrusive_Thoughts_Thriller.jpg,https://image.tmdb.org/t/p/original/bZBPcKcjDZFpyOHqnRwzCLPo881.jpg,page_324.json,ok,
865686,Good Mourning,Comedy,images/865686_Good_Mourning_Comedy.jpg,https://image.tmdb.org/t/p/original/sCKD2tbldX3jDtsOVU2QVGTw6Ua.jpg,page_324.json,ok,
801723,Popcorn & Peanuts,Comedy,images/801723_Popcorn__Peanuts_Comedy.jpg,https://image.tmdb.org/t/p/original/eq6251p4e56LvWBmTgTjYbv22Er.jpg,page_325.json,ok,
13673,Christmas with the Kranks,Comedy,images/13673_Christmas_with_the_Kranks_Comedy.jpg,https://image.tmdb.org/t/p/original/q866vL3KhAjbkZH1enT7AoxmRHx.jpg,page_325.json,ok,
291312,Jubilee,Comedy,images/291312_Jubilee_Comedy.jpg,https://image.tmdb.org/t/p/original/2MchdTvolUBnLJdXf6rx6y93zOW.jpg,page_325.json,ok,
760667,Knocked Down,Comedy,images/760667_Knocked_Down_Comedy.jpg,https://image.tmdb.org/t/p/original/6eug9r8GDcxAbePnfqqQQ2qJxTM.jpg,page_325.json,ok,
812159,His Secret Marriage,Thriller,images/812159_His_Secret_Marriage_Thriller.jpg,https://image.tmdb.org/t/p/original/7ZwnxKiz6qjrtvkD1DexSFx7s5z.jpg,page_325.json,ok,
256962,Little Boy,Comedy,images/256962_Little_Boy_Comedy.jpg,https://image.tmdb.org/t/p/original/lAU9pgq3niI6sFemcKm4FGGmrnW.jpg,page_325.json,ok,
473258,Unwritten Obsession,Thriller,images/473258_Unwritten_Obsession_Thriller.jpg,https://image.tmdb.org/t/p/original/zvRAT00Pbhr7PqE8JTyRFYhRy7Q.jpg,page_325.json,ok,
296206,Comedy Central Roast of Pamela Anderson,Comedy,images/296206_Comedy_Central_Roast_of_Pamela_Anderson_Comedy.jpg,https://image.tmdb.org/t/p/original/p1Vg5ERD7mh2VMEsv3QN7yi8idD.jpg,page_326.json,ok,
296675,Flogging Margaret,Comedy,images/296675_Flogging_Margaret_Comedy.jpg,https://image.tmdb.org/t/p/original/omcs30VZujQpmjxMKBd9lyn61E4.jpg,page_326.json,ok,
490488,#Roxy,Comedy,images/490488_Roxy_Comedy.jpg,https://image.tmdb.org/t/p/original/S8hlezAkxxQHLd1EBdho9EfxL7.jpg,page_326.json,ok,
903886,Grizzlies,Comedy,images/903886_Grizzlies_Comedy.jpg,https://image.tmdb.org/t/p/original/3ypfWo0vRAG37P0KizDIOJ1oe2q.jpg,page_326.json,ok,
38144,Bare Witness,Thriller,images/38144_Bare_Witness_Thriller.jpg,https://image.tmdb.org/t/p/original/gy7vfuMBCJDZ4UNKXmVdirVwSSi.jpg,page_326.json,ok,
831228,How Moving,Comedy,images/831228_How_Moving_Comedy.jpg,https://image.tmdb.org/t/p/original/fBSM2NGQBWccylIkTCunBCIxRli.jpg,page_322.json,ok,
22640,Shrink,Comedy,images/22640_Shrink_Comedy.jpg,https://image.tmdb.org/t/p/original/pg6649ymX3M5otI7siheMggBsz7.jpg,page_327.json,ok,
325762,Meconium,Comedy,images/325762_Meconium_Comedy.jpg,https://image.tmdb.org/t/p/original/jjuVFVtJ2BHMfo1OpLDzLm3HCb0.jpg,page_327.json,ok,
31246,From Justin to Kelly,Comedy,images/31246_From_Justin_to_Kelly_Comedy.jpg,https://image.tmdb.org/t/p/original/bLLlgQ6nZPGxvAjp0qjTX1wD2hl.jpg,page_326.json,ok,
718400,The Vanished,Thriller,images/718400_The_Vanished_Thriller.jpg,https://image.tmdb.org/t/p/original/bYePSWEmMw9PQ9hNwMzgW1rQUtI.jpg,page_327.json,ok,
543016,Room for Murder,Thriller,images/543016_Room_for_Murder_Thriller.jpg,https://image.tmdb.org/t/p/original/coFwTa57GMySgtdH0uuW0tGLFlY.jpg,page_327.json,ok,
242091,Addiction: A 60's Love Story,Thriller,images/242091_Addiction_A_60s_Love_Story_Thriller.jpg,https://image.tmdb.org/t/p/original/nOQKmkiUbFicdE6r9dEuJYELdAy.jpg,page_328.json,ok,
618761,Divertimento,Thriller,images/618761_Divertimento_Thriller.jpg,https://image.tmdb.org/t/p/original/xxJ1FG7njAsEtrk86bOGywsJYwo.jpg,page_325.json,ok,
499816,Deadly Inn,Thriller,images/499816_Deadly_Inn_Thriller.jpg,https://image.tmdb.org/t/p/original/iJ5quzt4lX2MhKrzFIjU7p43Dtb.jpg,page_327.json,ok,
97733,Slacker 2011,Comedy,images/97733_Slacker_2011_Comedy.jpg,https://image.tmdb.org/t/p/original/vMYzJ31d9q7wjcj0jgGkm7GJOgz.jpg,page_328.json,ok,
332624,Unhallowed Ground,Thriller,images/332624_Unhallowed_Ground_Thriller.jpg,https://image.tmdb.org/t/p/original/sVtSNc1plgptgdLelULpX4zRgNn.jpg,page_327.json,ok,
204922,Before I Go to Sleep,Thriller,images/204922_Before_I_Go_to_Sleep_Thriller.jpg,https://image.tmdb.org/t/p/original/1sSWpTupVixOanIpZdLGzsKvcZS.jpg,page_328.json,ok,
16995,State of Play,Thriller,images/16995_State_of_Play_Thriller.jpg,https://image.tmdb.org/t/p/original/mWsfeSFUM3NxWa62UrA9IIn240B.jpg,page_328.json,ok,
32694,Can't Buy Me Lunch: Another Look at The Rutles,Comedy,images/32694_Cant_Buy_Me_Lunch_Another_Look_at_The_Rutles_Comedy.jpg,https://image.tmdb.org/t/p/original/maUbhufh8qw44vg2rYnQcozpd2l.jpg,page_328.json,ok,
63207,Intruders,Thriller,images/63207_Intruders_Thriller.jpg,https://image.tmdb.org/t/p/original/erGjRCwzKOGHxJ32fR5ObGYtBBK.jpg,page_328.json,ok,
227816,Andy Made a Friend,Comedy,images/227816_Andy_Made_a_Friend_Comedy.jpg,https://image.tmdb.org/t/p/original/qXDlsKrQ1IqqECVuFwHft1bGajY.jpg,page_328.json,ok,
416682,Ambition,Thriller,images/416682_Ambition_Thriller.jpg,https://image.tmdb.org/t/p/original/3NfOYiJspBptcSeTg7x5OOWAc8I.jpg,page_328.json,ok,
520353,The Billabong,Thriller,images/520353_The_Billabong_Thriller.jpg,https://image.tmdb.org/t/p/original/6q3PoNDoDCpTnlXBWn3gbVfD0Yp.jpg,page_328.json,ok,
14137,Beer League,Comedy,images/14137_Beer_League_Comedy.jpg,https://image.tmdb.org/t/p/original/yoB3G8yGNLHdbr4TSKZqRp7UJ72.jpg,page_329.json,ok,
312797,The Barber,Thriller,images/312797_The_Barber_Thriller.jpg,https://image.tmdb.org/t/p/original/oYODFbMfqsT5qvH440bN3wXL86n.jpg,page_329.json,ok,
898868,Introducing Jodea,Comedy,images/898868_Introducing_Jodea_Comedy.jpg,https://image.tmdb.org/t/p/original/vTc50rCYgVGNs1BO4qLgS2ZaohW.jpg,page_329.json,ok,
296241,Homecoming,Thriller,images/296241_Homecoming_Thriller.jpg,https://image.tmdb.org/t/p/original/BCi3ipQnefCp1crXIFTnL0eWUA.jpg,page_329.json,ok,
3396,The Yes Men,Comedy,images/3396_The_Yes_Men_Comedy.jpg,https://image.tmdb.org/t/p/original/lbwXEMe4fz6hj3ySwgstRJx38Wz.jpg,page_329.json,ok,
993314,The Untitled Star Wars Mockumentary,Comedy,images/993314_The_Untitled_Star_Wars_Mockumentary_Comedy.jpg,https://image.tmdb.org/t/p/original/fMNRutqPpxDKsqAMlNqzkhAnDlM.jpg,page_329.json,ok,
535437,Swiped,Comedy,images/535437_Swiped_Comedy.jpg,https://image.tmdb.org/t/p/original/cXlGDWGCB2zpmnUzYpQYgYhNrpS.jpg,page_329.json,ok,
58781,31 North 62 East,Thriller,images/58781_31_North_62_East_Thriller.jpg,https://image.tmdb.org/t/p/original/ugK0qSk9yDiCuxyAS7LFfMSUaHp.jpg,page_329.json,ok,
45243,The Hangover Part II,Comedy,images/45243_The_Hangover_Part_II_Comedy.jpg,https://image.tmdb.org/t/p/original/7sGkjqorTHkaHTz8Q4WWHj8JL9t.jpg,page_33.json,ok,
723393,In Dreams,Thriller,images/723393_In_Dreams_Thriller.jpg,https://image.tmdb.org/t/p/original/eE7EuBQeBHCTs3LWB1fQ8vllEkk.jpg,page_33.json,ok,
537160,Bats,Comedy,images/537160_Bats_Comedy.jpg,https://image.tmdb.org/t/p/original/a0IkbkfKhd9hqw2LgCS51N2mQsb.jpg,page_330.json,ok,
760741,Beast,Thriller,images/760741_Beast_Thriller.jpg,https://image.tmdb.org/t/p/original/f18rGcLlawKjNC5KRh36S0mvRlY.jpg,page_33.json,ok,
1498020,The Announcement,Comedy,images/1498020_The_Announcement_Comedy.jpg,https://image.tmdb.org/t/p/original/5ygsQKW4WGbQYwBWC6U5lVVlZ0S.jpg,page_326.json,ok,
971029,Raging Midlife,Comedy,images/971029_Raging_Midlife_Comedy.jpg,https://image.tmdb.org/t/p/original/3l6bgsGNISNzC9ZiYMy2G4QKRJ1.jpg,page_330.json,ok,
736769,They Cloned Tyrone,Comedy,images/736769_They_Cloned_Tyrone_Comedy.jpg,https://image.tmdb.org/t/p/original/hnzXoDaK346U4ByfvQenu2DZnTg.jpg,page_330.json,ok,
31896,Finding Bliss,Comedy,images/31896_Finding_Bliss_Comedy.jpg,https://image.tmdb.org/t/p/original/btTbG2BGuyL9s3Ne3GFZMKB8oBT.jpg,page_330.json,ok,
57210,Angels Sing,Comedy,images/57210_Angels_Sing_Comedy.jpg,https://image.tmdb.org/t/p/original/oFTxBFvuo37mBY5RleRMTgt0SX2.jpg,page_330.json,ok,
287973,Jersey Guy,Comedy,images/287973_Jersey_Guy_Comedy.jpg,https://image.tmdb.org/t/p/original/luOFKW82HGwjdKxWUrkeRMD8C22.jpg,page_330.json,ok,
10067,The Shaggy Dog,Comedy,images/10067_The_Shaggy_Dog_Comedy.jpg,https://image.tmdb.org/t/p/original/tGX3YyPaYMbjiRwR5PjRsJW7GtM.jpg,page_330.json,ok,
606303,No Way Out,Thriller,images/606303_No_Way_Out_Thriller.jpg,https://image.tmdb.org/t/p/original/df9pAqtYzM40llo9Joxy2ftqSrP.jpg,page_331.json,ok,
550156,American Dreamer,Thriller,images/550156_American_Dreamer_Thriller.jpg,https://image.tmdb.org/t/p/original/q2Kp6ZrCWQV1qr7SHbUUsEpuW5I.jpg,page_330.json,ok,
760554,Glamour,Thriller,images/760554_Glamour_Thriller.jpg,https://image.tmdb.org/t/p/original/qWBgsU027UeGlLj4M9dNGl9YqNJ.jpg,page_331.json,ok,
1111491,Katie's Mom,Comedy,images/1111491_Katies_Mom_Comedy.jpg,https://image.tmdb.org/t/p/original/mhQTMw2YyGqsMR1DLNxIZY2516j.jpg,page_331.json,ok,
208202,Dirty Weekend,Comedy,images/208202_Dirty_Weekend_Comedy.jpg,https://image.tmdb.org/t/p/original/dCPjNyiiMk0Zesi1D4qQrpoI5PE.jpg,page_332.json,ok,
407167,Chai Pani Etc.,Comedy,images/407167_Chai_Pani_Etc._Comedy.jpg,https://image.tmdb.org/t/p/original/k7X9I3RHRRTDWRCE9fD6zPr6a5W.jpg,page_317.json,ok,
84332,Safety Not Guaranteed,Comedy,images/84332_Safety_Not_Guaranteed_Comedy.jpg,https://image.tmdb.org/t/p/original/gH0l9kiaK1Ulalbq07nqR7jtin5.jpg,page_331.json,ok,
50715,SoulBoy,Comedy,images/50715_SoulBoy_Comedy.jpg,https://image.tmdb.org/t/p/original/a1pnapf4byyR7mOQsNexFF8O8mu.jpg,page_332.json,ok,
1385142,Love Across Time,Comedy,images/1385142_Love_Across_Time_Comedy.jpg,https://image.tmdb.org/t/p/original/csQWYoLwSzy0zaSmvghwcdZ2S9j.jpg,page_331.json,ok,
287629,Unlucky Plaza,Comedy,images/287629_Unlucky_Plaza_Comedy.jpg,https://image.tmdb.org/t/p/original/z4DgsfYJUGxtTQzpsSMBeRz0rrO.jpg,page_332.json,ok,
910858,The Estate,Comedy,images/910858_The_Estate_Comedy.jpg,https://image.tmdb.org/t/p/original/mYgS4djsVj61kzEpX43LklGUfgK.jpg,page_331.json,ok,
70577,Faces in the Crowd,Thriller,images/70577_Faces_in_the_Crowd_Thriller.jpg,https://image.tmdb.org/t/p/original/A3EtPBwTZe1Dfx1xvjCtReUxDsD.jpg,page_332.json,ok,
251852,The Scribbler,Thriller,images/251852_The_Scribbler_Thriller.jpg,https://image.tmdb.org/t/p/original/lNIVl3C53zbImduusZsWXCo2RTC.jpg,page_332.json,ok,
55662,Virus X,Thriller,images/55662_Virus_X_Thriller.jpg,https://image.tmdb.org/t/p/original/qSQTUdnQeX9u0Z0p2DQkzYdI4a7.jpg,page_332.json,ok,
191498,Schogetten,Comedy,images/191498_Schogetten_Comedy.jpg,https://image.tmdb.org/t/p/original/lHU477u6BwtTUfmvhUww0MatnSW.jpg,page_332.json,ok,
18475,The Cookout,Comedy,images/18475_The_Cookout_Comedy.jpg,https://image.tmdb.org/t/p/original/zXOv514vAw57gquad1aP99CHOZ2.jpg,page_332.json,ok,
47798,The New Tenants,Comedy,images/47798_The_New_Tenants_Comedy.jpg,https://image.tmdb.org/t/p/original/f2f0ZRTa4wzMdRFq7ZptC0vnFu.jpg,page_333.json,ok,
46127,Sorority Wars,Comedy,images/46127_Sorority_Wars_Comedy.jpg,https://image.tmdb.org/t/p/original/hQu4rcVeKgFII4faTcEQ9CeB12s.jpg,page_333.json,ok,
212008,Transformed,Thriller,images/212008_Transformed_Thriller.jpg,https://image.tmdb.org/t/p/original/9fg7eyvOpGK8gAZRGnTE5LW2xor.jpg,page_332.json,ok,
835657,Beat,Thriller,images/835657_Beat_Thriller.jpg,https://image.tmdb.org/t/p/original/8VDpy0vj9ageWTyDljRklJipykd.jpg,page_333.json,ok,
833205,Americanish,Comedy,images/833205_Americanish_Comedy.jpg,https://image.tmdb.org/t/p/original/2eOlUw35Z2kXw5420Axnquhcy5K.jpg,page_333.json,ok,
458662,The New Order,Thriller,images/458662_The_New_Order_Thriller.jpg,https://image.tmdb.org/t/p/original/oQRWag1e8U12oAWDMnffbZBjUkB.jpg,page_333.json,ok,
522892,Escaping the Madhouse: The Nellie Bly Story,Thriller,images/522892_Escaping_the_Madhouse_The_Nellie_Bly_Story_Thriller.jpg,https://image.tmdb.org/t/p/original/pbGCxfOEbVUoASAvLwcUEcPAhiy.jpg,page_333.json,ok,
709169,Tainted,Thriller,images/709169_Tainted_Thriller.jpg,https://image.tmdb.org/t/p/original/tQhIPRY9k7SxwslI4vwQg4TBMA2.jpg,page_333.json,ok,
1162449,Midnight Hustle,Thriller,images/1162449_Midnight_Hustle_Thriller.jpg,https://image.tmdb.org/t/p/original/j4lY4HoNBQJe0VDzucLhXUwiV7j.jpg,page_333.json,ok,
121869,Eisenstein in Guanajuato,Comedy,images/121869_Eisenstein_in_Guanajuato_Comedy.jpg,https://image.tmdb.org/t/p/original/dUB98OAPQ3HVspcTVyQ9At1EuQR.jpg,page_333.json,ok,
1032454,Christmas Unfiltered,Comedy,images/1032454_Christmas_Unfiltered_Comedy.jpg,https://image.tmdb.org/t/p/original/mquQYEWVLqz8fb8umolFgyG9CVK.jpg,page_333.json,ok,
438424,A Bad Idea Gone Wrong,Comedy,images/438424_A_Bad_Idea_Gone_Wrong_Comedy.jpg,https://image.tmdb.org/t/p/original/zGA4aQzypmHiAa1xmpCynwWFHcD.jpg,page_333.json,ok,
1022964,Candy Cane Lane,Comedy,images/1022964_Candy_Cane_Lane_Comedy.jpg,https://image.tmdb.org/t/p/original/of6Ds591FJTKoBHYjDFzH6jlTyK.jpg,page_333.json,ok,
9750,Balls of Fury,Comedy,images/9750_Balls_of_Fury_Comedy.jpg,https://image.tmdb.org/t/p/original/1Uc6lFCcNlaKP5uLJdQAhdDfihy.jpg,page_334.json,ok,
201847,Compulsion,Thriller,images/201847_Compulsion_Thriller.jpg,https://image.tmdb.org/t/p/original/z4kJGHSn2BLh8EdJTvi7SCV12xR.jpg,page_334.json,ok,
51290,Artois the Goat,Comedy,images/51290_Artois_the_Goat_Comedy.jpg,https://image.tmdb.org/t/p/original/sEbGrJx2Y7OCb0Fs9iup6k2rBKa.jpg,page_334.json,ok,
21597,Elvira's Haunted Hills,Comedy,images/21597_Elviras_Haunted_Hills_Comedy.jpg,https://image.tmdb.org/t/p/original/woQR7BvgP8ZfuUrUg5bFQKNRRmv.jpg,page_334.json,ok,
470984,Calico Skies,Thriller,images/470984_Calico_Skies_Thriller.jpg,https://image.tmdb.org/t/p/original/rmYkgkhBhsohTovE3ZHY5JVhuze.jpg,page_334.json,ok,
47320,Cherry,Comedy,images/47320_Cherry_Comedy.jpg,https://image.tmdb.org/t/p/original/sTlOUvhrsiGdtwVKbdlB5pAdE2U.jpg,page_334.json,ok,
832645,Carmen Christopher: Street Special,Comedy,images/832645_Carmen_Christopher_Street_Special_Comedy.jpg,https://image.tmdb.org/t/p/original/wXlFnCSly1JwO7kQhNc5TiFZ6lN.jpg,page_334.json,ok,
164122,The Hypnotist,Comedy,images/164122_The_Hypnotist_Comedy.jpg,https://image.tmdb.org/t/p/original/opIx5HcsS3j2Fle68BNLTSYWdVU.jpg,page_334.json,ok,
15356,The Girl Next Door,Thriller,images/15356_The_Girl_Next_Door_Thriller.jpg,https://image.tmdb.org/t/p/original/dXjLp7k7ILyg22T0s9VvpPKc9jn.jpg,page_334.json,ok,
539985,Drew Michael,Comedy,images/539985_Drew_Michael_Comedy.jpg,https://image.tmdb.org/t/p/original/3MrxmKU0qweUnf9G1Z4hpFDF0cj.jpg,page_335.json,ok,
50464,Dog Eat Dog,Comedy,images/50464_Dog_Eat_Dog_Comedy.jpg,https://image.tmdb.org/t/p/original/uNnnmlOMJqzmqL8983Mn2tCPYzO.jpg,page_335.json,ok,
77874,InSight,Thriller,images/77874_InSight_Thriller.jpg,https://image.tmdb.org/t/p/original/yXbwFWn9lD79aD2UxAAkkVXrrEC.jpg,page_335.json,ok,
20322,The Brothers,Comedy,images/20322_The_Brothers_Comedy.jpg,https://image.tmdb.org/t/p/original/342I0mOBCNTzx4ls4GvIagfzu2m.jpg,page_335.json,ok,
1297970,Sal Vulcano: Terrified,Comedy,images/1297970_Sal_Vulcano_Terrified_Comedy.jpg,https://image.tmdb.org/t/p/original/bpb0ssSR6lrVBEfv5E82tlFVwAR.jpg,page_335.json,ok,
27583,Greenberg,Comedy,images/27583_Greenberg_Comedy.jpg,https://image.tmdb.org/t/p/original/jAsN4vPpycVxC89QlA6NYBXRuK7.jpg,page_335.json,ok,
355727,7 Letters,Comedy,images/355727_7_Letters_Comedy.jpg,https://image.tmdb.org/t/p/original/wZlGVDaub4XkdlwVr7w7PDEC2ee.jpg,page_335.json,ok,
623010,Timecrowave,Comedy,images/623010_Timecrowave_Comedy.jpg,https://image.tmdb.org/t/p/original/vww8qTnG9Ey8ScGTjcVGsRHCZGb.jpg,page_335.json,ok,
683287,Unbreakable Kimmy Schmidt: Kimmy vs. the Reverend,Comedy,images/683287_Unbreakable_Kimmy_Schmidt_Kimmy_vs._the_Reverend_Comedy.jpg,https://image.tmdb.org/t/p/original/3lOYicrgvA6982iVUpD9860qf7X.jpg,page_336.json,ok,
412196,The Wedding Party,Comedy,images/412196_The_Wedding_Party_Comedy.jpg,https://image.tmdb.org/t/p/original/qJpP0QJZE1Lcxswchana8opO9uW.jpg,page_336.json,ok,
102051,Unicorn City,Comedy,images/102051_Unicorn_City_Comedy.jpg,https://image.tmdb.org/t/p/original/eQlcwDRPk3w5yDnBE9vTr34T1qC.jpg,page_335.json,ok,
999890,Sweethearts,Comedy,images/999890_Sweethearts_Comedy.jpg,https://image.tmdb.org/t/p/original/890UDXYal6i8A9NbMV5TAxZpOzH.jpg,page_336.json,ok,
6963,The Weather Man,Comedy,images/6963_The_Weather_Man_Comedy.jpg,https://image.tmdb.org/t/p/original/oQilVzOxLPxvBn9hAuvGpKTpONM.jpg,page_336.json,ok,
1128959,The Christmas Classic,Comedy,images/1128959_The_Christmas_Classic_Comedy.jpg,https://image.tmdb.org/t/p/original/32LCCNLr7QHXkzQkT33ZxYhYa0d.jpg,page_336.json,ok,
442056,The Little Vampire 3D,Comedy,images/442056_The_Little_Vampire_3D_Comedy.jpg,https://image.tmdb.org/t/p/original/i9z2rBO4i5MhbvpEIxXZUoXSYUo.jpg,page_336.json,ok,
332666,Sleeping Dogs,Thriller,images/332666_Sleeping_Dogs_Thriller.jpg,https://image.tmdb.org/t/p/original/ccs7bP4fktRdBSGh6wcSaomzjh9.jpg,page_336.json,ok,
59996,Cold Heart,Thriller,images/59996_Cold_Heart_Thriller.jpg,https://image.tmdb.org/t/p/original/lXHPkjlXFlclX4KMq0wVGQ2KkQN.jpg,page_336.json,ok,
1231953,Five Blind Dates,Comedy,images/1231953_Five_Blind_Dates_Comedy.jpg,https://image.tmdb.org/t/p/original/nMFByoqAxTpiY7Irbvq4ugjjC0y.jpg,page_336.json,ok,
17097,After Sex,Comedy,images/17097_After_Sex_Comedy.jpg,https://image.tmdb.org/t/p/original/4n41P5CKHFFkQ3s8VJieNmqUkn7.jpg,page_336.json,ok,
472722,Party Boat,Comedy,images/472722_Party_Boat_Comedy.jpg,https://image.tmdb.org/t/p/original/kWk9NJvlEqIcl98wK3nQDYTFmys.jpg,page_337.json,ok,
387464,Hotdog Casserole,Comedy,images/387464_Hotdog_Casserole_Comedy.jpg,https://image.tmdb.org/t/p/original/m160MFD6ZPQmdiHzuicT9pjHFbi.jpg,page_336.json,ok,
351242,The Intervention,Comedy,images/351242_The_Intervention_Comedy.jpg,https://image.tmdb.org/t/p/original/yPgppin50E0pxKgL1lmKlFbhTF1.jpg,page_337.json,ok,
309304,Grandma,Comedy,images/309304_Grandma_Comedy.jpg,https://image.tmdb.org/t/p/original/4LW20TF4NfQgHj5rZs0d0cgxRjV.jpg,page_337.json,ok,
363016,Saugatuck Cures,Comedy,images/363016_Saugatuck_Cures_Comedy.jpg,https://image.tmdb.org/t/p/original/bhcaudYf8XG3aGev30DwhGmpP8u.jpg,page_337.json,ok,
460668,I Feel Pretty,Comedy,images/460668_I_Feel_Pretty_Comedy.jpg,https://image.tmdb.org/t/p/original/iuPs45XIxfARKPLEkCGXWUrBrTR.jpg,page_337.json,ok,
10611,Barbershop,Comedy,images/10611_Barbershop_Comedy.jpg,https://image.tmdb.org/t/p/original/up8cEgEsl2Dq5Djb9lMZYBK0s84.jpg,page_337.json,ok,
709126,Egg,Comedy,images/709126_Egg_Comedy.jpg,https://image.tmdb.org/t/p/original/9cqoA2tjZaoybohNPQ4bY0HWPFd.jpg,page_338.json,ok,
265090,Tennessee Queer,Comedy,images/265090_Tennessee_Queer_Comedy.jpg,https://image.tmdb.org/t/p/original/mFZLq94xj3sSiRyef6PsaIGNHwp.jpg,page_337.json,ok,
1056072,Lady Terror,Thriller,images/1056072_Lady_Terror_Thriller.jpg,https://image.tmdb.org/t/p/original/43noYEbn9LQsUJcEMwXplelskgi.jpg,page_337.json,ok,
186606,iSteve,Comedy,images/186606_iSteve_Comedy.jpg,https://image.tmdb.org/t/p/original/5DOCcRRWyljKq4Ysgs6PEDLRaIM.jpg,page_338.json,ok,
6538,Charlie Wilson's War,Comedy,images/6538_Charlie_Wilsons_War_Comedy.jpg,https://image.tmdb.org/t/p/original/45FghqcdSYRWK7PsHUInaFPNd8l.jpg,page_338.json,ok,
300451,Still,Thriller,images/300451_Still_Thriller.jpg,https://image.tmdb.org/t/p/original/wqYI5NTjeqcCFJoQWfZWvqdLx4x.jpg,page_338.json,ok,
399131,Dude,Comedy,images/399131_Dude_Comedy.jpg,https://image.tmdb.org/t/p/original/mtQyt1Tx3ppR18BZRUCQQ9VUPZW.jpg,page_338.json,ok,
393323,The BeQueather,Comedy,images/393323_The_BeQueather_Comedy.jpg,https://image.tmdb.org/t/p/original/1YelYwvKyR2zrTAXw6cd7JN3aFW.jpg,page_338.json,ok,
377587,Meet the Blacks,Comedy,images/377587_Meet_the_Blacks_Comedy.jpg,https://image.tmdb.org/t/p/original/4pemUf5lKEzgxGebxxMVKL5NHSW.jpg,page_338.json,ok,
152347,Mr. Stink,Comedy,images/152347_Mr._Stink_Comedy.jpg,https://image.tmdb.org/t/p/original/7Lergwt4FcSszwUks8QYzahOrsu.jpg,page_338.json,ok,
488165,Fountain,Comedy,images/488165_Fountain_Comedy.jpg,https://image.tmdb.org/t/p/original/5iOxLwqncSui9Du2HcHEF876dAe.jpg,page_338.json,ok,
836300,Sammy,Comedy,images/836300_Sammy_Comedy.jpg,https://image.tmdb.org/t/p/original/uY7v3yI5iUafjxxZOl53X5fGvzi.jpg,page_337.json,ok,
824281,Easter Sunday,Comedy,images/824281_Easter_Sunday_Comedy.jpg,https://image.tmdb.org/t/p/original/u7HNcXZDsf2fhWdgQhLZnSBnc1g.jpg,page_338.json,ok,
868774,Bagdad Cafe,Comedy,images/868774_Bagdad_Cafe_Comedy.jpg,https://image.tmdb.org/t/p/original/dDcvdkkqgM8o8yCwtGygsCyh3nI.jpg,page_338.json,ok,
35066,Born Romantic,Comedy,images/35066_Born_Romantic_Comedy.jpg,https://image.tmdb.org/t/p/original/okQsBtYgfKfbjtHZMdiEGWF40TY.jpg,page_339.json,ok,
65348,Dawning,Thriller,images/65348_Dawning_Thriller.jpg,https://image.tmdb.org/t/p/original/mZnf9KpeWXdW9UkpdeEQ0fuGMcN.jpg,page_338.json,ok,
831410,Bring It On: Cheer Or Die,Thriller,images/831410_Bring_It_On_Cheer_Or_Die_Thriller.jpg,https://image.tmdb.org/t/p/original/nw3dM0QsneYjBio0ggFpnVkuVvm.jpg,page_339.json,ok,
12418,Eve,Comedy,images/12418_Eve_Comedy.jpg,https://image.tmdb.org/t/p/original/pRyHW5otUPAIHFiCSyQTBNiI562.jpg,page_339.json,ok,
341035,Demon Baby,Thriller,images/341035_Demon_Baby_Thriller.jpg,https://image.tmdb.org/t/p/original/vaO0gdwMysLjjE7kScM2UWdyoSJ.jpg,page_339.json,ok,
422821,Blood Money,Thriller,images/422821_Blood_Money_Thriller.jpg,https://image.tmdb.org/t/p/original/yCvcvsP3w4CyiB3CLTxwaHBpKro.jpg,page_339.json,ok,
1514544,Self-Tape,Comedy,images/1514544_Self-Tape_Comedy.jpg,https://image.tmdb.org/t/p/original/6X6jxboyLjJb6F7lKEXFw0BqqoT.jpg,page_339.json,ok,
826188,The Gathering,Thriller,images/826188_The_Gathering_Thriller.jpg,https://image.tmdb.org/t/p/original/2yGFjR9OOQ16YEpGjX1QOnr4Aoc.jpg,page_339.json,ok,
10719,Elf,Comedy,images/10719_Elf_Comedy.jpg,https://image.tmdb.org/t/p/original/oOleziEempUPu96jkGs0Pj6tKxj.jpg,page_34.json,ok,
284536,The Gambler,Thriller,images/284536_The_Gambler_Thriller.jpg,https://image.tmdb.org/t/p/original/hIgU3cxn7Y87joQGM3srofnXOm5.jpg,page_340.json,ok,
13448,Angels & Demons,Thriller,images/13448_Angels__Demons_Thriller.jpg,https://image.tmdb.org/t/p/original/tFZQAuulEOtFTp0gHbVdEXwGrYe.jpg,page_34.json,ok,
834547,Chick Magnets,Comedy,images/834547_Chick_Magnets_Comedy.jpg,https://image.tmdb.org/t/p/original/hzJMlCrE4PeyB05nL2jcespafI6.jpg,page_337.json,ok,
1283707,Shadow Land,Thriller,images/1283707_Shadow_Land_Thriller.jpg,https://image.tmdb.org/t/p/original/n6tk8oqhUki6Zp4PIuQqr1aTSXq.jpg,page_34.json,ok,
9298,Ali G Indahouse,Comedy,images/9298_Ali_G_Indahouse_Comedy.jpg,https://image.tmdb.org/t/p/original/pjKvQrVpekshVM6DUDOt3ImhAVH.jpg,page_340.json,ok,
1530301,Do Exactly as I Say,Thriller,images/1530301_Do_Exactly_as_I_Say_Thriller.jpg,https://image.tmdb.org/t/p/original/wz7jZVzhbwyU1Z2IwHX1GctlMrY.jpg,page_340.json,ok,
27616,Universal Remote,Comedy,images/27616_Universal_Remote_Comedy.jpg,https://image.tmdb.org/t/p/original/eJySLT47sE7vM5yGYIki5dboAQ6.jpg,page_340.json,ok,
880578,The Retrospective,Comedy,images/880578_The_Retrospective_Comedy.jpg,https://image.tmdb.org/t/p/original/8EtF7WZdSuaxMrKLf4v6fjP6YTi.jpg,page_340.json,ok,
756371,Kitty Mammas,Comedy,images/756371_Kitty_Mammas_Comedy.jpg,https://image.tmdb.org/t/p/original/bgeh9NIOXCGMl841ZK6mumoq4pX.jpg,page_340.json,ok,
582570,Sextuplets,Comedy,images/582570_Sextuplets_Comedy.jpg,https://image.tmdb.org/t/p/original/ztGSEcowBoHyRwcK0s5kIKVVXwy.jpg,page_340.json,ok,
418833,Top Knot Detective,Comedy,images/418833_Top_Knot_Detective_Comedy.jpg,https://image.tmdb.org/t/p/original/5VeW2xgFbOOlJsxOa0psfHA0rU2.jpg,page_340.json,ok,
169790,Awful Nice,Comedy,images/169790_Awful_Nice_Comedy.jpg,https://image.tmdb.org/t/p/original/td6kN56msj9BaAOGJfaOOB1ouFv.jpg,page_341.json,ok,
393449,Free Hugs,Comedy,images/393449_Free_Hugs_Comedy.jpg,https://image.tmdb.org/t/p/original/4uXNUgQTveIxpgd3ifTkLgZVUB8.jpg,page_341.json,ok,
1229759,Full Time,Comedy,images/1229759_Full_Time_Comedy.jpg,https://image.tmdb.org/t/p/original/lqL2bkoZtZ4xXlr0BKzqtu0piQz.jpg,page_341.json,ok,
1246310,Madea's Destination Wedding,Comedy,images/1246310_Madeas_Destination_Wedding_Comedy.jpg,https://image.tmdb.org/t/p/original/jwMwRucnAROgWo9WLLmIqzHmmzi.jpg,page_341.json,ok,
842927,State of Consciousness,Thriller,images/842927_State_of_Consciousness_Thriller.jpg,https://image.tmdb.org/t/p/original/6sdKYVGIrUTIHZZxUJf1PdBPN5e.jpg,page_341.json,ok,
707886,Feel the Beat,Comedy,images/707886_Feel_the_Beat_Comedy.jpg,https://image.tmdb.org/t/p/original/Af2jt7m9GLFpR4V11xOsFmT8OKD.jpg,page_342.json,ok,
494007,Pink Elephant,Comedy,images/494007_Pink_Elephant_Comedy.jpg,https://image.tmdb.org/t/p/original/wOMg5JQMX5cY07h4IEoylqLq5FM.jpg,page_340.json,ok,
183754,White Out,Thriller,images/183754_White_Out_Thriller.jpg,https://image.tmdb.org/t/p/original/xsluuGbB4L7F2R5WZbZ1yWttU17.jpg,page_342.json,ok,
34299,Beautiful,Comedy,images/34299_Beautiful_Comedy.jpg,https://image.tmdb.org/t/p/original/aTjJFrADfQhyp9gDgY71YSxf2Ks.jpg,page_342.json,ok,
24881,Love Hurts,Comedy,images/24881_Love_Hurts_Comedy.jpg,https://image.tmdb.org/t/p/original/2YKxwZMbbgwjvf9cDPgtFwyOdnJ.jpg,page_342.json,ok,
13477,When in Rome,Comedy,images/13477_When_in_Rome_Comedy.jpg,https://image.tmdb.org/t/p/original/pteIGpJpgh2aUh3jMqZnomB1rw1.jpg,page_342.json,ok,
38073,Going the Distance,Comedy,images/38073_Going_the_Distance_Comedy.jpg,https://image.tmdb.org/t/p/original/tTllmSew3nsizpzWNWKUkOuANhm.jpg,page_342.json,ok,
578908,Bad Trip,Comedy,images/578908_Bad_Trip_Comedy.jpg,https://image.tmdb.org/t/p/original/A1Gy5HX3DKGaNW1Ay30NTIVJqJ6.jpg,page_342.json,ok,
60703,Wilder,Thriller,images/60703_Wilder_Thriller.jpg,https://image.tmdb.org/t/p/original/h24b4qqpEU5ogs12LNvvr7j1ABi.jpg,page_342.json,ok,
543000,Nostalgila,Comedy,images/543000_Nostalgila_Comedy.jpg,https://image.tmdb.org/t/p/original/gIV6NKXDkhubDHEI3v3f8uaQtjY.jpg,page_342.json,ok,
1227480,Armstrong,Comedy,images/1227480_Armstrong_Comedy.jpg,https://image.tmdb.org/t/p/original/lb4XGqaJqmcmljl5q6uyPjj2d9Y.jpg,page_339.json,ok,
59333,Official Rejection,Comedy,images/59333_Official_Rejection_Comedy.jpg,https://image.tmdb.org/t/p/original/mwOxNF29E3gKKw3fpxoJfB0cIGr.jpg,page_342.json,ok,
49057,The Trial,Comedy,images/49057_The_Trial_Comedy.jpg,https://image.tmdb.org/t/p/original/jM5jAE7lHznh2JbK5yGxThGkL4l.jpg,page_342.json,ok,
58547,10 Years,Comedy,images/58547_10_Years_Comedy.jpg,https://image.tmdb.org/t/p/original/AuCM5jU751cMLKOtHybzUoL6RaX.jpg,page_343.json,ok,
1457374,Deadly Escape,Thriller,images/1457374_Deadly_Escape_Thriller.jpg,https://image.tmdb.org/t/p/original/p5l8DwZN0agkazTowAvBhEKHXzT.jpg,page_343.json,ok,
1369755,Entropy,Thriller,images/1369755_Entropy_Thriller.jpg,https://image.tmdb.org/t/p/original/uAKisBxccxSUS57Fn5QSNUrhkm6.jpg,page_343.json,ok,
800815,The Pale Blue Eye,Thriller,images/800815_The_Pale_Blue_Eye_Thriller.jpg,https://image.tmdb.org/t/p/original/9xkGlFRqrN8btTLU0KQvOfn2PHr.jpg,page_343.json,ok,
15648,The Perfect Man,Comedy,images/15648_The_Perfect_Man_Comedy.jpg,https://image.tmdb.org/t/p/original/s1zaWMtjzw1hm5tPXm2GLFJaCfY.jpg,page_343.json,ok,
316709,Patient Killer,Thriller,images/316709_Patient_Killer_Thriller.jpg,https://image.tmdb.org/t/p/original/uXEF8qxRDO63vselloatRPyIN8R.jpg,page_344.json,ok,
1449550,Lethal Desire,Thriller,images/1449550_Lethal_Desire_Thriller.jpg,https://image.tmdb.org/t/p/original/aOKyhAwzRtpKH0VWrEiizWRiOWC.jpg,page_344.json,ok,
262338,Good People,Thriller,images/262338_Good_People_Thriller.jpg,https://image.tmdb.org/t/p/original/yyKGkcUcMcDPqLA35QWfJ5Ft4dn.jpg,page_344.json,ok,
38280,Choking Man,Comedy,images/38280_Choking_Man_Comedy.jpg,https://image.tmdb.org/t/p/original/4oIQ8hvyGeknbqDa9pC0xS4NayZ.jpg,page_344.json,ok,
1165502,The Anne Frank Gift Shop,Comedy,images/1165502_The_Anne_Frank_Gift_Shop_Comedy.jpg,https://image.tmdb.org/t/p/original/slxlAgc9gJyFvXDfwwjjHmmAWoe.jpg,page_342.json,ok,
937348,Taylor Tomlinson: Look at You,Comedy,images/937348_Taylor_Tomlinson_Look_at_You_Comedy.jpg,https://image.tmdb.org/t/p/original/de8ZRKr0TEFTuvdvlolIt6bLJUk.jpg,page_344.json,ok,
802107,Coronavirus Conspiracy,Comedy,images/802107_Coronavirus_Conspiracy_Comedy.jpg,https://image.tmdb.org/t/p/original/n46PGOdBPBfoguyCHo9bDHGHVD5.jpg,page_344.json,ok,
97805,Wirey Spindell,Comedy,images/97805_Wirey_Spindell_Comedy.jpg,https://image.tmdb.org/t/p/original/4G8TwEngXbAnuLKQvOZ2qbODnh5.jpg,page_343.json,ok,
1214581,Carmen & Moony,Comedy,images/1214581_Carmen__Moony_Comedy.jpg,https://image.tmdb.org/t/p/original/hBvTXnjXkZ2UDCroahiiGCVlZE9.jpg,page_344.json,ok,
1105422,Sentimental Value,Comedy,images/1105422_Sentimental_Value_Comedy.jpg,https://image.tmdb.org/t/p/original/9PpGfbepwpX7BiHoyyjZgC7bEp9.jpg,page_344.json,ok,
12573,A Serious Man,Comedy,images/12573_A_Serious_Man_Comedy.jpg,https://image.tmdb.org/t/p/original/5gGxDS8WmrebPlMHexVS8EVehiP.jpg,page_344.json,ok,
1275003,Spirit in the Blood,Thriller,images/1275003_Spirit_in_the_Blood_Thriller.jpg,https://image.tmdb.org/t/p/original/1rEGnHwe4BqiARrjzcan6tmIisK.jpg,page_344.json,ok,
597628,Pozole,Comedy,images/597628_Pozole_Comedy.jpg,https://image.tmdb.org/t/p/original/zCWrYcx54kbKSIg5UvFBfLRBpxn.jpg,page_344.json,ok,
1056746,The Trouble with Jessica,Comedy,images/1056746_The_Trouble_with_Jessica_Comedy.jpg,https://image.tmdb.org/t/p/original/9wCT73zvdbX8gkvocS5nU68T1IG.jpg,page_344.json,ok,
80384,Breaking Wind,Comedy,images/80384_Breaking_Wind_Comedy.jpg,https://image.tmdb.org/t/p/original/vU7kTesoBciyayvATmERXDWoZdO.jpg,page_345.json,ok,
1417216,Bikini Bowl-O-Rama,Comedy,images/1417216_Bikini_Bowl-O-Rama_Comedy.jpg,https://image.tmdb.org/t/p/original/2kEBshY2ihP2Lv4Wv4lofoy76iK.jpg,page_345.json,ok,
88830,Midsummer Madness,Comedy,images/88830_Midsummer_Madness_Comedy.jpg,https://image.tmdb.org/t/p/original/gJnLUESTDYY1ufdTLrENmzyFjek.jpg,page_345.json,ok,
749505,The Estate,Comedy,images/749505_The_Estate_Comedy.jpg,https://image.tmdb.org/t/p/original/uJmFCDJXYZHL5ArCel1xtQAqb8z.jpg,page_345.json,ok,
426030,Finding Your Feet,Comedy,images/426030_Finding_Your_Feet_Comedy.jpg,https://image.tmdb.org/t/p/original/p54LOicUXx2T5U5nIEJCIOhsAhk.jpg,page_345.json,ok,
819646,Manhunt,Thriller,images/819646_Manhunt_Thriller.jpg,https://image.tmdb.org/t/p/original/tUcmlw0lhVRjBTMcJ7beufweH73.jpg,page_345.json,ok,
474568,A Lover Betrayed,Thriller,images/474568_A_Lover_Betrayed_Thriller.jpg,https://image.tmdb.org/t/p/original/a4EvAIKfgVKMa7CufPfzAh8Oie0.jpg,page_345.json,ok,
81010,Ticket Out,Thriller,images/81010_Ticket_Out_Thriller.jpg,https://image.tmdb.org/t/p/original/fXdD38aIU43w3Y3Jf7bRE8ZTGVS.jpg,page_345.json,ok,
1412592,The Touch,Comedy,images/1412592_The_Touch_Comedy.jpg,https://image.tmdb.org/t/p/original/ue95An0WbciwGxthua5hWWzqHnl.jpg,page_343.json,ok,
478369,The Policy,Comedy,images/478369_The_Policy_Comedy.jpg,https://image.tmdb.org/t/p/original/pCG8MiNOBkBIsixMFrlKnezV9ym.jpg,page_341.json,ok,
410580,Color of Pain,Thriller,images/410580_Color_of_Pain_Thriller.jpg,https://image.tmdb.org/t/p/original/lEFj2tLYgRe2rszZSMjYeeL4GiI.jpg,page_345.json,ok,
650842,Workshop,Comedy,images/650842_Workshop_Comedy.jpg,https://image.tmdb.org/t/p/original/1x90xXGrqQ8xAnwRORzbyedkLAB.jpg,page_345.json,ok,
830721,The Miracle Club,Comedy,images/830721_The_Miracle_Club_Comedy.jpg,https://image.tmdb.org/t/p/original/5MOOL38IZTylA7K04FvJ4PaklaI.jpg,page_345.json,ok,
187263,True Love,Thriller,images/187263_True_Love_Thriller.jpg,https://image.tmdb.org/t/p/original/dSDb91ir36zCmf22QKt5SVNJFCi.jpg,page_346.json,ok,
80179,Franswa Sharl,Comedy,images/80179_Franswa_Sharl_Comedy.jpg,https://image.tmdb.org/t/p/original/1yHbqXmRhNvzsgfi7lDwtDnSumh.jpg,page_346.json,ok,
842931,Sacramento,Comedy,images/842931_Sacramento_Comedy.jpg,https://image.tmdb.org/t/p/original/bFVMofcWhaz3aHybe4CjuiP4hxp.jpg,page_346.json,ok,
26541,The Tesseract,Thriller,images/26541_The_Tesseract_Thriller.jpg,https://image.tmdb.org/t/p/original/nk7ReOEX2Mp8z2g18F62WrBzBHQ.jpg,page_346.json,ok,
319989,Never Alone,Thriller,images/319989_Never_Alone_Thriller.jpg,https://image.tmdb.org/t/p/original/9lmCT9N7b3hbDrAQyUTGCgrToTI.jpg,page_346.json,ok,
287415,Free Fall,Thriller,images/287415_Free_Fall_Thriller.jpg,https://image.tmdb.org/t/p/original/8C0TgIkII4zh1xLES8UddqOD4Su.jpg,page_346.json,ok,
109443,Anchorman 2: The Legend Continues,Comedy,images/109443_Anchorman_2_The_Legend_Continues_Comedy.jpg,https://image.tmdb.org/t/p/original/BAdmxMdCqzjs6hx3KuEtnoWP8d.jpg,page_346.json,ok,
277355,Everly,Thriller,images/277355_Everly_Thriller.jpg,https://image.tmdb.org/t/p/original/zYopOcb4VQQpcyJBtceyWKwYXsy.jpg,page_347.json,ok,
986672,Twisted,Thriller,images/986672_Twisted_Thriller.jpg,https://image.tmdb.org/t/p/original/lH7Rcwi1yrNKiojDy7vWRVWoGUG.jpg,page_347.json,ok,
26602,Summer Catch,Comedy,images/26602_Summer_Catch_Comedy.jpg,https://image.tmdb.org/t/p/original/hMp5Iev56BUu3xJGpAeCCPC1ZwY.jpg,page_347.json,ok,
26847,Santa Baby,Comedy,images/26847_Santa_Baby_Comedy.jpg,https://image.tmdb.org/t/p/original/42zv9dVVbTZ7tNwEG0cAk28FUSX.jpg,page_347.json,ok,
9899,The Producers,Comedy,images/9899_The_Producers_Comedy.jpg,https://image.tmdb.org/t/p/original/nG0Bix2SH2SQcbAIGhb6yqTG5UH.jpg,page_347.json,ok,
572210,Moms at War,Comedy,images/572210_Moms_at_War_Comedy.jpg,https://image.tmdb.org/t/p/original/xtAMT6iymTckSOHDb2nrWxuYzwl.jpg,page_346.json,ok,
70554,Adopt a Sailor,Comedy,images/70554_Adopt_a_Sailor_Comedy.jpg,https://image.tmdb.org/t/p/original/qNOEaTR3LqI04r2pd3VkuYUztkh.jpg,page_348.json,ok,
1206008,Ella McCay,Comedy,images/1206008_Ella_McCay_Comedy.jpg,https://image.tmdb.org/t/p/original/ApkaYUDPCYMdwiuE2FuS8xHcFpz.jpg,page_347.json,ok,
376660,The Edge of Seventeen,Comedy,images/376660_The_Edge_of_Seventeen_Comedy.jpg,https://image.tmdb.org/t/p/original/iY5UEYuGxHfaYJ3vAUAWwFGMV7V.jpg,page_348.json,ok,
10727,Darkness Falls,Thriller,images/10727_Darkness_Falls_Thriller.jpg,https://image.tmdb.org/t/p/original/qoceKsM15yL5Tmyuhkdl7vM5Vi4.jpg,page_348.json,ok,
13121,Teeth,Comedy,images/13121_Teeth_Comedy.jpg,https://image.tmdb.org/t/p/original/p7OIPkN2LOBprQxQx7EZBa6m6W4.jpg,page_347.json,ok,
204149,...Or Die,Comedy,images/204149_...Or_Die_Comedy.jpg,https://image.tmdb.org/t/p/original/ypmfH9O6UVOguT1UZM3TifBM4ij.jpg,page_348.json,ok,
9760,Epic Movie,Comedy,images/9760_Epic_Movie_Comedy.jpg,https://image.tmdb.org/t/p/original/l0lGJiTzU2Ce6T31DIRWv7I0kaC.jpg,page_348.json,ok,
11452,National Lampoon's Van Wilder,Comedy,images/11452_National_Lampoons_Van_Wilder_Comedy.jpg,https://image.tmdb.org/t/p/original/4IvM4qnzlo62oLmS54FtyRt54ze.jpg,page_348.json,ok,
166792,Burnt Toast,Comedy,images/166792_Burnt_Toast_Comedy.jpg,https://image.tmdb.org/t/p/original/nFNhqpP6tj3BtJlVad3fNETZUym.jpg,page_348.json,ok,
10981,Nothing,Comedy,images/10981_Nothing_Comedy.jpg,https://image.tmdb.org/t/p/original/vefWBq6xpeMYtF7ROgGfXLdp5Qu.jpg,page_349.json,ok,
71116,DotCom,Comedy,images/71116_DotCom_Comedy.jpg,https://image.tmdb.org/t/p/original/1b3XxdNwhIb8mOZIkQJ6arPvZyS.jpg,page_348.json,ok,
531454,Eurovision Song Contest: The Story of Fire Saga,Comedy,images/531454_Eurovision_Song_Contest_The_Story_of_Fire_Saga_Comedy.jpg,https://image.tmdb.org/t/p/original/9zrbgYyFvwH8sy5mv9eT25xsAzL.jpg,page_348.json,ok,
714968,Plan A,Thriller,images/714968_Plan_A_Thriller.jpg,https://image.tmdb.org/t/p/original/iHCcn6100h2HMWx83OdQtZXuhSR.jpg,page_348.json,ok,
561757,Church People,Comedy,images/561757_Church_People_Comedy.jpg,https://image.tmdb.org/t/p/original/becxYt8bdptEkAjX9NkxdC7pYqv.jpg,page_348.json,ok,
67660,Think Like a Man,Comedy,images/67660_Think_Like_a_Man_Comedy.jpg,https://image.tmdb.org/t/p/original/kfIrKVPDzXJDBzPnFEuoatlaZPW.jpg,page_349.json,ok,
17141,Blood Car,Comedy,images/17141_Blood_Car_Comedy.jpg,https://image.tmdb.org/t/p/original/h0RxUjcRRGOT2apzgpdnpwwI3mF.jpg,page_349.json,ok,
908762,My Fake Boyfriend,Comedy,images/908762_My_Fake_Boyfriend_Comedy.jpg,https://image.tmdb.org/t/p/original/7l9qEWdSzki33Q3SKD1d5uvJBEo.jpg,page_349.json,ok,
711696,Mighty Oak,Comedy,images/711696_Mighty_Oak_Comedy.jpg,https://image.tmdb.org/t/p/original/558uVM7dVqT35hNy1SKMRcpTdhi.jpg,page_349.json,ok,
754857,Rehab Cabin,Comedy,images/754857_Rehab_Cabin_Comedy.jpg,https://image.tmdb.org/t/p/original/d8BkGvUByjzc5amUmlqh63nHHLU.jpg,page_349.json,ok,
8488,Hitch,Comedy,images/8488_Hitch_Comedy.jpg,https://image.tmdb.org/t/p/original/x3W9H3nhGQbWSlyI8Amp2F6Z6cz.jpg,page_35.json,ok,
339308,The Unscarred,Thriller,images/339308_The_Unscarred_Thriller.jpg,https://image.tmdb.org/t/p/original/tgBRIucjHxtLUXO7HJiK54SteUb.jpg,page_35.json,ok,
7326,Juno,Comedy,images/7326_Juno_Comedy.jpg,https://image.tmdb.org/t/p/original/jNIn2tVhpvFD6P9IojldI3mNYcn.jpg,page_35.json,ok,
451294,Yellow Fever,Comedy,images/451294_Yellow_Fever_Comedy.jpg,https://image.tmdb.org/t/p/original/uPFEOGOl02k2K6EWVnMRUOvFkUu.jpg,page_349.json,ok,
9890,The Stepford Wives,Comedy,images/9890_The_Stepford_Wives_Comedy.jpg,https://image.tmdb.org/t/p/original/ygr0Wlmm1KmE16TUefNitIscVBG.jpg,page_35.json,ok,
122930,Breathless,Comedy,images/122930_Breathless_Comedy.jpg,https://image.tmdb.org/t/p/original/eOo4VUHU1qwrAS7xf8PqaMSHj0x.jpg,page_350.json,ok,
960363,Bad Comments,Comedy,images/960363_Bad_Comments_Comedy.jpg,https://image.tmdb.org/t/p/original/kJA8moC8HwMiaJCtsy6pKbSLbep.jpg,page_350.json,ok,
22419,Camille,Comedy,images/22419_Camille_Comedy.jpg,https://image.tmdb.org/t/p/original/1rRHC7aOlDiijXJHyy4hkwLdJck.jpg,page_350.json,ok,
258339,Vidiots,Comedy,images/258339_Vidiots_Comedy.jpg,https://image.tmdb.org/t/p/original/jjrCZc0aekjIdN8Nmd9oIBF4eoe.jpg,page_350.json,ok,
15104,Tortilla Soup,Comedy,images/15104_Tortilla_Soup_Comedy.jpg,https://image.tmdb.org/t/p/original/2JTgaodnScJHIyRrQTtaawOd949.jpg,page_350.json,ok,
554305,Doe,Thriller,images/554305_Doe_Thriller.jpg,https://image.tmdb.org/t/p/original/zZQt2Wfo2qRFN041qNoqspI38FU.jpg,page_350.json,ok,
950265,Pragma,Comedy,images/950265_Pragma_Comedy.jpg,https://image.tmdb.org/t/p/original/huS3CBT8n3OY1ILrRugnfoPPYi6.jpg,page_350.json,ok,
608075,Hustlas,Comedy,images/608075_Hustlas_Comedy.jpg,https://image.tmdb.org/t/p/original/uHiYh7EI4WdCtDLrKoow4eMQ3yh.jpg,page_351.json,ok,
91391,The Overbrook Brothers,Comedy,images/91391_The_Overbrook_Brothers_Comedy.jpg,https://image.tmdb.org/t/p/original/bmUXW74DB1zppjTSVoit9lBkMgv.jpg,page_351.json,ok,
1121777,Hell Hath No Fury,Comedy,images/1121777_Hell_Hath_No_Fury_Comedy.jpg,https://image.tmdb.org/t/p/original/tAP9hkfI5vSTohgDS53Ia3jCyZ1.jpg,page_350.json,ok,
512196,Happy Death Day 2U,Comedy,images/512196_Happy_Death_Day_2U_Comedy.jpg,https://image.tmdb.org/t/p/original/4tdnePOkOOzwuGPEOAHp8UA4vqx.jpg,page_350.json,ok,
732861,Ted Skates,Comedy,images/732861_Ted_Skates_Comedy.jpg,https://image.tmdb.org/t/p/original/7dQZDlH5dsdRmm0aOHFr7pxOVb3.jpg,page_351.json,ok,
1330747,Odyssey,Thriller,images/1330747_Odyssey_Thriller.jpg,https://image.tmdb.org/t/p/original/ldXDkCXnCdGmZO7XHAumUGoD9UW.jpg,page_351.json,ok,
768447,Motherly,Thriller,images/768447_Motherly_Thriller.jpg,https://image.tmdb.org/t/p/original/wmh1likQEetSLIUs5MAvfWjEayY.jpg,page_351.json,ok,
1286002,Day Labor,Thriller,images/1286002_Day_Labor_Thriller.jpg,https://image.tmdb.org/t/p/original/f2fAJUg2zRBSxO2R6xvakgUtyM4.jpg,page_350.json,ok,
3511,The Broken,Thriller,images/3511_The_Broken_Thriller.jpg,https://image.tmdb.org/t/p/original/3cHCv6SE9UmBrfkczRmT4JHBQCq.jpg,page_352.json,ok,
102362,Dead Man Down,Thriller,images/102362_Dead_Man_Down_Thriller.jpg,https://image.tmdb.org/t/p/original/8xWo2WE36JdBwlCmwvXM4bb5rBg.jpg,page_351.json,ok,
256467,Honour,Thriller,images/256467_Honour_Thriller.jpg,https://image.tmdb.org/t/p/original/px2l1oU3lzT666eYacgIZeWPlGg.jpg,page_351.json,ok,
162639,Scenes from a Gay Marriage,Comedy,images/162639_Scenes_from_a_Gay_Marriage_Comedy.jpg,https://image.tmdb.org/t/p/original/mDX7kwqbd2FrJeVViGDtoaWGbLW.jpg,page_352.json,ok,
705105,Unicorns,Comedy,images/705105_Unicorns_Comedy.jpg,https://image.tmdb.org/t/p/original/mFoJfckLu8y1d8qcgRHql1V4CHB.jpg,page_351.json,ok,
15420,The Plague,Thriller,images/15420_The_Plague_Thriller.jpg,https://image.tmdb.org/t/p/original/oC1IDjpUXbWwmJnWGb9FBldinoG.jpg,page_352.json,ok,
1468479,Day One,Comedy,images/1468479_Day_One_Comedy.jpg,https://image.tmdb.org/t/p/original/8YxvC6UGOuXQTdikqbXpEdQOdZc.jpg,page_353.json,ok,
14390,Double Whammy,Comedy,images/14390_Double_Whammy_Comedy.jpg,https://image.tmdb.org/t/p/original/AvyjEU4VEhAtnOxjC9NaTtiPXlZ.jpg,page_352.json,ok,
47203,Entrusted,Thriller,images/47203_Entrusted_Thriller.jpg,https://image.tmdb.org/t/p/original/pLTdePC8thl7m7MGtKzMPRao2On.jpg,page_352.json,ok,
1121899,Hard Copy,Thriller,images/1121899_Hard_Copy_Thriller.jpg,https://image.tmdb.org/t/p/original/rmeFSzjQKlFQ5Arwh7UGu23odAM.jpg,page_353.json,ok,
71443,The Hustle,Comedy,images/71443_The_Hustle_Comedy.jpg,https://image.tmdb.org/t/p/original/mz4SDU1rPDHfevKmdUPMhQgkQKp.jpg,page_353.json,ok,
292108,The Hunted,Thriller,images/292108_The_Hunted_Thriller.jpg,https://image.tmdb.org/t/p/original/l34Zwkl914ZmnrZ4Mi6wwlRYZvZ.jpg,page_353.json,ok,
560362,Rattlesnake,Thriller,images/560362_Rattlesnake_Thriller.jpg,https://image.tmdb.org/t/p/original/cEr3S3Atr4eRlHmMOA1GvaX0f4p.jpg,page_353.json,ok,
10985,The New Guy,Comedy,images/10985_The_New_Guy_Comedy.jpg,https://image.tmdb.org/t/p/original/aekXSzkn3zry6aummMl7AU4rSa8.jpg,page_353.json,ok,
1304012,Izakaya Moheji 4,Comedy,images/1304012_Izakaya_Moheji_4_Comedy.jpg,https://image.tmdb.org/t/p/original/m3lXQYP6n94rQQ1xD61Ae3rXhcg.jpg,page_354.json,ok,
1192077,Exile,Thriller,images/1192077_Exile_Thriller.jpg,https://image.tmdb.org/t/p/original/gfHHOvkDAJPVz5gErSn7AMg0V3x.jpg,page_353.json,ok,
644831,Blithe Spirit,Comedy,images/644831_Blithe_Spirit_Comedy.jpg,https://image.tmdb.org/t/p/original/phX4R5hjaavV2w1EcMXCtL5uDP.jpg,page_353.json,ok,
237584,Mojave,Thriller,images/237584_Mojave_Thriller.jpg,https://image.tmdb.org/t/p/original/eZLpBNG84wAI5c9XCQBa7w78ElX.jpg,page_354.json,ok,
1127407,Frankie Freako,Comedy,images/1127407_Frankie_Freako_Comedy.jpg,https://image.tmdb.org/t/p/original/8xjOFXj0CHy5Mp6Wfsr2iIXTtZ5.jpg,page_353.json,ok,
961516,Never Better,Comedy,images/961516_Never_Better_Comedy.jpg,https://image.tmdb.org/t/p/original/pC7oA0ehfmSEMUhspxAUAHTpOvB.jpg,page_354.json,ok,
241047,House of Bad,Thriller,images/241047_House_of_Bad_Thriller.jpg,https://image.tmdb.org/t/p/original/dmEyr8CGwR5fbRqMN0tjTURLKHg.jpg,page_354.json,ok,
914216,The Lost King,Comedy,images/914216_The_Lost_King_Comedy.jpg,https://image.tmdb.org/t/p/original/f3kOebicMlDMrfe0kTJ2YxqnFw0.jpg,page_354.json,ok,
39250,"Cor, Blimey!",Comedy,images/39250_Cor_Blimey_Comedy.jpg,https://image.tmdb.org/t/p/original/cDSILfmZuO2gGlCOAgatjZVXHUf.jpg,page_354.json,ok,
11456,Domestic Disturbance,Thriller,images/11456_Domestic_Disturbance_Thriller.jpg,https://image.tmdb.org/t/p/original/quRhjnXAuIn04VmgM84nmKzt79J.jpg,page_354.json,ok,
14220,Strange Wilderness,Comedy,images/14220_Strange_Wilderness_Comedy.jpg,https://image.tmdb.org/t/p/original/6tamhOw4dSgn4lonjZyhEhIt9Wm.jpg,page_354.json,ok,
84575,Tooth Fairy 2,Comedy,images/84575_Tooth_Fairy_2_Comedy.jpg,https://image.tmdb.org/t/p/original/oIkcTCUdvc5fDyG2IxdCd26hRQ7.jpg,page_354.json,ok,
562482,The Collection,Thriller,images/562482_The_Collection_Thriller.jpg,https://image.tmdb.org/t/p/original/9OM3mhxyQCjTNVkYzNrUXg8qhd4.jpg,page_355.json,ok,
399197,Bikini Warriors,Comedy,images/399197_Bikini_Warriors_Comedy.jpg,https://image.tmdb.org/t/p/original/dRZzRTQ2hZwSqyFNZmOLMHJ9fTy.jpg,page_355.json,ok,
749552,The Pom Pom Murders,Thriller,images/749552_The_Pom_Pom_Murders_Thriller.jpg,https://image.tmdb.org/t/p/original/tJomo6gVGaYYDuFUzDDMZlpnNNs.jpg,page_355.json,ok,
10426,Friday After Next,Comedy,images/10426_Friday_After_Next_Comedy.jpg,https://image.tmdb.org/t/p/original/sxHFGPKLWj9e3aaA6wGVxghoiPE.jpg,page_354.json,ok,
418704,The Night Before Halloween,Thriller,images/418704_The_Night_Before_Halloween_Thriller.jpg,https://image.tmdb.org/t/p/original/cJvuaCpKsjnAegvNXLoPTS188LZ.jpg,page_355.json,ok,
1083575,Empress ClawScream,Comedy,images/1083575_Empress_ClawScream_Comedy.jpg,https://image.tmdb.org/t/p/original/sh6H9BZ8HtQPRpCQXOeiFfckrA3.jpg,page_355.json,ok,
748948,A Compton Story,Comedy,images/748948_A_Compton_Story_Comedy.jpg,https://image.tmdb.org/t/p/original/hD3in29pZO1a0f91ff4IYMPPwBt.jpg,page_355.json,ok,
288828,Goldberg - P.I.,Comedy,images/288828_Goldberg_-_P.I._Comedy.jpg,https://image.tmdb.org/t/p/original/65IRtzXOdk2nbKOmuR2bxORsU0b.jpg,page_355.json,ok,
870277,Shush,Thriller,images/870277_Shush_Thriller.jpg,https://image.tmdb.org/t/p/original/ruuvZIaWBGSd6y6Z9Ox2Oiatqm4.jpg,page_352.json,ok,
1169405,Fatal Justice,Thriller,images/1169405_Fatal_Justice_Thriller.jpg,https://image.tmdb.org/t/p/original/mXRU9j4quVcQQxeuo5wPEtkBoF.jpg,page_356.json,ok,
569305,Laying Out,Comedy,images/569305_Laying_Out_Comedy.jpg,https://image.tmdb.org/t/p/original/trxD70CMsPkecv5xBFnmIjBX72R.jpg,page_355.json,ok,
287358,High Moon,Thriller,images/287358_High_Moon_Thriller.jpg,https://image.tmdb.org/t/p/original/xddqWOasgohkMNsKuw9Kyq5Uoae.jpg,page_356.json,ok,
431503,Essex Spacebin,Comedy,images/431503_Essex_Spacebin_Comedy.jpg,https://image.tmdb.org/t/p/original/f0sQ6APwv1RQaeiVjQnHM47TVZO.jpg,page_356.json,ok,
3638,No Reservations,Comedy,images/3638_No_Reservations_Comedy.jpg,https://image.tmdb.org/t/p/original/eKqfRSf0DZ0Qey1f9ZHuZfsmXVR.jpg,page_356.json,ok,
28635,Wishmaster 3: Beyond the Gates of Hell,Thriller,images/28635_Wishmaster_3_Beyond_the_Gates_of_Hell_Thriller.jpg,https://image.tmdb.org/t/p/original/aQaOymRoRpNBFOaFRnoxXj6dwJv.jpg,page_356.json,ok,
942894,Avarice,Thriller,images/942894_Avarice_Thriller.jpg,https://image.tmdb.org/t/p/original/4uhSK3rq6aymSlzgoX3EKm1y2sf.jpg,page_356.json,ok,
339201,Kissing Strangers,Comedy,images/339201_Kissing_Strangers_Comedy.jpg,https://image.tmdb.org/t/p/original/a4MbaTbGn3Omec8vhZDmEFx4Kyg.jpg,page_356.json,ok,
844398,Shattered,Thriller,images/844398_Shattered_Thriller.jpg,https://image.tmdb.org/t/p/original/h6buNalHVFyBRQFLQKqzkvshQWc.jpg,page_356.json,ok,
387773,Little Bitches,Comedy,images/387773_Little_Bitches_Comedy.jpg,https://image.tmdb.org/t/p/original/9qmyiAMBAF80DdNItPGdG5BcdZV.jpg,page_356.json,ok,
226458,Exeter,Thriller,images/226458_Exeter_Thriller.jpg,https://image.tmdb.org/t/p/original/AwhFI88HW2BE62E6kEsTGPliZKB.jpg,page_356.json,ok,
714375,Fatal Affair,Thriller,images/714375_Fatal_Affair_Thriller.jpg,https://image.tmdb.org/t/p/original/f4EAJ6PXNbxBb2xrdTrT2SlJlCH.jpg,page_356.json,ok,
206419,Red Line,Thriller,images/206419_Red_Line_Thriller.jpg,https://image.tmdb.org/t/p/original/oQ8ghqM9MWGr1ct5W6SAzR3IQc3.jpg,page_357.json,ok,
97855,Left and Loose in THE LOT,Comedy,images/97855_Left_and_Loose_in_THE_LOT_Comedy.jpg,https://image.tmdb.org/t/p/original/QL0cH1waG8XDLhR7of7ADobmDp.jpg,page_357.json,ok,
14536,New in Town,Comedy,images/14536_New_in_Town_Comedy.jpg,https://image.tmdb.org/t/p/original/OMCGtMmmBE9NwmawLGZlaErdLk.jpg,page_357.json,ok,
139380,Nativity 2: Danger in the Manger!,Comedy,images/139380_Nativity_2_Danger_in_the_Manger_Comedy.jpg,https://image.tmdb.org/t/p/original/6FkBNdHWsRdt45HYMex7QYJOdN8.jpg,page_357.json,ok,
109411,Cellmates,Comedy,images/109411_Cellmates_Comedy.jpg,https://image.tmdb.org/t/p/original/82RJlr4o4ZbIdnmfEMkmW3Cyu2a.jpg,page_357.json,ok,
113431,VGL-Hung!,Comedy,images/113431_VGL-Hung_Comedy.jpg,https://image.tmdb.org/t/p/original/aqZQS6pbfycvg9scy5c8rDbS9UN.jpg,page_357.json,ok,
535011,Gustav,Comedy,images/535011_Gustav_Comedy.jpg,https://image.tmdb.org/t/p/original/a8pcrQg9cw7RjcNJHN4DdwfTz5k.jpg,page_357.json,ok,
728054,Vicious Fun,Comedy,images/728054_Vicious_Fun_Comedy.jpg,https://image.tmdb.org/t/p/original/jCz4Pv0rilnkBgqwbe5Y3JT5899.jpg,page_357.json,ok,
560192,Grand Isle,Thriller,images/560192_Grand_Isle_Thriller.jpg,https://image.tmdb.org/t/p/original/8mcXb3km7hZ8aJKpxxgnvvxt9gW.jpg,page_357.json,ok,
449459,The Vanishing,Thriller,images/449459_The_Vanishing_Thriller.jpg,https://image.tmdb.org/t/p/original/owYLROHpJWbYWEHjaEvDsnoz4Ux.jpg,page_357.json,ok,
353440,Killing Hasselhoff,Comedy,images/353440_Killing_Hasselhoff_Comedy.jpg,https://image.tmdb.org/t/p/original/9BQqALg8ffCn5ZkYZKEtAgR29HF.jpg,page_357.json,ok,
52653,Jinn,Thriller,images/52653_Jinn_Thriller.jpg,https://image.tmdb.org/t/p/original/2mI2gzLVsG6Py5hb86MsCO7xYKU.jpg,page_358.json,ok,
339396,True Memoirs of an International Assassin,Comedy,images/339396_True_Memoirs_of_an_International_Assassin_Comedy.jpg,https://image.tmdb.org/t/p/original/hPoSSqDqkKSIP2l3t6pyre9u5Ze.jpg,page_358.json,ok,
357424,Almost Adults,Comedy,images/357424_Almost_Adults_Comedy.jpg,https://image.tmdb.org/t/p/original/yMdQ1TdWeoFAcaDPjDG9FGeVLtA.jpg,page_358.json,ok,
508933,Ricky Gervais: Humanity,Comedy,images/508933_Ricky_Gervais_Humanity_Comedy.jpg,https://image.tmdb.org/t/p/original/vXNvvb9RUXSZS08PvXxLtA9wrfV.jpg,page_358.json,ok,
717634,Girl,Thriller,images/717634_Girl_Thriller.jpg,https://image.tmdb.org/t/p/original/xsi8n1TVWwCq5XmID3ia0lIfTUG.jpg,page_358.json,ok,
51993,Terri,Comedy,images/51993_Terri_Comedy.jpg,https://image.tmdb.org/t/p/original/t3eV5bhrQTt7RbheD48ap6Wvtpo.jpg,page_359.json,ok,
367796,Fortunes,Comedy,images/367796_Fortunes_Comedy.jpg,https://image.tmdb.org/t/p/original/vextnJcKsZu4Z43iQ71HEhJiQUl.jpg,page_358.json,ok,
810490,Peeps,Comedy,images/810490_Peeps_Comedy.jpg,https://image.tmdb.org/t/p/original/qcYjdz4Mn95cMl64lmVAIUw7yV4.jpg,page_358.json,ok,
705364,Union Bridge,Thriller,images/705364_Union_Bridge_Thriller.jpg,https://image.tmdb.org/t/p/original/i7U17jHTzvw7K7SYrjSPSfga5RH.jpg,page_358.json,ok,
511443,A Deadly View,Thriller,images/511443_A_Deadly_View_Thriller.jpg,https://image.tmdb.org/t/p/original/eb7t9DwIrZqvmE89a4l9swnydC5.jpg,page_359.json,ok,
933738,Ali Wong: Don Wong,Comedy,images/933738_Ali_Wong_Don_Wong_Comedy.jpg,https://image.tmdb.org/t/p/original/rhwfoNRrTTLbdkkqjjC6yCDZXte.jpg,page_359.json,ok,
594345,42nd Street,Comedy,images/594345_42nd_Street_Comedy.jpg,https://image.tmdb.org/t/p/original/jbL0VCAWaiShW1Zuf4OJsSth38E.jpg,page_359.json,ok,
140403,Fresh Meat,Comedy,images/140403_Fresh_Meat_Comedy.jpg,https://image.tmdb.org/t/p/original/iQ4KWUXZaINWNvj7FPLnBZu1XEc.jpg,page_359.json,ok,
551417,Ada,Comedy,images/551417_Ada_Comedy.jpg,https://image.tmdb.org/t/p/original/lrrrxLYUMoR0KnlxxMh02YcWJrC.jpg,page_359.json,ok,
65755,Uncle P,Comedy,images/65755_Uncle_P_Comedy.jpg,https://image.tmdb.org/t/p/original/vSo88Wi8hk7RtNiluMOEuhjhuGk.jpg,page_359.json,ok,
35951,Dark Asylum,Thriller,images/35951_Dark_Asylum_Thriller.jpg,https://image.tmdb.org/t/p/original/zyta5ZffNU1SExVQNHW5dZiskqJ.jpg,page_359.json,ok,
1190836,The G,Thriller,images/1190836_The_G_Thriller.jpg,https://image.tmdb.org/t/p/original/us0HiZ89TisAAu08iiysTpgkMFf.jpg,page_359.json,ok,
568091,Fractured,Thriller,images/568091_Fractured_Thriller.jpg,https://image.tmdb.org/t/p/original/paZNRffT3kUckuRFKbeDBuX1YcZ.jpg,page_36.json,ok,
1109406,Compulsion,Thriller,images/1109406_Compulsion_Thriller.jpg,https://image.tmdb.org/t/p/original/s3MzSdsMcmxmpVJMuH5ezNPjzs7.jpg,page_36.json,ok,
1211472,September 5,Thriller,images/1211472_September_5_Thriller.jpg,https://image.tmdb.org/t/p/original/3kcQOLwYKGPwyjiynFsvP8vHvRn.jpg,page_36.json,ok,
376453,Operation Avalanche,Thriller,images/376453_Operation_Avalanche_Thriller.jpg,https://image.tmdb.org/t/p/original/3ngw7s1fa0eJL19fJ6Jw0bTQg3n.jpg,page_36.json,ok,
8920,Garfield,Comedy,images/8920_Garfield_Comedy.jpg,https://image.tmdb.org/t/p/original/vqwTSWNLyH55g8kBT61s2DgNYEp.jpg,page_36.json,ok,
8835,Legally Blonde,Comedy,images/8835_Legally_Blonde_Comedy.jpg,https://image.tmdb.org/t/p/original/9ohlMrJHQqKhfUKh7Zr3JQqHNLZ.jpg,page_36.json,ok,
209263,Enough Said,Comedy,images/209263_Enough_Said_Comedy.jpg,https://image.tmdb.org/t/p/original/p5naJg0K8xF0h0HWEfiz6rc9lC4.jpg,page_36.json,ok,
10642,Loser,Comedy,images/10642_Loser_Comedy.jpg,https://image.tmdb.org/t/p/original/nOqWmYfgvpUA6gZjvdB0Cg24kA4.jpg,page_360.json,ok,
948333,Into the Deep,Thriller,images/948333_Into_the_Deep_Thriller.jpg,https://image.tmdb.org/t/p/original/bPyBqGBYjGzyLVHJEIsCwlZejk.jpg,page_360.json,ok,
248646,Sugartown,Thriller,images/248646_Sugartown_Thriller.jpg,https://image.tmdb.org/t/p/original/6HtQIfD90VlH5tBATtSg9ETHPje.jpg,page_360.json,ok,
597219,The Half of It,Comedy,images/597219_The_Half_of_It_Comedy.jpg,https://image.tmdb.org/t/p/original/jC1PNXGET1ZZQyrJvdFhPfXdPP1.jpg,page_360.json,ok,
252680,Moms' Night Out,Comedy,images/252680_Moms_Night_Out_Comedy.jpg,https://image.tmdb.org/t/p/original/gP97yU8YrVZY2yLxTwsicS8KuSe.jpg,page_360.json,ok,
1166491,Barely Breathing,Comedy,images/1166491_Barely_Breathing_Comedy.jpg,https://image.tmdb.org/t/p/original/ePEZyGPzMTWA5upRKV78uBLwKTX.jpg,page_358.json,ok,
1033808,Dysfunction,Thriller,images/1033808_Dysfunction_Thriller.jpg,https://image.tmdb.org/t/p/original/8plB7qRcqk1hzoqLX0LJ6ZBthEz.jpg,page_360.json,ok,
703531,Coffee Shop Names,Comedy,images/703531_Coffee_Shop_Names_Comedy.jpg,https://image.tmdb.org/t/p/original/qlmAoiHppdTuKb9Ftgko2eFOLsQ.jpg,page_360.json,ok,
415311,The Neighbor,Thriller,images/415311_The_Neighbor_Thriller.jpg,https://image.tmdb.org/t/p/original/jvv66k53knzs49wnzaOZjOPYj4r.jpg,page_360.json,ok,
73933,Monster Brawl,Comedy,images/73933_Monster_Brawl_Comedy.jpg,https://image.tmdb.org/t/p/original/fcGPdBEWIjTHvTBzuSN1NIvPOJ.jpg,page_360.json,ok,
827976,Burning Lies,Thriller,images/827976_Burning_Lies_Thriller.jpg,https://image.tmdb.org/t/p/original/iaFjMFZHiyDBHlDknOQAsX7VFwK.jpg,page_361.json,ok,
726342,A Killer Next Door,Thriller,images/726342_A_Killer_Next_Door_Thriller.jpg,https://image.tmdb.org/t/p/original/tGyWiFgBZEEHIgPUmzRh5S1poA0.jpg,page_361.json,ok,
253937,Ill Fated,Comedy,images/253937_Ill_Fated_Comedy.jpg,https://image.tmdb.org/t/p/original/yC7AaAPdbfeHMzTNDHb9DpkTRgs.jpg,page_362.json,ok,
19840,"I Love You, Beth Cooper",Comedy,images/19840_I_Love_You_Beth_Cooper_Comedy.jpg,https://image.tmdb.org/t/p/original/mUi6nEbo04DR1YwflbZX1RR7UwS.jpg,page_362.json,ok,
1381027,Good Boy,Thriller,images/1381027_Good_Boy_Thriller.jpg,https://image.tmdb.org/t/p/original/b3lnPhLbkk37fYFtQy1gGixd8Jz.jpg,page_361.json,ok,
856716,Jurica Road,Thriller,images/856716_Jurica_Road_Thriller.jpg,https://image.tmdb.org/t/p/original/1Mh48ejOFBQmpkvzXOODpunRHPg.jpg,page_362.json,ok,
19365,Foreign Exchange,Comedy,images/19365_Foreign_Exchange_Comedy.jpg,https://image.tmdb.org/t/p/original/q9fyDLLOGWcLsMcYXC4kIWQ3emD.jpg,page_362.json,ok,
324283,Ktown Cowboys,Comedy,images/324283_Ktown_Cowboys_Comedy.jpg,https://image.tmdb.org/t/p/original/bcyJwcj24sZZCxzTXELWfsZ9He1.jpg,page_362.json,ok,
4226,Shriek If You Know What I Did Last Friday the Thirteenth,Comedy,images/4226_Shriek_If_You_Know_What_I_Did_Last_Friday_the_Thirteenth_Comedy.jpg,https://image.tmdb.org/t/p/original/chKWFLKiG0n4P02U1lLYdI6Au4V.jpg,page_362.json,ok,
180779,Operation Cupcake,Comedy,images/180779_Operation_Cupcake_Comedy.jpg,https://image.tmdb.org/t/p/original/a8HxrQH401J8xwonReTLESKIXW9.jpg,page_362.json,ok,
14593,All You've Got,Comedy,images/14593_All_Youve_Got_Comedy.jpg,https://image.tmdb.org/t/p/original/rd3CrecSJKAQmLqGMntfSUaVGYr.jpg,page_362.json,ok,
249109,Fractured,Thriller,images/249109_Fractured_Thriller.jpg,https://image.tmdb.org/t/p/original/d0adlRdcFrqGjpQuYA4T4TPHHlG.jpg,page_362.json,ok,
180305,Mercy,Thriller,images/180305_Mercy_Thriller.jpg,https://image.tmdb.org/t/p/original/wiYki9Cz1SCsKzERLd9dABC8Q5r.jpg,page_362.json,ok,
454423,Late Bloomer,Comedy,images/454423_Late_Bloomer_Comedy.jpg,https://image.tmdb.org/t/p/original/gSiPPwFF2ZYQCsFr9mtSQKcJx7f.jpg,page_362.json,ok,
80349,Stranger in My Bed,Thriller,images/80349_Stranger_in_My_Bed_Thriller.jpg,https://image.tmdb.org/t/p/original/ndlH3IITtSrU4gBcwZAx6dAx9eo.jpg,page_361.json,ok,
226059,0s & 1s,Comedy,images/226059_0s__1s_Comedy.jpg,https://image.tmdb.org/t/p/original/oBJYy30WH7DrojXe2DcSuZdKM5f.jpg,page_363.json,ok,
394185,Chokeslam,Comedy,images/394185_Chokeslam_Comedy.jpg,https://image.tmdb.org/t/p/original/walR4ri5Fj4oyVojZOR5VIeqrZZ.jpg,page_363.json,ok,
654957,Blocks,Comedy,images/654957_Blocks_Comedy.jpg,https://image.tmdb.org/t/p/original/pgjjzB7oncKbycWyE0iNLu13f3K.jpg,page_362.json,ok,
692817,The Backslide,Comedy,images/692817_The_Backslide_Comedy.jpg,https://image.tmdb.org/t/p/original/8Nr3F6Koj4IQ9kVojhakUDqaMIO.jpg,page_362.json,ok,
69798,The Inbetweeners Movie,Comedy,images/69798_The_Inbetweeners_Movie_Comedy.jpg,https://image.tmdb.org/t/p/original/nePYsVp0qU8EbSXeUdr3xEkHlzN.jpg,page_363.json,ok,
1436468,Ronnie California: The King of Artesia,Comedy,images/1436468_Ronnie_California_The_King_of_Artesia_Comedy.jpg,https://image.tmdb.org/t/p/original/ejMfZFJ2dRlww2llGkgfnzS83ll.jpg,page_363.json,ok,
1201750,Baby Face,Comedy,images/1201750_Baby_Face_Comedy.jpg,https://image.tmdb.org/t/p/original/uIdteFV1Ojyvr8Gwd8Gb2YnA9Bf.jpg,page_363.json,ok,
427060,Abomination,Thriller,images/427060_Abomination_Thriller.jpg,https://image.tmdb.org/t/p/original/jZq5eT5q3N2XVQwpk93vrsQJPnT.jpg,page_364.json,ok,
392,Chocolat,Comedy,images/392_Chocolat_Comedy.jpg,https://image.tmdb.org/t/p/original/7sUfspdrvxLMgGkrOq46lPh0Scj.jpg,page_363.json,ok,
1272266,Jane Austen's Period Drama,Comedy,images/1272266_Jane_Austens_Period_Drama_Comedy.jpg,https://image.tmdb.org/t/p/original/6v55QDyIIAqCi5aMhWHJjQlmv6g.jpg,page_363.json,ok,
499088,Maya the Bee: The Honey Games,Comedy,images/499088_Maya_the_Bee_The_Honey_Games_Comedy.jpg,https://image.tmdb.org/t/p/original/yx4jdeTbDvZfmHPpd0D3L78VYDB.jpg,page_364.json,ok,
1535085,Polyvore,Comedy,images/1535085_Polyvore_Comedy.jpg,https://image.tmdb.org/t/p/original/ePEAwPesJN4SjUwVJwe3ppXIqum.jpg,page_363.json,ok,
668627,Lazy Susan,Comedy,images/668627_Lazy_Susan_Comedy.jpg,https://image.tmdb.org/t/p/original/bhqyLiVBYamoSG5U04uPGckYRWo.jpg,page_364.json,ok,
375989,Dark,Thriller,images/375989_Dark_Thriller.jpg,https://image.tmdb.org/t/p/original/iHKAzTutbuXXniKinG1a2ZcKxgz.jpg,page_364.json,ok,
353576,The Con Is On,Comedy,images/353576_The_Con_Is_On_Comedy.jpg,https://image.tmdb.org/t/p/original/d4ZzzFOokK356jf6L6vUp3RKNvM.jpg,page_364.json,ok,
448557,After Everything,Comedy,images/448557_After_Everything_Comedy.jpg,https://image.tmdb.org/t/p/original/5fwosV84f3BOV2h4kqcbpQplFLY.jpg,page_364.json,ok,
829051,About My Father,Comedy,images/829051_About_My_Father_Comedy.jpg,https://image.tmdb.org/t/p/original/eHcXyH207gLJCMLECRlBtXDK12X.jpg,page_364.json,ok,
127521,6 Bullets,Thriller,images/127521_6_Bullets_Thriller.jpg,https://image.tmdb.org/t/p/original/7yEbEUrOsAS0d5DW1OqtvSpmRQv.jpg,page_364.json,ok,
378991,OMG... We're in a Horror Movie,Comedy,images/378991_OMG..._Were_in_a_Horror_Movie_Comedy.jpg,https://image.tmdb.org/t/p/original/tQv8kolrVgTVnaO8v631MJWR2Yh.jpg,page_365.json,ok,
79908,Outing Riley,Comedy,images/79908_Outing_Riley_Comedy.jpg,https://image.tmdb.org/t/p/original/gaceKoo3QjmK2STJc0eDLwgu6dL.jpg,page_364.json,ok,
356842,The Ones Below,Thriller,images/356842_The_Ones_Below_Thriller.jpg,https://image.tmdb.org/t/p/original/iOMFKPLZG9DI1EhZfkqxhkum4vw.jpg,page_365.json,ok,
414977,Sam,Comedy,images/414977_Sam_Comedy.jpg,https://image.tmdb.org/t/p/original/yhi43UFo5DjksahZ8N5TUYDavPj.jpg,page_365.json,ok,
1287715,Deadly Invitations,Thriller,images/1287715_Deadly_Invitations_Thriller.jpg,https://image.tmdb.org/t/p/original/iDWHM93ySgfW172ygXXdsoWTkmg.jpg,page_365.json,ok,
1180483,Slumber Party Slaughterhouse,Comedy,images/1180483_Slumber_Party_Slaughterhouse_Comedy.jpg,https://image.tmdb.org/t/p/original/zmKZjGgDQCxRgUwxoe8KHN4cOOa.jpg,page_365.json,ok,
11282,Harold & Kumar Go to White Castle,Comedy,images/11282_Harold__Kumar_Go_to_White_Castle_Comedy.jpg,https://image.tmdb.org/t/p/original/5vO7R4xYlDipTp8gzfRbWegO8eb.jpg,page_365.json,ok,
299221,Phantom Halo,Thriller,images/299221_Phantom_Halo_Thriller.jpg,https://image.tmdb.org/t/p/original/hr9oFmxy3jAQwK1PkBwQI5tbOH0.jpg,page_365.json,ok,
485903,Special Unit,Comedy,images/485903_Special_Unit_Comedy.jpg,https://image.tmdb.org/t/p/original/6A3g2uVppuEZpCUezmm5Dg5ggho.jpg,page_365.json,ok,
804616,Something in the Water,Thriller,images/804616_Something_in_the_Water_Thriller.jpg,https://image.tmdb.org/t/p/original/1iWGGxHEwswZGvPSoMZlLFf0PNq.jpg,page_365.json,ok,
629172,Bad Labor,Thriller,images/629172_Bad_Labor_Thriller.jpg,https://image.tmdb.org/t/p/original/wyv7RKKK13m8qIp2eCgxQkSlSyE.jpg,page_365.json,ok,
41393,Zyzzyx Road,Thriller,images/41393_Zyzzyx_Road_Thriller.jpg,https://image.tmdb.org/t/p/original/63XsqpeRQToLJhlAWQpUG9tSx2Q.jpg,page_365.json,ok,
225048,Evangeline,Thriller,images/225048_Evangeline_Thriller.jpg,https://image.tmdb.org/t/p/original/gZQPbtqsWxQgpuf4JPHilxLLaQp.jpg,page_365.json,ok,
12085,Mad Money,Comedy,images/12085_Mad_Money_Comedy.jpg,https://image.tmdb.org/t/p/original/z6b6rQ1ZFEkM4tSt84yPtdAioCO.jpg,page_366.json,ok,
602832,Pink Skies Ahead,Comedy,images/602832_Pink_Skies_Ahead_Comedy.jpg,https://image.tmdb.org/t/p/original/9znH5e4b36vjNSVKwyyjiUTq728.jpg,page_366.json,ok,
38932,Holy Water,Comedy,images/38932_Holy_Water_Comedy.jpg,https://image.tmdb.org/t/p/original/hKw9XwlvXiVjAZVDIjHyeVevpgz.jpg,page_366.json,ok,
955079,Bliss,Comedy,images/955079_Bliss_Comedy.jpg,https://image.tmdb.org/t/p/original/zreNN9DRlZt8efrRpXbDg0CukNW.jpg,page_366.json,ok,
50684,"Metalheads: The Good, the Bad, and the Evil",Comedy,images/50684_Metalheads_The_Good_the_Bad_and_the_Evil_Comedy.jpg,https://image.tmdb.org/t/p/original/sOduc9Zg4r9RwvMlb2qtvpc26ML.jpg,page_366.json,ok,
51588,Prom,Comedy,images/51588_Prom_Comedy.jpg,https://image.tmdb.org/t/p/original/pOYSCjYylOsEPkql3m9gcV1jycR.jpg,page_366.json,ok,
407447,The Extraordinary Journey of the Fakir,Comedy,images/407447_The_Extraordinary_Journey_of_the_Fakir_Comedy.jpg,https://image.tmdb.org/t/p/original/40ZAC1HMDL8knY9r7uJ7uwj5udy.jpg,page_366.json,ok,
1223962,Zugzwang,Thriller,images/1223962_Zugzwang_Thriller.jpg,https://image.tmdb.org/t/p/original/eti0Yvv28uE7ZJcKKEsdAxgYYy6.jpg,page_364.json,ok,
136075,Something Evil Comes,Thriller,images/136075_Something_Evil_Comes_Thriller.jpg,https://image.tmdb.org/t/p/original/on8XCJhr911XEKq9GUyT9mntLv9.jpg,page_366.json,ok,
1117857,In Your Dreams,Comedy,images/1117857_In_Your_Dreams_Comedy.jpg,https://image.tmdb.org/t/p/original/np7ZzU2rmUqqIPQ4HtfcC8JLOvS.jpg,page_366.json,ok,
133463,Redd Inc.,Thriller,images/133463_Redd_Inc._Thriller.jpg,https://image.tmdb.org/t/p/original/k0sJHCm3vRqGioWywLsLnR6ujUf.jpg,page_367.json,ok,
39414,Paper Man,Comedy,images/39414_Paper_Man_Comedy.jpg,https://image.tmdb.org/t/p/original/wneK8G9E26FUqYo4KjPlsD0TIII.jpg,page_367.json,ok,
407298,American Hostage,Thriller,images/407298_American_Hostage_Thriller.jpg,https://image.tmdb.org/t/p/original/tG5GRY5Rg6ggfEREmvz11byAFUI.jpg,page_367.json,ok,
23531,Whipped,Comedy,images/23531_Whipped_Comedy.jpg,https://image.tmdb.org/t/p/original/jIVMqADXH1fEAlf8K19FoDZYh0U.jpg,page_367.json,ok,
823482,Dream Scenario,Comedy,images/823482_Dream_Scenario_Comedy.jpg,https://image.tmdb.org/t/p/original/2RSMu2iMDCdMKmvBWWvcmE8vjMj.jpg,page_367.json,ok,
621580,Phobos,Thriller,images/621580_Phobos_Thriller.jpg,https://image.tmdb.org/t/p/original/o8x2YMmn6ZhG2brF9YGe97SQvGg.jpg,page_367.json,ok,
431530,A Bad Moms Christmas,Comedy,images/431530_A_Bad_Moms_Christmas_Comedy.jpg,https://image.tmdb.org/t/p/original/gPNHolu7AGnrB7r5kvJRRTfwMFR.jpg,page_368.json,ok,
935852,Forgotten,Comedy,images/935852_Forgotten_Comedy.jpg,https://image.tmdb.org/t/p/original/mniIdOaVqa6c0sqBQjVS3Y5yxsz.jpg,page_367.json,ok,
397601,The Bachelors,Comedy,images/397601_The_Bachelors_Comedy.jpg,https://image.tmdb.org/t/p/original/yAwoDmcLFuZxg5bHzYgRexYhykm.jpg,page_368.json,ok,
57119,Jumping the Broom,Comedy,images/57119_Jumping_the_Broom_Comedy.jpg,https://image.tmdb.org/t/p/original/60OXQUsWfAdSimqwAAJ5EvBxTre.jpg,page_368.json,ok,
933067,MeeBOX,Comedy,images/933067_MeeBOX_Comedy.jpg,https://image.tmdb.org/t/p/original/1PbnJ2ekcKA5qoPZYgAdCZ6GSh3.jpg,page_368.json,ok,
290477,Sexipede!,Comedy,images/290477_Sexipede_Comedy.jpg,https://image.tmdb.org/t/p/original/vAs3dtnconGx5kzqYgP76SX64eR.jpg,page_368.json,ok,
1397979,Black Out,Thriller,images/1397979_Black_Out_Thriller.jpg,https://image.tmdb.org/t/p/original/hP0gUydSzoIrKiklewnb8HHr1jB.jpg,page_368.json,ok,
480001,The Art of Self-Defense,Comedy,images/480001_The_Art_of_Self-Defense_Comedy.jpg,https://image.tmdb.org/t/p/original/bTq793Qwl3tCXb94zrDPAwppbsC.jpg,page_368.json,ok,
84341,Smashed,Comedy,images/84341_Smashed_Comedy.jpg,https://image.tmdb.org/t/p/original/d4b2k3bB5C6AC9s3FFZhjZw7rB1.jpg,page_368.json,ok,
17142,Freebird,Comedy,images/17142_Freebird_Comedy.jpg,https://image.tmdb.org/t/p/original/jHP4WqwHnFYbyRxN2ZdDSPvKTrM.jpg,page_369.json,ok,
606105,Witness Protection,Thriller,images/606105_Witness_Protection_Thriller.jpg,https://image.tmdb.org/t/p/original/vVxP0HcmeRAkDyJBFbrluHhnXRz.jpg,page_368.json,ok,
112963,Vacation!,Comedy,images/112963_Vacation_Comedy.jpg,https://image.tmdb.org/t/p/original/3ID3dQXliBm3MoIDJH9NhQ1fsmL.jpg,page_369.json,ok,
1024702,Ribspreader,Comedy,images/1024702_Ribspreader_Comedy.jpg,https://image.tmdb.org/t/p/original/bhtgQ7NEaBhWqb0yFUSAS47AHPQ.jpg,page_369.json,ok,
13358,A Dennis the Menace Christmas,Comedy,images/13358_A_Dennis_the_Menace_Christmas_Comedy.jpg,https://image.tmdb.org/t/p/original/cgjyUL2STLzjOGb3mXePXpNNC1O.jpg,page_369.json,ok,
291867,Zeroville,Comedy,images/291867_Zeroville_Comedy.jpg,https://image.tmdb.org/t/p/original/6LrlFzEOW45jrG84kTrGqlYKQHZ.jpg,page_369.json,ok,
421471,Flower,Comedy,images/421471_Flower_Comedy.jpg,https://image.tmdb.org/t/p/original/xYTI11qFnmx39LRhDOsGEabfqtp.jpg,page_369.json,ok,
847144,Brief Survey,Comedy,images/847144_Brief_Survey_Comedy.jpg,https://image.tmdb.org/t/p/original/d3oK8KS3Edpe4IBboUOqwzPt6cu.jpg,page_366.json,ok,
58524,Gracie!,Comedy,images/58524_Gracie_Comedy.jpg,https://image.tmdb.org/t/p/original/mdn3p0Efbz2IEatD8HergGcWib7.jpg,page_369.json,ok,
1566230,Michelle Wolf: The Well,Comedy,images/1566230_Michelle_Wolf_The_Well_Comedy.jpg,https://image.tmdb.org/t/p/original/mY1dUsGEYrDzbPTrIW56r48xH2q.jpg,page_369.json,ok,
291728,The Hit,Thriller,images/291728_The_Hit_Thriller.jpg,https://image.tmdb.org/t/p/original/ts7Sp82YvT93jCFiudkEIuHUrjj.jpg,page_367.json,ok,
76493,The Dictator,Comedy,images/76493_The_Dictator_Comedy.jpg,https://image.tmdb.org/t/p/original/n0W7kajF4GFMRk2c0wWwMQqTaDM.jpg,page_37.json,ok,
19913,(500) Days of Summer,Comedy,images/19913_500_Days_of_Summer_Comedy.jpg,https://image.tmdb.org/t/p/original/qXAuQ9hF30sQRsXf40OfRVl0MJZ.jpg,page_37.json,ok,
812583,Wake Up Dead Man: A Knives Out Mystery,Comedy,images/812583_Wake_Up_Dead_Man_A_Knives_Out_Mystery_Comedy.jpg,https://image.tmdb.org/t/p/original/s353N9qz0RvmwGT8v8jDRQz0T9i.jpg,page_37.json,ok,
884605,No Hard Feelings,Comedy,images/884605_No_Hard_Feelings_Comedy.jpg,https://image.tmdb.org/t/p/original/gD72DhJ7NbfxvtxGiAzLaa0xaoj.jpg,page_37.json,ok,
593643,The Menu,Comedy,images/593643_The_Menu_Comedy.jpg,https://image.tmdb.org/t/p/original/fPtUgMcLIboqlTlPrq0bQpKK8eq.jpg,page_37.json,ok,
1028704,Human Resources,Comedy,images/1028704_Human_Resources_Comedy.jpg,https://image.tmdb.org/t/p/original/5egzKbDKUA2bG4oggis7VdYxIeC.jpg,page_370.json,ok,
301608,The Trust,Thriller,images/301608_The_Trust_Thriller.jpg,https://image.tmdb.org/t/p/original/ps5FhW4WQuH1Ure2msdZkH7psqK.jpg,page_37.json,ok,
52193,Ping!,Comedy,images/52193_Ping_Comedy.jpg,https://image.tmdb.org/t/p/original/81YUGbwvPzOPJYeHR8dKYgnZRyV.jpg,page_370.json,ok,
342502,AWOL-72,Thriller,images/342502_AWOL-72_Thriller.jpg,https://image.tmdb.org/t/p/original/9xnzd7yq9vXrjuQjlRLNZ0kFQYU.jpg,page_370.json,ok,
329205,Ghoul,Thriller,images/329205_Ghoul_Thriller.jpg,https://image.tmdb.org/t/p/original/w81FaOmWowyvP01Or3XHy8RzFxO.jpg,page_370.json,ok,
455061,The Chop,Comedy,images/455061_The_Chop_Comedy.jpg,https://image.tmdb.org/t/p/original/uOZ9LC6UsGTsB2skU4HeUQsV5O.jpg,page_368.json,ok,
1505244,Les Zinzins,Comedy,images/1505244_Les_Zinzins_Comedy.jpg,https://image.tmdb.org/t/p/original/npZlhZhAa3mxh03E0HNhl9rHjMU.jpg,page_369.json,ok,
21544,Hope Springs,Comedy,images/21544_Hope_Springs_Comedy.jpg,https://image.tmdb.org/t/p/original/wWRh4buz7yp7CinH7jGVvFkgUdN.jpg,page_370.json,ok,
283068,Bitter Sweet,Thriller,images/283068_Bitter_Sweet_Thriller.jpg,https://image.tmdb.org/t/p/original/xpT368Vc9QAxJjS1V9EGXzNkI3s.jpg,page_370.json,ok,
142121,A Beer Tale,Comedy,images/142121_A_Beer_Tale_Comedy.jpg,https://image.tmdb.org/t/p/original/gPz8TK2cFYrBKxWVpRMNDDnq6EH.jpg,page_370.json,ok,
468777,Earworm,Comedy,images/468777_Earworm_Comedy.jpg,https://image.tmdb.org/t/p/original/sWqbPiEQrJx26Uv6xtx5G6y5ibN.jpg,page_370.json,ok,
723026,Palindromes,Comedy,images/723026_Palindromes_Comedy.jpg,https://image.tmdb.org/t/p/original/oL8UBdhXgNFTSTscYEuhiKHtZA6.jpg,page_370.json,ok,
13373,Millions,Comedy,images/13373_Millions_Comedy.jpg,https://image.tmdb.org/t/p/original/rypaIocIovS3ICLKKakMvHDDQ0T.jpg,page_370.json,ok,
209720,Over Coffee,Comedy,images/209720_Over_Coffee_Comedy.jpg,https://image.tmdb.org/t/p/original/wYXWCLIoQclQZCeOndD6fzivaWL.jpg,page_370.json,ok,
1394039,Ant Muzak,Comedy,images/1394039_Ant_Muzak_Comedy.jpg,https://image.tmdb.org/t/p/original/bJKtFaGQ7Sp4MCge3wwvPLEIy00.jpg,page_370.json,ok,
400388,Your Hands,Comedy,images/400388_Your_Hands_Comedy.jpg,https://image.tmdb.org/t/p/original/xYIq8i9vbVx540JBfBgaVZWONh5.jpg,page_371.json,ok,
519316,The Dig,Thriller,images/519316_The_Dig_Thriller.jpg,https://image.tmdb.org/t/p/original/5DYQpigRrIkb6JUPdlJNcsahjmX.jpg,page_371.json,ok,
814848,Family Seductions,Thriller,images/814848_Family_Seductions_Thriller.jpg,https://image.tmdb.org/t/p/original/2Bkpvbt5ZIRCvcgrr2oIiZp9qQa.jpg,page_371.json,ok,
537734,The Weekend,Comedy,images/537734_The_Weekend_Comedy.jpg,https://image.tmdb.org/t/p/original/6IJ9UcJjUjMW6UOvQ99MllDZhoN.jpg,page_371.json,ok,
734881,They Whisper,Thriller,images/734881_They_Whisper_Thriller.jpg,https://image.tmdb.org/t/p/original/8KQl79l7AgfcvdGGJxHUaxe3a7M.jpg,page_372.json,ok,
354287,War Machine,Comedy,images/354287_War_Machine_Comedy.jpg,https://image.tmdb.org/t/p/original/bU2Q2rCH5VFrJNKSyx6wSmQZFsX.jpg,page_372.json,ok,
863525,Homestead,Thriller,images/863525_Homestead_Thriller.jpg,https://image.tmdb.org/t/p/original/aHvBW6Ak6SEXhcwHnGsGKaVANFE.jpg,page_372.json,ok,
661690,Lake Artifact,Comedy,images/661690_Lake_Artifact_Comedy.jpg,https://image.tmdb.org/t/p/original/bkkhgx1edWTB0QPo3CoKGCO8JEC.jpg,page_372.json,ok,
1262124,Impulse,Thriller,images/1262124_Impulse_Thriller.jpg,https://image.tmdb.org/t/p/original/8UiYw9JGDZsXODKtBpnAhmoK2UO.jpg,page_372.json,ok,
1533491,The Dark,Thriller,images/1533491_The_Dark_Thriller.jpg,https://image.tmdb.org/t/p/original/MCWMTHCS3mqAWtulDMQuOSUycf.jpg,page_372.json,ok,
400768,Killer Piñata,Comedy,images/400768_Killer_Piata_Comedy.jpg,https://image.tmdb.org/t/p/original/he85vX4AUmZIa6VucqXgIszE8Do.jpg,page_373.json,ok,
1012370,Big Lies In a Small Town,Thriller,images/1012370_Big_Lies_In_a_Small_Town_Thriller.jpg,https://image.tmdb.org/t/p/original/7gvqwOJp3OxMaNzCDoCjz8hcv36.jpg,page_373.json,ok,
1276035,Beacon,Thriller,images/1276035_Beacon_Thriller.jpg,https://image.tmdb.org/t/p/original/4AB3bHhsNBpnhMDThJP6RI0tery.jpg,page_373.json,ok,
46829,Barney's Version,Comedy,images/46829_Barneys_Version_Comedy.jpg,https://image.tmdb.org/t/p/original/vdsSaFbBWl8N6RV2XJuPBFyKeV8.jpg,page_373.json,ok,
192345,Cavemen,Comedy,images/192345_Cavemen_Comedy.jpg,https://image.tmdb.org/t/p/original/zjHzJuERChMzXUvc05WmHkf0PKK.jpg,page_373.json,ok,
940143,All Souls,Thriller,images/940143_All_Souls_Thriller.jpg,https://image.tmdb.org/t/p/original/pfqgfy277NmKS6GIujIs3leLASX.jpg,page_373.json,ok,
583755,Limbo,Comedy,images/583755_Limbo_Comedy.jpg,https://image.tmdb.org/t/p/original/gyqfrAaNMXGfZFQ8NoByUEdiN5Q.jpg,page_373.json,ok,
934530,Maclan,Comedy,images/934530_Maclan_Comedy.jpg,https://image.tmdb.org/t/p/original/jkaFmwNbxvE0jIdXVrYzJdKC9E.jpg,page_373.json,ok,
207933,Stonehearst Asylum,Thriller,images/207933_Stonehearst_Asylum_Thriller.jpg,https://image.tmdb.org/t/p/original/fZxGCCQ0NAtraevqULJ84wSSjo0.jpg,page_373.json,ok,
8090,Untraceable,Thriller,images/8090_Untraceable_Thriller.jpg,https://image.tmdb.org/t/p/original/ySUwDRDEn01lKIMPQorpFCMLWqE.jpg,page_374.json,ok,
2116,Out of Time,Thriller,images/2116_Out_of_Time_Thriller.jpg,https://image.tmdb.org/t/p/original/zMExJ6RdJQmRMydvozhEBlOLX1m.jpg,page_373.json,ok,
78017,TKO,Thriller,images/78017_TKO_Thriller.jpg,https://image.tmdb.org/t/p/original/bgScQv19hd4ovnAxBNFYHr6oyGo.jpg,page_374.json,ok,
276332,Duane Incarnate,Comedy,images/276332_Duane_Incarnate_Comedy.jpg,https://image.tmdb.org/t/p/original/Alv257xyVvDTVnNFF6sJ87JmIut.jpg,page_374.json,ok,
611606,Black Magic for White Boys,Comedy,images/611606_Black_Magic_for_White_Boys_Comedy.jpg,https://image.tmdb.org/t/p/original/85Ip8M76pPY7RHI1JyHLb73Cytr.jpg,page_374.json,ok,
599960,French Exit,Comedy,images/599960_French_Exit_Comedy.jpg,https://image.tmdb.org/t/p/original/l5iZuQr62YCs72AZ9P3HwApowaC.jpg,page_374.json,ok,
403337,Shelf Life,Comedy,images/403337_Shelf_Life_Comedy.jpg,https://image.tmdb.org/t/p/original/nOeDBbDVUzYcIOKulqQbkP7z8QY.jpg,page_374.json,ok,
307544,The Counting House,Thriller,images/307544_The_Counting_House_Thriller.jpg,https://image.tmdb.org/t/p/original/jd8ViqwWEo4FxGyBqmSmM2jaT4B.jpg,page_375.json,ok,
290751,Secret in Their Eyes,Thriller,images/290751_Secret_in_Their_Eyes_Thriller.jpg,https://image.tmdb.org/t/p/original/gJl4iTxQlazkPCplGmSLGBUwqg9.jpg,page_374.json,ok,
306943,The Outcasts,Comedy,images/306943_The_Outcasts_Comedy.jpg,https://image.tmdb.org/t/p/original/44jotbmLRwHSIcd4wVAYCVmli8D.jpg,page_375.json,ok,
10313,The Men Who Stare at Goats,Comedy,images/10313_The_Men_Who_Stare_at_Goats_Comedy.jpg,https://image.tmdb.org/t/p/original/5boJKypPQmgABssbKOk2RvsCnSv.jpg,page_375.json,ok,
975773,Wicked Little Letters,Comedy,images/975773_Wicked_Little_Letters_Comedy.jpg,https://image.tmdb.org/t/p/original/scAU7YudKNVeZlOfgSEWntAUSJ.jpg,page_375.json,ok,
18803,Expired,Comedy,images/18803_Expired_Comedy.jpg,https://image.tmdb.org/t/p/original/riVxpKf2xWNMQhiGsUwhZTeyEEx.jpg,page_375.json,ok,
421882,5 Doctors,Comedy,images/421882_5_Doctors_Comedy.jpg,https://image.tmdb.org/t/p/original/bWjBMw43GEX0VejTVVOcIZ2gay6.jpg,page_376.json,ok,
253280,Saturday Morning,Comedy,images/253280_Saturday_Morning_Comedy.jpg,https://image.tmdb.org/t/p/original/n6CJEhf8GEyomY9YrsKa7l4e1o5.jpg,page_376.json,ok,
808087,Mack & Rita,Comedy,images/808087_Mack__Rita_Comedy.jpg,https://image.tmdb.org/t/p/original/rhJDDzGZitrGpW3ELmFhdCEFx9g.jpg,page_376.json,ok,
16223,Hatley High,Comedy,images/16223_Hatley_High_Comedy.jpg,https://image.tmdb.org/t/p/original/nbz8qGqSq3FnwyopPBPuhQH85uE.jpg,page_375.json,ok,
38835,Watermelon,Comedy,images/38835_Watermelon_Comedy.jpg,https://image.tmdb.org/t/p/original/7MU0dzh7FF2tkhMQfzqphsZDGxS.jpg,page_374.json,ok,
79483,Jimmy Carr: Being Funny,Comedy,images/79483_Jimmy_Carr_Being_Funny_Comedy.jpg,https://image.tmdb.org/t/p/original/pgReAIU7fPxohFIu4aoe3g5nOkx.jpg,page_376.json,ok,
13702,A Dirty Shame,Comedy,images/13702_A_Dirty_Shame_Comedy.jpg,https://image.tmdb.org/t/p/original/10QtswgtDo8IBfFHz4J6WAyVSbN.jpg,page_376.json,ok,
15603,Fat Pizza,Comedy,images/15603_Fat_Pizza_Comedy.jpg,https://image.tmdb.org/t/p/original/liPJfjBKSn0UKQ1W2GTgfk07Rmb.jpg,page_377.json,ok,
150136,The Back-up Bride,Comedy,images/150136_The_Back-up_Bride_Comedy.jpg,https://image.tmdb.org/t/p/original/oYd5sSNVLxEYs8zXUoTqtUuXgdJ.jpg,page_377.json,ok,
400170,Pitfire of Hell,Comedy,images/400170_Pitfire_of_Hell_Comedy.jpg,https://image.tmdb.org/t/p/original/9hEAW1tvpWPfkoLRHTEL5Oz9HqY.jpg,page_376.json,ok,
29758,Chasing Butterflies,Comedy,images/29758_Chasing_Butterflies_Comedy.jpg,https://image.tmdb.org/t/p/original/dZvOnHsZYgR9wRjygvw1eikYC22.jpg,page_374.json,ok,
956599,Bad Blood,Comedy,images/956599_Bad_Blood_Comedy.jpg,https://image.tmdb.org/t/p/original/p3SdK9fZqSvrxMxBJJgoRtjtkEZ.jpg,page_377.json,ok,
698688,Newsworthy,Comedy,images/698688_Newsworthy_Comedy.jpg,https://image.tmdb.org/t/p/original/s8pgrat33NxwBlOEZSp5MO34MAW.jpg,page_377.json,ok,
1009899,First One Away,Comedy,images/1009899_First_One_Away_Comedy.jpg,https://image.tmdb.org/t/p/original/cfg4v3FmgAdMkCXePCECsc0m9kQ.jpg,page_373.json,ok,
415126,Sharp,Comedy,images/415126_Sharp_Comedy.jpg,https://image.tmdb.org/t/p/original/rYst7I0hHAmQeTIqp5HJqSglSib.jpg,page_377.json,ok,
797457,Nitram,Thriller,images/797457_Nitram_Thriller.jpg,https://image.tmdb.org/t/p/original/j9dGkbHpSM254QhoLNxetvszcHa.jpg,page_378.json,ok,
19203,Graduation,Comedy,images/19203_Graduation_Comedy.jpg,https://image.tmdb.org/t/p/original/idw9ugBWMuBYfnzebxfTU7pl54X.jpg,page_377.json,ok,
2800,Rumor Has It...,Comedy,images/2800_Rumor_Has_It..._Comedy.jpg,https://image.tmdb.org/t/p/original/ypirKAqugrpevnEqMJxkBoIlgco.jpg,page_378.json,ok,
726239,Dead,Comedy,images/726239_Dead_Comedy.jpg,https://image.tmdb.org/t/p/original/eu40V59ULl92GIWfRGLAuzu5EYb.jpg,page_378.json,ok,
582571,Killer Reputation,Thriller,images/582571_Killer_Reputation_Thriller.jpg,https://image.tmdb.org/t/p/original/bXJZpKtlClvHOqEXRU6tC6kwgiS.jpg,page_378.json,ok,
1450191,Halfrican American,Comedy,images/1450191_Halfrican_American_Comedy.jpg,https://image.tmdb.org/t/p/original/sQCG14Dg75OJemoDSOI5qXZLzIW.jpg,page_377.json,ok,
904132,Jessica Fostekew: Hench,Comedy,images/904132_Jessica_Fostekew_Hench_Comedy.jpg,https://image.tmdb.org/t/p/original/jA9qOUDlAbxjIm0leQxFRmFZ3p.jpg,page_377.json,ok,
80333,Dark Spirits,Thriller,images/80333_Dark_Spirits_Thriller.jpg,https://image.tmdb.org/t/p/original/jXdHgIij1phHeI6F4GbI1P8n1UW.jpg,page_378.json,ok,
340032,Sammy,Comedy,images/340032_Sammy_Comedy.jpg,https://image.tmdb.org/t/p/original/nECmaTny86ZyAKO9rCV7lP3WdBG.jpg,page_378.json,ok,
899382,Christmas Is Canceled,Comedy,images/899382_Christmas_Is_Canceled_Comedy.jpg,https://image.tmdb.org/t/p/original/2Vivy2G7Kx8duhN35eUG74B8JXK.jpg,page_378.json,ok,
667577,Appiness,Comedy,images/667577_Appiness_Comedy.jpg,https://image.tmdb.org/t/p/original/dIutCrb4AS9r0vfxqqRyP878FF3.jpg,page_379.json,ok,
1500799,Highway Rivalry,Thriller,images/1500799_Highway_Rivalry_Thriller.jpg,https://image.tmdb.org/t/p/original/rsSVAxyv0ejwkuwhSQzBhrP1WNe.jpg,page_378.json,ok,
66157,GravyTrain,Comedy,images/66157_GravyTrain_Comedy.jpg,https://image.tmdb.org/t/p/original/m5aYoOdDWUckh4sUr82a3IgUlRb.jpg,page_379.json,ok,
601629,#blessed,Comedy,images/601629_blessed_Comedy.jpg,https://image.tmdb.org/t/p/original/m3ZNmEdyHsTPDuIZNpU0VysCZrq.jpg,page_379.json,ok,
533096,Bloom,Comedy,images/533096_Bloom_Comedy.jpg,https://image.tmdb.org/t/p/original/3jO4n8Ab6u9JClxEQ9FPp7H0Wfa.jpg,page_379.json,ok,
432487,Emma,Thriller,images/432487_Emma_Thriller.jpg,https://image.tmdb.org/t/p/original/7IxXZpdFd8GIADFPHTvQ4lc9NKH.jpg,page_379.json,ok,
215879,The Animals,Thriller,images/215879_The_Animals_Thriller.jpg,https://image.tmdb.org/t/p/original/vKKW6SsVg2JIcqFpBRDq9rtY8d3.jpg,page_379.json,ok,
790555,Faceless,Thriller,images/790555_Faceless_Thriller.jpg,https://image.tmdb.org/t/p/original/b3k5w2WfSOuSmN2eYexJGWQi1Ru.jpg,page_379.json,ok,
80021,Lost Dogs,Comedy,images/80021_Lost_Dogs_Comedy.jpg,https://image.tmdb.org/t/p/original/jYoLWgEL9aj0niD81AkorklXrG7.jpg,page_379.json,ok,
36964,Pucked,Comedy,images/36964_Pucked_Comedy.jpg,https://image.tmdb.org/t/p/original/wsT5QZgArjd5cPmaDd1SlXxQ199.jpg,page_379.json,ok,
530466,Bitter Melon,Comedy,images/530466_Bitter_Melon_Comedy.jpg,https://image.tmdb.org/t/p/original/neu9l56fsWEF7wC1Hmi2CQoDhr3.jpg,page_379.json,ok,
42560,American Fusion,Comedy,images/42560_American_Fusion_Comedy.jpg,https://image.tmdb.org/t/p/original/gbSvsULtnP9FplM3swFJg1to0Na.jpg,page_378.json,ok,
1082498,Felines,Thriller,images/1082498_Felines_Thriller.jpg,https://image.tmdb.org/t/p/original/yDsdFrKkEGaQ0ki3NHB20W8qDRU.jpg,page_379.json,ok,
1281376,Envy,Comedy,images/1281376_Envy_Comedy.jpg,https://image.tmdb.org/t/p/original/5N1blEY46Ql1iIn6k9dumeG6BdZ.jpg,page_379.json,ok,
639838,Cruel Fixation,Thriller,images/639838_Cruel_Fixation_Thriller.jpg,https://image.tmdb.org/t/p/original/1d7A66mMtoJ5TQ3UWJn26qUZEhQ.jpg,page_38.json,ok,
972533,Last Breath,Thriller,images/972533_Last_Breath_Thriller.jpg,https://image.tmdb.org/t/p/original/jc0ZvOgmYZWqTTwx2G5mkoERQM6.jpg,page_38.json,ok,
138832,We're the Millers,Comedy,images/138832_Were_the_Millers_Comedy.jpg,https://image.tmdb.org/t/p/original/qF2LJ0jwWrtXSuT4AFD5OS2IqaT.jpg,page_38.json,ok,
531219,Roald Dahl's The Witches,Comedy,images/531219_Roald_Dahls_The_Witches_Comedy.jpg,https://image.tmdb.org/t/p/original/ht6EfsM5hrsUPSR4ReJQFDVU71F.jpg,page_38.json,ok,
892452,Decrypted,Comedy,images/892452_Decrypted_Comedy.jpg,https://image.tmdb.org/t/p/original/b4fRjhvSU3hr7B5nYq34O2lW7kq.jpg,page_379.json,ok,
9353,Nacho Libre,Comedy,images/9353_Nacho_Libre_Comedy.jpg,https://image.tmdb.org/t/p/original/kh7B91bMl2lZ0mH9WhPfaNUIEQH.jpg,page_38.json,ok,
41733,Due Date,Comedy,images/41733_Due_Date_Comedy.jpg,https://image.tmdb.org/t/p/original/sBxWS09pOOyXZ0dcnqfqqCAQGan.jpg,page_38.json,ok,
17995,Eddie Griffin: DysFunktional Family,Comedy,images/17995_Eddie_Griffin_DysFunktional_Family_Comedy.jpg,https://image.tmdb.org/t/p/original/jYfGKG94Mfs8HMjqXsn9aIVqGTK.jpg,page_380.json,ok,
654955,Baldwin Beauty,Comedy,images/654955_Baldwin_Beauty_Comedy.jpg,https://image.tmdb.org/t/p/original/kBL9T3uumTsNYlZLc6TqYNGpY5Z.jpg,page_380.json,ok,
44389,Highball,Comedy,images/44389_Highball_Comedy.jpg,https://image.tmdb.org/t/p/original/s3yHsPNisOi0SulJG0cU4mId9sn.jpg,page_380.json,ok,
824016,The Palace,Comedy,images/824016_The_Palace_Comedy.jpg,https://image.tmdb.org/t/p/original/anfnDmeUuiYJgZ3h57Se0UShaSr.jpg,page_38.json,ok,
458673,Hunter's Moon,Thriller,images/458673_Hunters_Moon_Thriller.jpg,https://image.tmdb.org/t/p/original/pgsqkck2iPtyTSeZ6JVs5EMEaCK.jpg,page_380.json,ok,
1059523,Humanzee!,Comedy,images/1059523_Humanzee_Comedy.jpg,https://image.tmdb.org/t/p/original/wgsjqvhlFmOTyVWRzcxskSonVl2.jpg,page_380.json,ok,
176068,+1,Thriller,images/176068_1_Thriller.jpg,https://image.tmdb.org/t/p/original/ve3e7AzvlfLDi2z3T05tCjYAT31.jpg,page_380.json,ok,
446372,Whiskey Fist,Comedy,images/446372_Whiskey_Fist_Comedy.jpg,https://image.tmdb.org/t/p/original/x5c05zuSZA1LiSsUTcVLEjOJsmD.jpg,page_380.json,ok,
36427,I Saw Mommy Kissing Santa Claus,Comedy,images/36427_I_Saw_Mommy_Kissing_Santa_Claus_Comedy.jpg,https://image.tmdb.org/t/p/original/qYT1IElPInc5D4GhI6nqM7FgDTg.jpg,page_381.json,ok,
476678,Backstabbing for Beginners,Thriller,images/476678_Backstabbing_for_Beginners_Thriller.jpg,https://image.tmdb.org/t/p/original/WVaq7KNnittRDkgmb58DaDEnK3.jpg,page_381.json,ok,
1047836,Little Jar,Comedy,images/1047836_Little_Jar_Comedy.jpg,https://image.tmdb.org/t/p/original/n1he5VCapQhTjKn2IVFHYsiBvry.jpg,page_381.json,ok,
29636,Strangers Online,Thriller,images/29636_Strangers_Online_Thriller.jpg,https://image.tmdb.org/t/p/original/gb1FlxTa3Fx9gFIBcavD3haq88e.jpg,page_382.json,ok,
1567489,Leanne Morgan: Unspeakable Things,Comedy,images/1567489_Leanne_Morgan_Unspeakable_Things_Comedy.jpg,https://image.tmdb.org/t/p/original/bWlwHhTKyp8hB5OhReV9rCmUSFg.jpg,page_382.json,ok,
1078423,No Way Out,Thriller,images/1078423_No_Way_Out_Thriller.jpg,https://image.tmdb.org/t/p/original/vZVHFyqLo7F65M8Deuw1IDeKEqN.jpg,page_382.json,ok,
115547,The Rise & Fall of a White Collar Hooligan,Thriller,images/115547_The_Rise__Fall_of_a_White_Collar_Hooligan_Thriller.jpg,https://image.tmdb.org/t/p/original/nTz7ohw4tYZEQ7W8t2Hs7HuotYh.jpg,page_382.json,ok,
590225,Damage,Comedy,images/590225_Damage_Comedy.jpg,https://image.tmdb.org/t/p/original/vA2OfY2qc5W1OYGo1UmD8QyYWtG.jpg,page_382.json,ok,
20618,Road Trip: Beer Pong,Comedy,images/20618_Road_Trip_Beer_Pong_Comedy.jpg,https://image.tmdb.org/t/p/original/4lByVZkyTZziMCXdPZf6zkOJDN6.jpg,page_382.json,ok,
981625,Pancho's Pizza,Comedy,images/981625_Panchos_Pizza_Comedy.jpg,https://image.tmdb.org/t/p/original/4Hk9PYvgLE97e2xnBXyl0GPRvZ9.jpg,page_382.json,ok,
89857,High Road,Comedy,images/89857_High_Road_Comedy.jpg,https://image.tmdb.org/t/p/original/qQRZwequtuXOcYVHvdyAD5A5L2X.jpg,page_383.json,ok,
10564,Where the Heart Is,Comedy,images/10564_Where_the_Heart_Is_Comedy.jpg,https://image.tmdb.org/t/p/original/h8PBkTn6kDK9ZMCLj6jP6JnIBhY.jpg,page_383.json,ok,
641926,Puppet Killer,Comedy,images/641926_Puppet_Killer_Comedy.jpg,https://image.tmdb.org/t/p/original/9m0d0brPW0URhCogoE4iRzrJGd7.jpg,page_382.json,ok,
767401,1UP,Comedy,images/767401_1UP_Comedy.jpg,https://image.tmdb.org/t/p/original/kqhLjoz3FGywYXUNTCPItfDY2N8.jpg,page_383.json,ok,
10074,Hot Rod,Comedy,images/10074_Hot_Rod_Comedy.jpg,https://image.tmdb.org/t/p/original/jRkt03dXCVKnbvcQm3ygU1cjg9Y.jpg,page_382.json,ok,
881279,Joy Ride,Comedy,images/881279_Joy_Ride_Comedy.jpg,https://image.tmdb.org/t/p/original/sKN0pT1MU3XRbLKkFT36j61eHQg.jpg,page_383.json,ok,
1176912,Wireless,Comedy,images/1176912_Wireless_Comedy.jpg,https://image.tmdb.org/t/p/original/pp89hl3f6QVc0wCHNSBM91uPuZY.jpg,page_381.json,ok,
639357,Thunderbird,Thriller,images/639357_Thunderbird_Thriller.jpg,https://image.tmdb.org/t/p/original/zeMmho9Gx3Bm4YgYcXaBI9iKPf2.jpg,page_383.json,ok,
345149,Another Yeti a Love Story: Life on the Streets,Comedy,images/345149_Another_Yeti_a_Love_Story_Life_on_the_Streets_Comedy.jpg,https://image.tmdb.org/t/p/original/3rduaHmzrxxNwuaWRNOxVwrw10Z.jpg,page_383.json,ok,
408278,Deceived,Thriller,images/408278_Deceived_Thriller.jpg,https://image.tmdb.org/t/p/original/y5g4m13npddtNOTE0nGkwZI34i3.jpg,page_383.json,ok,
2830,My Boss's Daughter,Comedy,images/2830_My_Bosss_Daughter_Comedy.jpg,https://image.tmdb.org/t/p/original/6z6ehjP1GyMLFeja9pHGGZb9B2.jpg,page_383.json,ok,
426328,Stealing Chanel,Comedy,images/426328_Stealing_Chanel_Comedy.jpg,https://image.tmdb.org/t/p/original/t3lynLgD6g8D4J8PcYxs5CWYJOL.jpg,page_383.json,ok,
507143,Candy Jar,Comedy,images/507143_Candy_Jar_Comedy.jpg,https://image.tmdb.org/t/p/original/u9PG1LG0zLnl6QQxw4WoRJEroXF.jpg,page_383.json,ok,
280127,Hazard Jack,Thriller,images/280127_Hazard_Jack_Thriller.jpg,https://image.tmdb.org/t/p/original/7S7SoeQfQ7744LLoWZkFaA1yRL.jpg,page_384.json,ok,
15806,Splinter,Thriller,images/15806_Splinter_Thriller.jpg,https://image.tmdb.org/t/p/original/wJZvRhd51hVgMKt9JIg9DiwHqAT.jpg,page_384.json,ok,
71744,Eating Out: Drama Camp,Comedy,images/71744_Eating_Out_Drama_Camp_Comedy.jpg,https://image.tmdb.org/t/p/original/9a3qThJ0mRVaA5P3JqgOtO37I56.jpg,page_384.json,ok,
751583,Beyond McNasty: Filthy McNasty 4,Comedy,images/751583_Beyond_McNasty_Filthy_McNasty_4_Comedy.jpg,https://image.tmdb.org/t/p/original/lXKIHUf1vOXurhWtcBCsZLCtXSF.jpg,page_384.json,ok,
956496,Doula,Comedy,images/956496_Doula_Comedy.jpg,https://image.tmdb.org/t/p/original/4v6zhPBZuuxuFGN2CwMu97Z8u3l.jpg,page_384.json,ok,
650720,Christmas Belles,Comedy,images/650720_Christmas_Belles_Comedy.jpg,https://image.tmdb.org/t/p/original/vH4vYQxtt5LnzOOVvJ7ApytL2tY.jpg,page_384.json,ok,
803923,Every Breath You Take,Thriller,images/803923_Every_Breath_You_Take_Thriller.jpg,https://image.tmdb.org/t/p/original/nrgNXpH4x9NAkqOKhxEs3TspkHc.jpg,page_384.json,ok,
617919,Papa Zeus,Comedy,images/617919_Papa_Zeus_Comedy.jpg,https://image.tmdb.org/t/p/original/6qH1t145MyfpSzFNxsudUNTK0mG.jpg,page_380.json,ok,
457962,Shimmer Lake,Thriller,images/457962_Shimmer_Lake_Thriller.jpg,https://image.tmdb.org/t/p/original/bQHhpTHiys0CZRrdDRKvXBmM5KL.jpg,page_384.json,ok,
1023587,Austin Weird,Comedy,images/1023587_Austin_Weird_Comedy.jpg,https://image.tmdb.org/t/p/original/v9lXLpRpc2IeUKxjYks1VmVTXWn.jpg,page_384.json,ok,
746135,The Last Exorcist,Thriller,images/746135_The_Last_Exorcist_Thriller.jpg,https://image.tmdb.org/t/p/original/ivWleLvEQkSJiJ2xw1IQjJWkldp.jpg,page_384.json,ok,
880070,Sitting Babies,Comedy,images/880070_Sitting_Babies_Comedy.jpg,https://image.tmdb.org/t/p/original/8osOp2WCM9reDCQpa48bj8Nrf5j.jpg,page_384.json,ok,
354908,Sugarbabies,Thriller,images/354908_Sugarbabies_Thriller.jpg,https://image.tmdb.org/t/p/original/24LkhztCQ22In1G35SM8UDVJzoX.jpg,page_385.json,ok,
801732,The Shickles,Comedy,images/801732_The_Shickles_Comedy.jpg,https://image.tmdb.org/t/p/original/rxlcFyBEUfBhe0HYz1CHx5Rmc5v.jpg,page_385.json,ok,
770893,Christmas Staycation,Comedy,images/770893_Christmas_Staycation_Comedy.jpg,https://image.tmdb.org/t/p/original/6oQ9jrIV4GpC7GjDgdw2flt5zyg.jpg,page_385.json,ok,
516745,Observatory Blues,Comedy,images/516745_Observatory_Blues_Comedy.jpg,https://image.tmdb.org/t/p/original/5OONLPbXcXVabYi2s0T05UatQ4J.jpg,page_385.json,ok,
15365,Witless Protection,Comedy,images/15365_Witless_Protection_Comedy.jpg,https://image.tmdb.org/t/p/original/8oqQn2Yp0yc52mxZH1TDn6ByOb0.jpg,page_385.json,ok,
1189980,Kevin Bridges: The Overdue Catch-Up,Comedy,images/1189980_Kevin_Bridges_The_Overdue_Catch-Up_Comedy.jpg,https://image.tmdb.org/t/p/original/nMQ2nd2sd7USECIUE7940QjACVr.jpg,page_386.json,ok,
748593,Chicken,Comedy,images/748593_Chicken_Comedy.jpg,https://image.tmdb.org/t/p/original/3PGqQ3iYuXuQfJqZrLP7HNA8XXi.jpg,page_385.json,ok,
1258745,Slay,Comedy,images/1258745_Slay_Comedy.jpg,https://image.tmdb.org/t/p/original/jIp8fuqbCPZtSgQTn6WZGjCXNPd.jpg,page_385.json,ok,
822393,Genius,Comedy,images/822393_Genius_Comedy.jpg,https://image.tmdb.org/t/p/original/lcsuR7e3N8ofcLZ5Y1BWUDnVtvP.jpg,page_386.json,ok,
209189,Life of Crime,Comedy,images/209189_Life_of_Crime_Comedy.jpg,https://image.tmdb.org/t/p/original/apO5xGmcEHpdIBc3Zreax7MXl2m.jpg,page_386.json,ok,
491487,You Killed My Mother,Thriller,images/491487_You_Killed_My_Mother_Thriller.jpg,https://image.tmdb.org/t/p/original/l63hqrDT1S7rycQMmXKXE7FMpT8.jpg,page_386.json,ok,
972230,Maybe I Do,Comedy,images/972230_Maybe_I_Do_Comedy.jpg,https://image.tmdb.org/t/p/original/tzIx3AJ6Mw76hlOHmClS4k5tqHh.jpg,page_386.json,ok,
843394,Cat Person,Thriller,images/843394_Cat_Person_Thriller.jpg,https://image.tmdb.org/t/p/original/atrfmVWmw9NPrpFSfgUE2XG7eF9.jpg,page_386.json,ok,
23514,The Rum Diary,Comedy,images/23514_The_Rum_Diary_Comedy.jpg,https://image.tmdb.org/t/p/original/uErFROiMrpk7owQWKK3bpD4hSJs.jpg,page_386.json,ok,
271715,Basmati Blues,Comedy,images/271715_Basmati_Blues_Comedy.jpg,https://image.tmdb.org/t/p/original/8MR9Qiwfpi4ztGXe3MrIQOnX65r.jpg,page_386.json,ok,
1397640,Cameron Esposito: Four Pills,Comedy,images/1397640_Cameron_Esposito_Four_Pills_Comedy.jpg,https://image.tmdb.org/t/p/original/rkArUY8cH8emmEcrQd9Vaps2ht7.jpg,page_385.json,ok,
30250,Cold Souls,Comedy,images/30250_Cold_Souls_Comedy.jpg,https://image.tmdb.org/t/p/original/4ejJjTwoEqIKiZJOyPaHlTJh2jL.jpg,page_386.json,ok,
441421,Dear Renzo,Comedy,images/441421_Dear_Renzo_Comedy.jpg,https://image.tmdb.org/t/p/original/clJKRN1inqsvQiF14tQ0soe5Yp3.jpg,page_386.json,ok,
476796,Smear,Comedy,images/476796_Smear_Comedy.jpg,https://image.tmdb.org/t/p/original/8MPUVrg8TZaDXOJ0nbPxmJVZluh.jpg,page_387.json,ok,
1208457,STZ,Comedy,images/1208457_STZ_Comedy.jpg,https://image.tmdb.org/t/p/original/eAGnQkBXmAmQkNjalQYQgr75uZv.jpg,page_387.json,ok,
1355959,BFFs,Comedy,images/1355959_BFFs_Comedy.jpg,https://image.tmdb.org/t/p/original/iDAIMp60H7iRCCDyQlPutBqgm2M.jpg,page_387.json,ok,
487088,Devious Nanny,Thriller,images/487088_Devious_Nanny_Thriller.jpg,https://image.tmdb.org/t/p/original/hqfBa0xOhEsZlyhdnv5qcqO94vO.jpg,page_387.json,ok,
74864,Watch Out,Comedy,images/74864_Watch_Out_Comedy.jpg,https://image.tmdb.org/t/p/original/xzuHPGlN3kofqyAy6kBfbIKqTzw.jpg,page_387.json,ok,
361125,Lucky Dog,Comedy,images/361125_Lucky_Dog_Comedy.jpg,https://image.tmdb.org/t/p/original/oQwbrmPbxu8lsqFo0keCQhpqYsJ.jpg,page_387.json,ok,
790227,Ghost Light,Thriller,images/790227_Ghost_Light_Thriller.jpg,https://image.tmdb.org/t/p/original/75UGZrcUCMA1gQAmReapEd73vbz.jpg,page_387.json,ok,
735581,Adjacent,Comedy,images/735581_Adjacent_Comedy.jpg,https://image.tmdb.org/t/p/original/4OPeA4bjfkgJbMgt0wQgXOOS3FX.jpg,page_387.json,ok,
766220,Old Man,Thriller,images/766220_Old_Man_Thriller.jpg,https://image.tmdb.org/t/p/original/7Ro9PBCgUzNzmuKNLysopX0RBLU.jpg,page_387.json,ok,
588351,Reality Queen!,Comedy,images/588351_Reality_Queen_Comedy.jpg,https://image.tmdb.org/t/p/original/nXGkYwux6HfTJU1uajmhiKfrslz.jpg,page_387.json,ok,
428329,The Enigma with a Stigma,Comedy,images/428329_The_Enigma_with_a_Stigma_Comedy.jpg,https://image.tmdb.org/t/p/original/y3AEg3vtW9ihT8mDvFEA7sI2o1A.jpg,page_387.json,ok,
109830,The Right Thing,Comedy,images/109830_The_Right_Thing_Comedy.jpg,https://image.tmdb.org/t/p/original/7cVNdd9zaxdqizcov9SR7N06mbs.jpg,page_387.json,ok,
70076,Lying to Be Perfect,Comedy,images/70076_Lying_to_Be_Perfect_Comedy.jpg,https://image.tmdb.org/t/p/original/bS8rba4By9UqGQ5EtiO7VWhBM7M.jpg,page_388.json,ok,
198062,Coffee Town,Comedy,images/198062_Coffee_Town_Comedy.jpg,https://image.tmdb.org/t/p/original/475PTJRhikorye5BnTan5BPm85j.jpg,page_388.json,ok,
485723,The Misogynists,Comedy,images/485723_The_Misogynists_Comedy.jpg,https://image.tmdb.org/t/p/original/yDgXwMc5hLfqYDXvXoQThV32LKj.jpg,page_387.json,ok,
926008,The Beanie Bubble,Comedy,images/926008_The_Beanie_Bubble_Comedy.jpg,https://image.tmdb.org/t/p/original/9YDW8dCrQyRpppK5985hKY1Mc8X.jpg,page_388.json,ok,
767825,Moonshot,Comedy,images/767825_Moonshot_Comedy.jpg,https://image.tmdb.org/t/p/original/thqgzBPEDYQX0taszVus5nYMtTZ.jpg,page_388.json,ok,
443422,The Heckler,Comedy,images/443422_The_Heckler_Comedy.jpg,https://image.tmdb.org/t/p/original/jfqYW2uNQj9rwgrjSyMyp3D54z1.jpg,page_388.json,ok,
684869,Burning Dog,Thriller,images/684869_Burning_Dog_Thriller.jpg,https://image.tmdb.org/t/p/original/b9D1WtgNk2ULjd2eI0uq4eLynpd.jpg,page_388.json,ok,
1196573,She Rides Shotgun,Thriller,images/1196573_She_Rides_Shotgun_Thriller.jpg,https://image.tmdb.org/t/p/original/nvqW8mOm818QDio3GKKmPLK8kXj.jpg,page_388.json,ok,
290714,The Surface,Thriller,images/290714_The_Surface_Thriller.jpg,https://image.tmdb.org/t/p/original/4JNyPLxwlqreQMSzZ5lTr59h2Zb.jpg,page_388.json,ok,
77026,Campus Confidential,Comedy,images/77026_Campus_Confidential_Comedy.jpg,https://image.tmdb.org/t/p/original/zqyK1j0gjrtbYlUO8c2CDCZ2snd.jpg,page_388.json,ok,
313511,Largo,Comedy,images/313511_Largo_Comedy.jpg,https://image.tmdb.org/t/p/original/bpA4z6JY8TqR2kfApivIfB4pkMO.jpg,page_389.json,ok,
1171346,Once Upon a Time in... Hollywierd,Comedy,images/1171346_Once_Upon_a_Time_in..._Hollywierd_Comedy.jpg,https://image.tmdb.org/t/p/original/1HEMTPFsqmlU5PkSrqLjJrX4BlS.jpg,page_389.json,ok,
882251,Silent Hours,Thriller,images/882251_Silent_Hours_Thriller.jpg,https://image.tmdb.org/t/p/original/jaz7LlPq92tm4eCquZg1c3P68YL.jpg,page_389.json,ok,
724901,Stalker,Thriller,images/724901_Stalker_Thriller.jpg,https://image.tmdb.org/t/p/original/r0DxpP5gdTPQKxZrBV4FWQdBfLB.jpg,page_389.json,ok,
157849,A Most Wanted Man,Thriller,images/157849_A_Most_Wanted_Man_Thriller.jpg,https://image.tmdb.org/t/p/original/6B76Z5Ct758RfKFoFg37skVRiMp.jpg,page_389.json,ok,
141732,Garbage,Comedy,images/141732_Garbage_Comedy.jpg,https://image.tmdb.org/t/p/original/kekoO4Y0Vi8ewIthTbmgnMSYY0i.jpg,page_389.json,ok,
480403,Stickman,Thriller,images/480403_Stickman_Thriller.jpg,https://image.tmdb.org/t/p/original/brlxFn8t5ez5KAGDjQuC1bGp1Fk.jpg,page_389.json,ok,
784986,Love in Translation,Comedy,images/784986_Love_in_Translation_Comedy.jpg,https://image.tmdb.org/t/p/original/1EediCxkAZ6u3vVlF35pgQ4LhV5.jpg,page_389.json,ok,
82099,Holiday Engagement,Comedy,images/82099_Holiday_Engagement_Comedy.jpg,https://image.tmdb.org/t/p/original/4yM1krPnjkWhIOmrY33mVQgSwXJ.jpg,page_39.json,ok,
9880,The Princess Diaries,Comedy,images/9880_The_Princess_Diaries_Comedy.jpg,https://image.tmdb.org/t/p/original/qSw4lzhDGeM5MjQc86BLzJALhBs.jpg,page_39.json,ok,
408567,Deadly Pickup,Thriller,images/408567_Deadly_Pickup_Thriller.jpg,https://image.tmdb.org/t/p/original/kq0B2DAXRhauo3MACv8MKlliakW.jpg,page_39.json,ok,
1101401,Sugar Baby,Thriller,images/1101401_Sugar_Baby_Thriller.jpg,https://image.tmdb.org/t/p/original/z7NyxmdJ1ypn3Y6BVizjGODuBdO.jpg,page_39.json,ok,
8141,You Kill Me,Comedy,images/8141_You_Kill_Me_Comedy.jpg,https://image.tmdb.org/t/p/original/4C5VQVdE2YRBPhpZLnExk1XUzDZ.jpg,page_390.json,ok,
441728,Hampstead,Comedy,images/441728_Hampstead_Comedy.jpg,https://image.tmdb.org/t/p/original/svyFdV8QrOyheU2lEDuBnrcCQT5.jpg,page_39.json,ok,
37691,Bread and Roses,Comedy,images/37691_Bread_and_Roses_Comedy.jpg,https://image.tmdb.org/t/p/original/aNk0yx0xRcs66OdByiy2pJaFhI6.jpg,page_390.json,ok,
277547,Playing It Cool,Comedy,images/277547_Playing_It_Cool_Comedy.jpg,https://image.tmdb.org/t/p/original/96htqghZlKctNJqDLo2DuC9PEap.jpg,page_390.json,ok,
585728,The Ex Next Door,Thriller,images/585728_The_Ex_Next_Door_Thriller.jpg,https://image.tmdb.org/t/p/original/5XpT9kXiZQGaje0aYBpAD1C7tdN.jpg,page_390.json,ok,
344806,A Midsummer Night's Dream - Live at Shakespeare's Globe,Comedy,images/344806_A_Midsummer_Nights_Dream_-_Live_at_Shakespeares_Globe_Comedy.jpg,https://image.tmdb.org/t/p/original/kBNRQPNqurNAiunQUTVwg4lu9Rm.jpg,page_390.json,ok,
702322,Ascension,Comedy,images/702322_Ascension_Comedy.jpg,https://image.tmdb.org/t/p/original/eHLZiLMvBL7oK2LAWekemb3xFjS.jpg,page_391.json,ok,
280741,The Dogwalker,Comedy,images/280741_The_Dogwalker_Comedy.jpg,https://image.tmdb.org/t/p/original/vYK2eejTvIfY5C88uMuYDLmBNXK.jpg,page_390.json,ok,
1255649,Golden,Thriller,images/1255649_Golden_Thriller.jpg,https://image.tmdb.org/t/p/original/zqKvzRYVzIRLbZMPcmUh2oQFCu9.jpg,page_391.json,ok,
19366,Josie and the Pussycats,Comedy,images/19366_Josie_and_the_Pussycats_Comedy.jpg,https://image.tmdb.org/t/p/original/jZDTbsLCufLShWJBTScuGf8T8Rw.jpg,page_391.json,ok,
537196,Bromance,Comedy,images/537196_Bromance_Comedy.jpg,https://image.tmdb.org/t/p/original/1wxtnbvxdFY7R3LPxXYSXm3M3sx.jpg,page_391.json,ok,
281351,Scar Tissue,Thriller,images/281351_Scar_Tissue_Thriller.jpg,https://image.tmdb.org/t/p/original/lfy6hLGmw8MxdOaRhlCi8AhkLsS.jpg,page_391.json,ok,
641934,Am I OK?,Comedy,images/641934_Am_I_OK_Comedy.jpg,https://image.tmdb.org/t/p/original/qKkaG7HVFVe7C1JuxTGwNz0eSyL.jpg,page_391.json,ok,
93320,Bollywood Calling,Comedy,images/93320_Bollywood_Calling_Comedy.jpg,https://image.tmdb.org/t/p/original/jwn3kzMEzUpdoxsildqtEYcVDqq.jpg,page_391.json,ok,
808424,The Stranger,Thriller,images/808424_The_Stranger_Thriller.jpg,https://image.tmdb.org/t/p/original/fzJSvx9YSQSQq4jX91qbdujk7jU.jpg,page_392.json,ok,
15011,Red Mist,Thriller,images/15011_Red_Mist_Thriller.jpg,https://image.tmdb.org/t/p/original/zkXdFchk58WcGD8eVdVhzQ3LpiU.jpg,page_392.json,ok,
22116,Naked Boys Singing!,Comedy,images/22116_Naked_Boys_Singing_Comedy.jpg,https://image.tmdb.org/t/p/original/3vnWShWrSN15HaJyVR2uCKW9jGL.jpg,page_391.json,ok,
900427,Skateshop,Comedy,images/900427_Skateshop_Comedy.jpg,https://image.tmdb.org/t/p/original/5cqeF9FAcTFhP71T4isdTzVrwo4.jpg,page_392.json,ok,
625542,Mike E. Winfield: Stepman,Comedy,images/625542_Mike_E._Winfield_Stepman_Comedy.jpg,https://image.tmdb.org/t/p/original/lcU9xXWgSEFRA50ryHyMYTh9jZw.jpg,page_391.json,ok,
949911,Dirtbag,Comedy,images/949911_Dirtbag_Comedy.jpg,https://image.tmdb.org/t/p/original/hNAmL0RMXapswRFplYlVTsxdo8D.jpg,page_391.json,ok,
1138308,I Am Phenomenal,Comedy,images/1138308_I_Am_Phenomenal_Comedy.jpg,https://image.tmdb.org/t/p/original/ufDUWkIWyaN6Wk68wLCerzBrZlb.jpg,page_392.json,ok,
481428,PooP,Comedy,images/481428_PooP_Comedy.jpg,https://image.tmdb.org/t/p/original/izCWz4pVBz9ievTih5h4Czk5Bp0.jpg,page_392.json,ok,
869821,Christine,Comedy,images/869821_Christine_Comedy.jpg,https://image.tmdb.org/t/p/original/o0m6u8bedVEHC42hJareytvJ5DF.jpg,page_393.json,ok,
405795,Confessions,Comedy,images/405795_Confessions_Comedy.jpg,https://image.tmdb.org/t/p/original/6AchKQ37WAhzkZXEpp0JA6gynLI.jpg,page_393.json,ok,
718284,Facade,Thriller,images/718284_Facade_Thriller.jpg,https://image.tmdb.org/t/p/original/l2E89K3TJh3YXYM2G7KhT3Bkldi.jpg,page_393.json,ok,
558581,Gloria Talks Funny,Comedy,images/558581_Gloria_Talks_Funny_Comedy.jpg,https://image.tmdb.org/t/p/original/yN5m2YBvvom8z6PoLkmUBLohlej.jpg,page_392.json,ok,
432484,Peter Pan Goes Wrong,Comedy,images/432484_Peter_Pan_Goes_Wrong_Comedy.jpg,https://image.tmdb.org/t/p/original/w51RLl8xLyFbSWDndMw5lgaxx3K.jpg,page_393.json,ok,
471507,Destroyer,Thriller,images/471507_Destroyer_Thriller.jpg,https://image.tmdb.org/t/p/original/sHw9gTdo43nJL82py0oaROkXXNr.jpg,page_392.json,ok,
336445,Army of One,Comedy,images/336445_Army_of_One_Comedy.jpg,https://image.tmdb.org/t/p/original/tUmo47WFeFRIQktGXYxWnSZXO6P.jpg,page_393.json,ok,
347392,Slice,Comedy,images/347392_Slice_Comedy.jpg,https://image.tmdb.org/t/p/original/bznkSqWqj43DhzHrbLehsr6ncb0.jpg,page_393.json,ok,
242643,Batman: Assault on Arkham,Thriller,images/242643_Batman_Assault_on_Arkham_Thriller.jpg,https://image.tmdb.org/t/p/original/b9KxvIAZkl2f57kjObj8Z9z9LhL.jpg,page_393.json,ok,
900407,Tapawingo,Comedy,images/900407_Tapawingo_Comedy.jpg,https://image.tmdb.org/t/p/original/dhgmGkQ4Ahs9abM7ZW5NO0Amst5.jpg,page_394.json,ok,
269173,The Anomaly,Thriller,images/269173_The_Anomaly_Thriller.jpg,https://image.tmdb.org/t/p/original/s56VZf9TsFmRSJ549nCI8RgKTr.jpg,page_394.json,ok,
461821,Killer Mom,Thriller,images/461821_Killer_Mom_Thriller.jpg,https://image.tmdb.org/t/p/original/3MYu7poNt56zqzNN7WTTmQN6YPX.jpg,page_394.json,ok,
308,Broken Flowers,Comedy,images/308_Broken_Flowers_Comedy.jpg,https://image.tmdb.org/t/p/original/gd8JNjwgiM6ZgGm6NFAkovQWoYn.jpg,page_394.json,ok,
1390029,TylerTank,Thriller,images/1390029_TylerTank_Thriller.jpg,https://image.tmdb.org/t/p/original/39LjRROISBMdWqTa4pG88NyxNvL.jpg,page_394.json,ok,
206527,Grad Night,Comedy,images/206527_Grad_Night_Comedy.jpg,https://image.tmdb.org/t/p/original/uTSM0wpSwMQM2yupL0AT0XAS5OG.jpg,page_394.json,ok,
616257,Rule of 3,Thriller,images/616257_Rule_of_3_Thriller.jpg,https://image.tmdb.org/t/p/original/x54yHNeQObfr9zvINgVu9kmWZgh.jpg,page_394.json,ok,
535041,Last Supper,Thriller,images/535041_Last_Supper_Thriller.jpg,https://image.tmdb.org/t/p/original/3FHa3wbX6TjXr3VupBfYOOE65Ve.jpg,page_394.json,ok,
293970,The Final Girls,Comedy,images/293970_The_Final_Girls_Comedy.jpg,https://image.tmdb.org/t/p/original/gQYKSRVo5iZACFOY6x50RblI6rx.jpg,page_394.json,ok,
82150,Grand Champion,Comedy,images/82150_Grand_Champion_Comedy.jpg,https://image.tmdb.org/t/p/original/i24UVXhY87heW2xZYu06QvQnTg3.jpg,page_395.json,ok,
748668,Cheque,Comedy,images/748668_Cheque_Comedy.jpg,https://image.tmdb.org/t/p/original/1g4UUjmPtKrdUGAMRIzUhBq1Lwi.jpg,page_394.json,ok,
366017,You Cast A Spell On Me,Comedy,images/366017_You_Cast_A_Spell_On_Me_Comedy.jpg,https://image.tmdb.org/t/p/original/b2G8efmhPl8hXtQCCmWXNuXRjF6.jpg,page_395.json,ok,
58678,Alarm,Thriller,images/58678_Alarm_Thriller.jpg,https://image.tmdb.org/t/p/original/3OXaxsSvji5em07xPPYExCcfGFo.jpg,page_395.json,ok,
35153,The Heavy,Thriller,images/35153_The_Heavy_Thriller.jpg,https://image.tmdb.org/t/p/original/mK6fRTKI1onEZLWcKozHIPeFQ8k.jpg,page_395.json,ok,
292822,A Midsummer Night's Dream,Comedy,images/292822_A_Midsummer_Nights_Dream_Comedy.jpg,https://image.tmdb.org/t/p/original/qNAfFjBGmRL0qxdAU0uoluDM5W7.jpg,page_395.json,ok,
848331,Honk for Jesus. Save Your Soul.,Comedy,images/848331_Honk_for_Jesus._Save_Your_Soul._Comedy.jpg,https://image.tmdb.org/t/p/original/gC5HfzG2xUbqSPaXPdqTiE94c79.jpg,page_395.json,ok,
1002626,The Supremes at Earl's All-You-Can-Eat,Comedy,images/1002626_The_Supremes_at_Earls_All-You-Can-Eat_Comedy.jpg,https://image.tmdb.org/t/p/original/b6gnKDl7iMbW0LqrruhrzVArgVB.jpg,page_395.json,ok,
1023915,2073,Thriller,images/1023915_2073_Thriller.jpg,https://image.tmdb.org/t/p/original/l67ir3kU53FYd6Vjwhqrkih1H1P.jpg,page_395.json,ok,
1028564,Dying for a Crown,Thriller,images/1028564_Dying_for_a_Crown_Thriller.jpg,https://image.tmdb.org/t/p/original/4pNA59VDXAEgKwhIhoShedvr0KX.jpg,page_396.json,ok,
563903,Nothing Like Thanksgiving,Comedy,images/563903_Nothing_Like_Thanksgiving_Comedy.jpg,https://image.tmdb.org/t/p/original/AcSbHKEBSALrqwiH8zvGqBMRgAh.jpg,page_395.json,ok,
716628,The Candy Shop,Comedy,images/716628_The_Candy_Shop_Comedy.jpg,https://image.tmdb.org/t/p/original/zWbFB917hcMQWLY5eDfmg3i2JMS.jpg,page_395.json,ok,
1181645,The Hurler: A Campion's Tale,Comedy,images/1181645_The_Hurler_A_Campions_Tale_Comedy.jpg,https://image.tmdb.org/t/p/original/rnvL1OAxOOhdILrr0a05RKwouRw.jpg,page_395.json,ok,
375867,Paris Can Wait,Comedy,images/375867_Paris_Can_Wait_Comedy.jpg,https://image.tmdb.org/t/p/original/jLzfHNU1JldQpC5TNEvQMnWQxx6.jpg,page_396.json,ok,
552692,Mammoth,Comedy,images/552692_Mammoth_Comedy.jpg,https://image.tmdb.org/t/p/original/cBDbTOEAZE2mDwZcByns6VWFNpj.jpg,page_395.json,ok,
463821,The House with a Clock in Its Walls,Comedy,images/463821_The_House_with_a_Clock_in_Its_Walls_Comedy.jpg,https://image.tmdb.org/t/p/original/qM66Hv4ByAxnilr0jaqCA9uOD4Y.jpg,page_396.json,ok,
421076,The Flag,Comedy,images/421076_The_Flag_Comedy.jpg,https://image.tmdb.org/t/p/original/jkF8C0n8aA72SjFjUlyEnECP8ZW.jpg,page_396.json,ok,
812853,Hitler Upside Down,Comedy,images/812853_Hitler_Upside_Down_Comedy.jpg,https://image.tmdb.org/t/p/original/1rL3u07NEr7C1V3h3esqjNZGlS8.jpg,page_396.json,ok,
502109,Air Disturbance,Thriller,images/502109_Air_Disturbance_Thriller.jpg,https://image.tmdb.org/t/p/original/pbztZj4S9ZkPqJ4fQsUp4ZT1Wiz.jpg,page_396.json,ok,
2122,The Whole Ten Yards,Comedy,images/2122_The_Whole_Ten_Yards_Comedy.jpg,https://image.tmdb.org/t/p/original/4fbglyCpPqK1u40fhncLXKAF74A.jpg,page_396.json,ok,
326423,Barbershop: The Next Cut,Comedy,images/326423_Barbershop_The_Next_Cut_Comedy.jpg,https://image.tmdb.org/t/p/original/9mwzidlGgWfr2hcMWUKM86lOqdo.jpg,page_397.json,ok,
25641,My First Mister,Comedy,images/25641_My_First_Mister_Comedy.jpg,https://image.tmdb.org/t/p/original/xP2JKtdq77aWWZ1LCGsR68co5Jw.jpg,page_396.json,ok,
434758,The Summoning,Thriller,images/434758_The_Summoning_Thriller.jpg,https://image.tmdb.org/t/p/original/q9zpI0hjuFFp08zInzwuvhcvglX.jpg,page_397.json,ok,
761388,Lady of the Manor,Comedy,images/761388_Lady_of_the_Manor_Comedy.jpg,https://image.tmdb.org/t/p/original/n3G5XLqmJSs4RvozoIsqaTWTHRq.jpg,page_397.json,ok,
1065616,Amityville Death Toilet,Comedy,images/1065616_Amityville_Death_Toilet_Comedy.jpg,https://image.tmdb.org/t/p/original/r6k51hFMVgqCF5nE8m8qZ5P5qAC.jpg,page_397.json,ok,
51634,Shake,Thriller,images/51634_Shake_Thriller.jpg,https://image.tmdb.org/t/p/original/attoYew7VLu6JGHckBUDduIuKdU.jpg,page_397.json,ok,
726493,Dog Bowl,Comedy,images/726493_Dog_Bowl_Comedy.jpg,https://image.tmdb.org/t/p/original/xTviwx0EIqE8tO11mGWQiRLLply.jpg,page_397.json,ok,
77875,Playing for Keeps,Comedy,images/77875_Playing_for_Keeps_Comedy.jpg,https://image.tmdb.org/t/p/original/jYv6MqOoAIpxZd6ydJ4S5S2QHDZ.jpg,page_398.json,ok,
749309,Grapefruit,Comedy,images/749309_Grapefruit_Comedy.jpg,https://image.tmdb.org/t/p/original/wL5LH71npAuXjKFiTb1vN5ZLt9X.jpg,page_397.json,ok,
877592,Wall,Thriller,images/877592_Wall_Thriller.jpg,https://image.tmdb.org/t/p/original/6aFNUlmIE6j9qLJT7DLX7uFMzS1.jpg,page_398.json,ok,
741861,Like Love,Comedy,images/741861_Like_Love_Comedy.jpg,https://image.tmdb.org/t/p/original/npbqTWA1ybCLZHQg8jRfAYf6YS8.jpg,page_398.json,ok,
244001,Bo Burnham: What.,Comedy,images/244001_Bo_Burnham_What._Comedy.jpg,https://image.tmdb.org/t/p/original/kGDpMWPOKStmvf4F1gkqfeFZmXA.jpg,page_398.json,ok,
1030987,Sympathy for the Devil,Thriller,images/1030987_Sympathy_for_the_Devil_Thriller.jpg,https://image.tmdb.org/t/p/original/afGdVMa80LMs6ibLP22CwM5uI4e.jpg,page_398.json,ok,
1272162,Poetic License,Comedy,images/1272162_Poetic_License_Comedy.jpg,https://image.tmdb.org/t/p/original/cQE08yzryRtmoAZEnQZGmG95pfs.jpg,page_398.json,ok,
66159,The Most Fertile Man in Ireland,Comedy,images/66159_The_Most_Fertile_Man_in_Ireland_Comedy.jpg,https://image.tmdb.org/t/p/original/9rETAsUfz4CX9BpIVxVfdlMv9Vr.jpg,page_398.json,ok,
957042,The Protector,Thriller,images/957042_The_Protector_Thriller.jpg,https://image.tmdb.org/t/p/original/vlpJXIFYF0m0TFdtYXb8YmNMBhV.jpg,page_398.json,ok,
444296,Deadly Lessons,Thriller,images/444296_Deadly_Lessons_Thriller.jpg,https://image.tmdb.org/t/p/original/avaEwdO8SOu2lKnzWdxvYGvRC2I.jpg,page_398.json,ok,
611179,The Trip to Greece,Comedy,images/611179_The_Trip_to_Greece_Comedy.jpg,https://image.tmdb.org/t/p/original/jeO1whXLtQrCNAvjlO4XeAea0rP.jpg,page_399.json,ok,
693057,Margoland,Comedy,images/693057_Margoland_Comedy.jpg,https://image.tmdb.org/t/p/original/aoLy3irtQWGifayrzTJgWCiKdXp.jpg,page_396.json,ok,
794379,Feral State,Thriller,images/794379_Feral_State_Thriller.jpg,https://image.tmdb.org/t/p/original/x6qTBIZdEmAaXCvaQqmBHYWe1lQ.jpg,page_399.json,ok,
1513753,Fatal Desires,Thriller,images/1513753_Fatal_Desires_Thriller.jpg,https://image.tmdb.org/t/p/original/ghwSpQi4ImJs8M8GCMNWHOAXruG.jpg,page_399.json,ok,
334699,Truth,Thriller,images/334699_Truth_Thriller.jpg,https://image.tmdb.org/t/p/original/mhKDKZZCix4vaaJWh3oUuGvdwvW.jpg,page_399.json,ok,
94042,Showgirls 2: Penny's from Heaven,Comedy,images/94042_Showgirls_2_Pennys_from_Heaven_Comedy.jpg,https://image.tmdb.org/t/p/original/xhZxSR3FS026SPf644d3KYHfiu1.jpg,page_399.json,ok,
9027,The Guru,Comedy,images/9027_The_Guru_Comedy.jpg,https://image.tmdb.org/t/p/original/1GQ4nYfRU4rANvCFq4y2o1GExgQ.jpg,page_399.json,ok,
17906,Dummy,Comedy,images/17906_Dummy_Comedy.jpg,https://image.tmdb.org/t/p/original/ii8h0p26vhp4G6x5Hw86ka3ys45.jpg,page_4.json,ok,
623664,Stuck,Comedy,images/623664_Stuck_Comedy.jpg,https://image.tmdb.org/t/p/original/6KJ0QyRJIAQ7cpZCvrEA4iBYHpE.jpg,page_399.json,ok,
9870,Forgetting Sarah Marshall,Comedy,images/9870_Forgetting_Sarah_Marshall_Comedy.jpg,https://image.tmdb.org/t/p/original/d4elOzyhNWVlxpG7BwigrumkFTe.jpg,page_4.json,ok,
609790,Luckee,Comedy,images/609790_Luckee_Comedy.jpg,https://image.tmdb.org/t/p/original/zhBDh2MLVk3DaNwVNUD63rfaCnG.jpg,page_399.json,ok,
390407,Little Boxes,Comedy,images/390407_Little_Boxes_Comedy.jpg,https://image.tmdb.org/t/p/original/2MARwPALPBlLUN9OyBqvDdeSenQ.jpg,page_4.json,ok,
84336,Shadow Dancer,Thriller,images/84336_Shadow_Dancer_Thriller.jpg,https://image.tmdb.org/t/p/original/ihkceEMJK4XtHXgw97ggsrE3ExP.jpg,page_4.json,ok,
1063422,The Strays,Thriller,images/1063422_The_Strays_Thriller.jpg,https://image.tmdb.org/t/p/original/3OKBFYRVSKkBVJ7WpKogTVQfUqC.jpg,page_4.json,ok,
72890,Girl Most Likely,Comedy,images/72890_Girl_Most_Likely_Comedy.jpg,https://image.tmdb.org/t/p/original/6chqhaNb2TwyaMeknbThUzziPWq.jpg,page_4.json,ok,
97434,Gambit,Comedy,images/97434_Gambit_Comedy.jpg,https://image.tmdb.org/t/p/original/9oj9hpmMLaMhsRpSRCBaoQOpPxM.jpg,page_40.json,ok,
1532673,The Womb,Thriller,images/1532673_The_Womb_Thriller.jpg,https://image.tmdb.org/t/p/original/Z9SC4KiyVkoFz66minanrBNo5Q.jpg,page_40.json,ok,
508,Love Actually,Comedy,images/508_Love_Actually_Comedy.jpg,https://image.tmdb.org/t/p/original/7QPeVsr9rcFU9Gl90yg0gTOTpVv.jpg,page_40.json,ok,
231554,Fast Romance,Comedy,images/231554_Fast_Romance_Comedy.jpg,https://image.tmdb.org/t/p/original/flommTAjfAY5G8R6A2vL8B1mz32.jpg,page_40.json,ok,
621998,Indie Director,Comedy,images/621998_Indie_Director_Comedy.jpg,https://image.tmdb.org/t/p/original/9aWVEs3Pzm2J5Kxe4DqY9C6oCNm.jpg,page_400.json,ok,
71726,Snowmen,Comedy,images/71726_Snowmen_Comedy.jpg,https://image.tmdb.org/t/p/original/YYz6nzEDXliCdbrxzN8CF5F2yp.jpg,page_397.json,ok,
44028,Suck,Comedy,images/44028_Suck_Comedy.jpg,https://image.tmdb.org/t/p/original/23cE4h55B8fgtt0XiQZZNWE3RfH.jpg,page_400.json,ok,
903088,Comedy Chingonas,Comedy,images/903088_Comedy_Chingonas_Comedy.jpg,https://image.tmdb.org/t/p/original/7IzVyp18re9YFREkmz8ciqtRyWq.jpg,page_400.json,ok,
109167,Hounded,Comedy,images/109167_Hounded_Comedy.jpg,https://image.tmdb.org/t/p/original/p72pUEPo2FpA2dcOrRckG7Z5rle.jpg,page_400.json,ok,
42673,Santa Baby 2,Comedy,images/42673_Santa_Baby_2_Comedy.jpg,https://image.tmdb.org/t/p/original/aXASsMZ96szEoK593ZNcYqHAd65.jpg,page_400.json,ok,
290336,Montana,Thriller,images/290336_Montana_Thriller.jpg,https://image.tmdb.org/t/p/original/wpoaBvuSEudMzPdvrd9jRAlbCW.jpg,page_400.json,ok,
7006,White Noise 2: The Light,Thriller,images/7006_White_Noise_2_The_Light_Thriller.jpg,https://image.tmdb.org/t/p/original/7rp6W0Rj7BoopylLnIRsIScDu9W.jpg,page_401.json,ok,
9925,Funny Money,Comedy,images/9925_Funny_Money_Comedy.jpg,https://image.tmdb.org/t/p/original/oG3jWUZiDqqrdk3oKwPEkuwoN89.jpg,page_400.json,ok,
716470,I Love to Wait,Comedy,images/716470_I_Love_to_Wait_Comedy.jpg,https://image.tmdb.org/t/p/original/g8BxfYsOY4c3SRyewmLUmttDk3s.jpg,page_401.json,ok,
168583,Move On,Thriller,images/168583_Move_On_Thriller.jpg,https://image.tmdb.org/t/p/original/ncasL4BDqyPhJhadeqwl6VSWhu9.jpg,page_401.json,ok,
444921,Open House,Thriller,images/444921_Open_House_Thriller.jpg,https://image.tmdb.org/t/p/original/ttbdHKxrLGZAw4X87hd5utqR1sb.jpg,page_401.json,ok,
21117,Dirty Tricks,Comedy,images/21117_Dirty_Tricks_Comedy.jpg,https://image.tmdb.org/t/p/original/zudIAprFCXwyc3s6ABN8SSh3PUq.jpg,page_401.json,ok,
1057513,Poison Arrows,Comedy,images/1057513_Poison_Arrows_Comedy.jpg,https://image.tmdb.org/t/p/original/Awl3j3a7EbvDub0moFiZgHMPwWm.jpg,page_401.json,ok,
793080,Golden State,Comedy,images/793080_Golden_State_Comedy.jpg,https://image.tmdb.org/t/p/original/ij8w1IfpTe8GFLWM0JRqaVbi908.jpg,page_401.json,ok,
243120,Cinema Six,Comedy,images/243120_Cinema_Six_Comedy.jpg,https://image.tmdb.org/t/p/original/n8lsKL9WoH0btjuIs037xCwxA94.jpg,page_402.json,ok,
497814,Breaking In,Thriller,images/497814_Breaking_In_Thriller.jpg,https://image.tmdb.org/t/p/original/nuCxJwcQOEKYoiHTgcf4em8TxWv.jpg,page_402.json,ok,
9809,Let's Go to Prison,Comedy,images/9809_Lets_Go_to_Prison_Comedy.jpg,https://image.tmdb.org/t/p/original/4FAieUHmV0zhCbvIgI8eGoLfDIJ.jpg,page_402.json,ok,
13650,Delirious,Comedy,images/13650_Delirious_Comedy.jpg,https://image.tmdb.org/t/p/original/gO1rApi3dfHYUjKnB5JXOMvXxUd.jpg,page_402.json,ok,
176077,Enter the Dangerous Mind,Thriller,images/176077_Enter_the_Dangerous_Mind_Thriller.jpg,https://image.tmdb.org/t/p/original/jzoozJFGbMxpjGli5moZuBfbzKS.jpg,page_402.json,ok,
175245,Ferocious,Thriller,images/175245_Ferocious_Thriller.jpg,https://image.tmdb.org/t/p/original/zhnZqFE7kaws6fBZkkZKy3g0C2H.jpg,page_402.json,ok,
597202,Benjamin,Comedy,images/597202_Benjamin_Comedy.jpg,https://image.tmdb.org/t/p/original/wJM6q4eDYVlUluHGiDTyQbh7DFs.jpg,page_402.json,ok,
612727,County General,Comedy,images/612727_County_General_Comedy.jpg,https://image.tmdb.org/t/p/original/gUtkbHUDOpI90eard3Yo0Owz4wb.jpg,page_403.json,ok,
109431,Identity Thief,Comedy,images/109431_Identity_Thief_Comedy.jpg,https://image.tmdb.org/t/p/original/lIliJCGoWT6tEVaDivLpXEf038w.jpg,page_402.json,ok,
372790,FSM,Comedy,images/372790_FSM_Comedy.jpg,https://image.tmdb.org/t/p/original/sfBazNPZbn91Aa6vUjjoxjkB6g3.jpg,page_400.json,ok,
1425122,A Very Jonas Christmas Movie,Comedy,images/1425122_A_Very_Jonas_Christmas_Movie_Comedy.jpg,https://image.tmdb.org/t/p/original/kGLgaDrYWmTAdRFzGP5pBquRnhO.jpg,page_402.json,ok,
1546414,Egg Timer,Comedy,images/1546414_Egg_Timer_Comedy.jpg,https://image.tmdb.org/t/p/original/rZotJCC6xvGTCIMfmLxrweyD7wz.jpg,page_402.json,ok,
331165,Going Out,Comedy,images/331165_Going_Out_Comedy.jpg,https://image.tmdb.org/t/p/original/zJh5tbHqUEC0025hehF90U2e2V8.jpg,page_402.json,ok,
849758,Danger in the Spotlight,Thriller,images/849758_Danger_in_the_Spotlight_Thriller.jpg,https://image.tmdb.org/t/p/original/mGSNpb91W9aDKtEeo2iBAimqgr1.jpg,page_403.json,ok,
33004,Lullaby,Thriller,images/33004_Lullaby_Thriller.jpg,https://image.tmdb.org/t/p/original/4DrHepoFJMOVAPjerGpHIk6wHU.jpg,page_403.json,ok,
13440,The Truth About Charlie,Thriller,images/13440_The_Truth_About_Charlie_Thriller.jpg,https://image.tmdb.org/t/p/original/qdFrAP8NrsPeAOBmSi5FeycRbo0.jpg,page_403.json,ok,
762640,The Hopewell Haunting,Thriller,images/762640_The_Hopewell_Haunting_Thriller.jpg,https://image.tmdb.org/t/p/original/51D62shZCkCkkYonnYdlhOCDSsA.jpg,page_403.json,ok,
16358,Eulogy,Comedy,images/16358_Eulogy_Comedy.jpg,https://image.tmdb.org/t/p/original/u56l2hEhbiVHT4wcjBapcVtAtY6.jpg,page_403.json,ok,
1187417,Rumours,Comedy,images/1187417_Rumours_Comedy.jpg,https://image.tmdb.org/t/p/original/lAjLzQDyUXxCH4tOBxkRYDbBpY.jpg,page_403.json,ok,
1324495,Bad Fish,Thriller,images/1324495_Bad_Fish_Thriller.jpg,https://image.tmdb.org/t/p/original/t50tvosFJKPM6UCAaH6Q0hORXcJ.jpg,page_403.json,ok,
972256,Glimpse,Thriller,images/972256_Glimpse_Thriller.jpg,https://image.tmdb.org/t/p/original/5Ki6ZtQs7U500VH3eaJho7jz2yg.jpg,page_403.json,ok,
72642,Solitary,Thriller,images/72642_Solitary_Thriller.jpg,https://image.tmdb.org/t/p/original/fVihcDivL3pIbP6wNNMIOnPDkRj.jpg,page_404.json,ok,
557676,Trendy,Thriller,images/557676_Trendy_Thriller.jpg,https://image.tmdb.org/t/p/original/wyxFnSKcKpJdyZR5SKf4VyIuzHB.jpg,page_404.json,ok,
124459,The Incredible Burt Wonderstone,Comedy,images/124459_The_Incredible_Burt_Wonderstone_Comedy.jpg,https://image.tmdb.org/t/p/original/Bl95sg5Ljo3Hu9SSL0JOvLerLh.jpg,page_404.json,ok,
403110,SWAT: Warhead One,Thriller,images/403110_SWAT_Warhead_One_Thriller.jpg,https://image.tmdb.org/t/p/original/laLeWGbOsgMdYI3kUFKRCVzOMpU.jpg,page_404.json,ok,
1231273,Final Wager,Comedy,images/1231273_Final_Wager_Comedy.jpg,https://image.tmdb.org/t/p/original/7fA3Ms1KvTjvMIjsKy1de9ACjvN.jpg,page_404.json,ok,
49756,Kid Racer,Comedy,images/49756_Kid_Racer_Comedy.jpg,https://image.tmdb.org/t/p/original/tQEmlpbzfNrB6mhYj19C3qs4VNB.jpg,page_404.json,ok,
806694,God's Time,Comedy,images/806694_Gods_Time_Comedy.jpg,https://image.tmdb.org/t/p/original/uEBpFcsvqwuEQJbk6B6ML6OAcLU.jpg,page_405.json,ok,
91615,One of Those Days,Comedy,images/91615_One_of_Those_Days_Comedy.jpg,https://image.tmdb.org/t/p/original/t5iix2Fa3bDlGmDKEhS21Kr03nd.jpg,page_405.json,ok,
1125073,Between the Temples,Comedy,images/1125073_Between_the_Temples_Comedy.jpg,https://image.tmdb.org/t/p/original/iOVe3xoJDIdMMYvCy18a4TlDIOK.jpg,page_405.json,ok,
568667,The Good Exorcist,Comedy,images/568667_The_Good_Exorcist_Comedy.jpg,https://image.tmdb.org/t/p/original/gPaNytJ8a1FuKHQrSn2V64USZL7.jpg,page_405.json,ok,
1026686,The Hostage,Comedy,images/1026686_The_Hostage_Comedy.jpg,https://image.tmdb.org/t/p/original/6q80K7tz4pSqHKU9Mk8DhIkDeIV.jpg,page_405.json,ok,
853178,The Leech,Comedy,images/853178_The_Leech_Comedy.jpg,https://image.tmdb.org/t/p/original/bJOpQRut7NebgYT0nUN9UDyi8og.jpg,page_406.json,ok,
716453,Film Club,Comedy,images/716453_Film_Club_Comedy.jpg,https://image.tmdb.org/t/p/original/hqCub5DVkkjmxRa4JUUufXJAit3.jpg,page_404.json,ok,
16614,Adventureland,Comedy,images/16614_Adventureland_Comedy.jpg,https://image.tmdb.org/t/p/original/eeSJNAR1aWcgANq26KWIHm3cbyB.jpg,page_405.json,ok,
734460,Summerland,Comedy,images/734460_Summerland_Comedy.jpg,https://image.tmdb.org/t/p/original/jHHOc32O9LoikqYHtJEvOr8BcdS.jpg,page_406.json,ok,
221569,Felix,Comedy,images/221569_Felix_Comedy.jpg,https://image.tmdb.org/t/p/original/tDJ1mZ47DYcOoGL66Pvdr2U3nUi.jpg,page_406.json,ok,
452037,Strip Club Massacre,Thriller,images/452037_Strip_Club_Massacre_Thriller.jpg,https://image.tmdb.org/t/p/original/lyl0BU6oH84ECo3uDF8L5C1f60t.jpg,page_406.json,ok,
4592,Carolina,Comedy,images/4592_Carolina_Comedy.jpg,https://image.tmdb.org/t/p/original/1PAL74nxKhCV7ubUcGAYtFi7W3W.jpg,page_407.json,ok,
567598,Greed,Comedy,images/567598_Greed_Comedy.jpg,https://image.tmdb.org/t/p/original/mZPmDFlVp1BSGQD4QCKHOwbXLfv.jpg,page_406.json,ok,
105545,Scalene,Thriller,images/105545_Scalene_Thriller.jpg,https://image.tmdb.org/t/p/original/4NEvWYJYVh8bJRzdLhG6Fjjtlij.jpg,page_407.json,ok,
96631,Piggy,Thriller,images/96631_Piggy_Thriller.jpg,https://image.tmdb.org/t/p/original/qA0yXUqPOTw3cpsZUFfz2MP4uuJ.jpg,page_406.json,ok,
183662,Crush,Thriller,images/183662_Crush_Thriller.jpg,https://image.tmdb.org/t/p/original/v197Yp1gFcgqpTt5chz0yelhBCb.jpg,page_407.json,ok,
172785,Gus,Comedy,images/172785_Gus_Comedy.jpg,https://image.tmdb.org/t/p/original/7WZLSWwEGyaVghoFNCNyq2n5xPS.jpg,page_407.json,ok,
924096,"I, Challenger",Comedy,images/924096_I_Challenger_Comedy.jpg,https://image.tmdb.org/t/p/original/9WXHfe43Sx9vMdvSieekrXMCAQ2.jpg,page_406.json,ok,
802377,The Billionaire,Comedy,images/802377_The_Billionaire_Comedy.jpg,https://image.tmdb.org/t/p/original/m9JeAXIC5aEq8PN5QvvCbpNo2AK.jpg,page_407.json,ok,
687404,Revenge for Daddy,Thriller,images/687404_Revenge_for_Daddy_Thriller.jpg,https://image.tmdb.org/t/p/original/uojfc1kwW3uB3UBN2dZhmGGdiOz.jpg,page_407.json,ok,
536434,Red 11,Thriller,images/536434_Red_11_Thriller.jpg,https://image.tmdb.org/t/p/original/cZERvOoddSy25KNtWYpKqoBEVBl.jpg,page_407.json,ok,
917300,The Surprise Visit,Thriller,images/917300_The_Surprise_Visit_Thriller.jpg,https://image.tmdb.org/t/p/original/a3J0t376OE1Vk3jKN67viY31s5.jpg,page_407.json,ok,
2318,Pilgrim,Thriller,images/2318_Pilgrim_Thriller.jpg,https://image.tmdb.org/t/p/original/mvAPLEELgciLjUeUgKFHzBcyFZj.jpg,page_407.json,ok,
9842,School for Scoundrels,Comedy,images/9842_School_for_Scoundrels_Comedy.jpg,https://image.tmdb.org/t/p/original/3ib8zYmUr8gVrjfgHP2TQ7DPqre.jpg,page_407.json,ok,
655977,The Host,Thriller,images/655977_The_Host_Thriller.jpg,https://image.tmdb.org/t/p/original/c8NBk0FsyhePuFvHmA1XP1XrHrI.jpg,page_407.json,ok,
1275248,Sister Midnight,Comedy,images/1275248_Sister_Midnight_Comedy.jpg,https://image.tmdb.org/t/p/original/bV054lxZay3OWFTmjjHKZYDx5PO.jpg,page_407.json,ok,
890771,The Black Demon,Thriller,images/890771_The_Black_Demon_Thriller.jpg,https://image.tmdb.org/t/p/original/6ecSjKSjgIULyHfrfyyg9vgAI33.jpg,page_407.json,ok,
1004486,Adieu Aurora,Comedy,images/1004486_Adieu_Aurora_Comedy.jpg,https://image.tmdb.org/t/p/original/1bfTX8pMv899OZzODSAxRrfi8kl.jpg,page_408.json,ok,
195002,Cryptic,Thriller,images/195002_Cryptic_Thriller.jpg,https://image.tmdb.org/t/p/original/qKjJmqktOJfDSPrE8sbpX3hVYwy.jpg,page_408.json,ok,
67911,Bucky Larson: Born to Be a Star,Comedy,images/67911_Bucky_Larson_Born_to_Be_a_Star_Comedy.jpg,https://image.tmdb.org/t/p/original/nKkThFA9EJDjli5yAkLkhQ1Jwdn.jpg,page_408.json,ok,
935829,Twelfth Night,Comedy,images/935829_Twelfth_Night_Comedy.jpg,https://image.tmdb.org/t/p/original/iVtmXENDipYsjnZZS5i9yjZby8j.jpg,page_408.json,ok,
270957,The Putt Putt Syndrome,Comedy,images/270957_The_Putt_Putt_Syndrome_Comedy.jpg,https://image.tmdb.org/t/p/original/712iHoi61RGkHmYeT2ZKv6Ur8Gu.jpg,page_408.json,ok,
533550,Breaking & Exiting,Comedy,images/533550_Breaking__Exiting_Comedy.jpg,https://image.tmdb.org/t/p/original/ucZnGl4GJoTuIoJV2cX74k0WfK3.jpg,page_408.json,ok,
32834,MVP: Most Valuable Primate,Comedy,images/32834_MVP_Most_Valuable_Primate_Comedy.jpg,https://image.tmdb.org/t/p/original/pRCciMvFOABm41eat8EKYa0BYIL.jpg,page_408.json,ok,
1035450,Giantess Attack vs. Mecha Fembot,Comedy,images/1035450_Giantess_Attack_vs._Mecha_Fembot_Comedy.jpg,https://image.tmdb.org/t/p/original/uG5ntBa24Zw5mRyiV9NZCaRdlRm.jpg,page_408.json,ok,
70585,Lucky,Comedy,images/70585_Lucky_Comedy.jpg,https://image.tmdb.org/t/p/original/ve8jNuvrzayJe0WSdPUtHf9OPO0.jpg,page_409.json,ok,
728398,Coins for Love,Comedy,images/728398_Coins_for_Love_Comedy.jpg,https://image.tmdb.org/t/p/original/6HOCT5NQH6FdxZBr94K44vi9UGB.jpg,page_408.json,ok,
403671,Illusions,Thriller,images/403671_Illusions_Thriller.jpg,https://image.tmdb.org/t/p/original/hQtCT9MWjbdoaP70Pc7DmlCbVl9.jpg,page_409.json,ok,
1195484,Christmas with the Foxes,Comedy,images/1195484_Christmas_with_the_Foxes_Comedy.jpg,https://image.tmdb.org/t/p/original/dqUb6FbXL6kYp8HUu82BEO6jMNF.jpg,page_409.json,ok,
93394,Elevator,Thriller,images/93394_Elevator_Thriller.jpg,https://image.tmdb.org/t/p/original/1V8G6Lkxhv9ztJuBhXlGxyUp1MF.jpg,page_409.json,ok,
881245,The Holiday Fix Up,Comedy,images/881245_The_Holiday_Fix_Up_Comedy.jpg,https://image.tmdb.org/t/p/original/gErljGRKSUeedJw8mJPndGdIGi7.jpg,page_409.json,ok,
1168192,Dream Interpreter,Comedy,images/1168192_Dream_Interpreter_Comedy.jpg,https://image.tmdb.org/t/p/original/5WaxKUTUpjmCvbxlw9fjmkcMRL6.jpg,page_408.json,ok,
12103,Don't Say a Word,Thriller,images/12103_Dont_Say_a_Word_Thriller.jpg,https://image.tmdb.org/t/p/original/mDawnZWQnePqQbiisEWZaY9e4UI.jpg,page_41.json,ok,
449176,"Love, Simon",Comedy,images/449176_Love_Simon_Comedy.jpg,https://image.tmdb.org/t/p/original/snIsqVPmlu4LPjvToHpDotxa7Eh.jpg,page_409.json,ok,
212778,Chef,Comedy,images/212778_Chef_Comedy.jpg,https://image.tmdb.org/t/p/original/hyp8EXDmO4dSC8V6Q5jU7gD1kcg.jpg,page_41.json,ok,
432905,Outlaugh!,Comedy,images/432905_Outlaugh_Comedy.jpg,https://image.tmdb.org/t/p/original/A5ScPLUIyR6RjgkUYQfaurpyeVR.jpg,page_41.json,ok,
15250,This Christmas,Comedy,images/15250_This_Christmas_Comedy.jpg,https://image.tmdb.org/t/p/original/dBuLAw4mRlO83LPA2s4zOlVesUe.jpg,page_410.json,ok,
38700,Bad Boys for Life,Thriller,images/38700_Bad_Boys_for_Life_Thriller.jpg,https://image.tmdb.org/t/p/original/y95lQLnuNKdPAzw9F9Ab8kJ80c3.jpg,page_41.json,ok,
61012,Silent Hill: Revelation 3D,Thriller,images/61012_Silent_Hill_Revelation_3D_Thriller.jpg,https://image.tmdb.org/t/p/original/2JOujdpYUeGg3886gigTAQq0na6.jpg,page_41.json,ok,
1058088,Stalled Trek: The City on the Edge of Foreclosure,Comedy,images/1058088_Stalled_Trek_The_City_on_the_Edge_of_Foreclosure_Comedy.jpg,https://image.tmdb.org/t/p/original/yBVKz8H2YcepqFzWBCHFsPZk2BQ.jpg,page_410.json,ok,
419476,Snackpocalypse,Comedy,images/419476_Snackpocalypse_Comedy.jpg,https://image.tmdb.org/t/p/original/nrSXcyfU3dCrz5LBnGjD5KBoYZ2.jpg,page_410.json,ok,
343511,Seven Hells,Comedy,images/343511_Seven_Hells_Comedy.jpg,https://image.tmdb.org/t/p/original/f2ph6zCVKLmnQrvdYp4LZJnWqHl.jpg,page_410.json,ok,
1411429,"Boeing, boeing",Comedy,images/1411429_Boeing_boeing_Comedy.jpg,https://image.tmdb.org/t/p/original/fCVOXEFcYNCfx9CURiQGNDaXpyv.jpg,page_411.json,ok,
7270,Matchstick Men,Comedy,images/7270_Matchstick_Men_Comedy.jpg,https://image.tmdb.org/t/p/original/y5hBAMrOWUusHjnWUGLpFWPtPAP.jpg,page_410.json,ok,
349177,Sucker,Comedy,images/349177_Sucker_Comedy.jpg,https://image.tmdb.org/t/p/original/3Sh6pt1PpwBVlNNFrPAx0FvHv3i.jpg,page_410.json,ok,
1063391,The Vacation,Comedy,images/1063391_The_Vacation_Comedy.jpg,https://image.tmdb.org/t/p/original/6NizNCQAyFQB1qfAivAHIx8xP4p.jpg,page_411.json,ok,
358282,Salem Rogers,Comedy,images/358282_Salem_Rogers_Comedy.jpg,https://image.tmdb.org/t/p/original/32AFbDHsbzcmMugFMpsquqzlRjD.jpg,page_410.json,ok,
85397,Someone Else,Comedy,images/85397_Someone_Else_Comedy.jpg,https://image.tmdb.org/t/p/original/q2d8jNu2PDqr4bJk6fRgVdCoVxt.jpg,page_411.json,ok,
664588,#funnyFACE,Comedy,images/664588_funnyFACE_Comedy.jpg,https://image.tmdb.org/t/p/original/lJEKeXBdeNRZ1tlIAhXxIdr1aWJ.jpg,page_411.json,ok,
16941,Intermission,Comedy,images/16941_Intermission_Comedy.jpg,https://image.tmdb.org/t/p/original/hQdFebtqcbwKELQHKf1hcjIHD0D.jpg,page_411.json,ok,
849192,Pools,Comedy,images/849192_Pools_Comedy.jpg,https://image.tmdb.org/t/p/original/tfhzCxEchfo3X0RAbd3RKe6nvnq.jpg,page_411.json,ok,
12890,Smart People,Comedy,images/12890_Smart_People_Comedy.jpg,https://image.tmdb.org/t/p/original/igIl4RKxOEYvhQGKCvM6vCRMiVm.jpg,page_411.json,ok,
1141967,The Worst Film Festival Ever,Comedy,images/1141967_The_Worst_Film_Festival_Ever_Comedy.jpg,https://image.tmdb.org/t/p/original/hQ8s6lrjEqyDlcxIbugRzf0UOxs.jpg,page_411.json,ok,
839564,Maximum Truth,Comedy,images/839564_Maximum_Truth_Comedy.jpg,https://image.tmdb.org/t/p/original/4qwuV254WkvpShctB9rn0gCYBkY.jpg,page_411.json,ok,
317114,Bridal Wave,Comedy,images/317114_Bridal_Wave_Comedy.jpg,https://image.tmdb.org/t/p/original/yZMUAsU9MxTDls737iU23XeywND.jpg,page_412.json,ok,
83011,Cinematic Titanic: Santa Claus Conquers the Martians,Comedy,images/83011_Cinematic_Titanic_Santa_Claus_Conquers_the_Martians_Comedy.jpg,https://image.tmdb.org/t/p/original/jU3BbqvZFXFeisJpP7dK7A0GKdK.jpg,page_412.json,ok,
62838,New Year's Eve,Comedy,images/62838_New_Years_Eve_Comedy.jpg,https://image.tmdb.org/t/p/original/TroWD1BdcLEL7Ycqv4kkCRw7KJ.jpg,page_412.json,ok,
41747,Childstar,Comedy,images/41747_Childstar_Comedy.jpg,https://image.tmdb.org/t/p/original/tRK0vpBQF7irMHFcWQaZNIiGvmd.jpg,page_412.json,ok,
221488,8 Minutes Idle,Comedy,images/221488_8_Minutes_Idle_Comedy.jpg,https://image.tmdb.org/t/p/original/uCxf1LZESGgHlQevaPPrj6wq125.jpg,page_412.json,ok,
1081124,Hippo,Comedy,images/1081124_Hippo_Comedy.jpg,https://image.tmdb.org/t/p/original/iQP70HhPwS8DBHwFMldYRFKWmZg.jpg,page_412.json,ok,
215881,Plush,Thriller,images/215881_Plush_Thriller.jpg,https://image.tmdb.org/t/p/original/iKtQbFwd72ZnXYbEIfEDVpHEJqo.jpg,page_412.json,ok,
747206,Quadratic Equations,Comedy,images/747206_Quadratic_Equations_Comedy.jpg,https://image.tmdb.org/t/p/original/n2i1gITUwkI2iSmGcxhLOxbiwD4.jpg,page_410.json,ok,
355072,Lizzie and Sarah,Comedy,images/355072_Lizzie_and_Sarah_Comedy.jpg,https://image.tmdb.org/t/p/original/v97DkRyTMv5eFX0UZMJCjZBts1T.jpg,page_412.json,ok,
1304106,Blood Star,Thriller,images/1304106_Blood_Star_Thriller.jpg,https://image.tmdb.org/t/p/original/1luaxuRCI7X8mtNMKsQ4grBYICo.jpg,page_413.json,ok,
1058303,Drugstore June,Comedy,images/1058303_Drugstore_June_Comedy.jpg,https://image.tmdb.org/t/p/original/zbWcd3e5ooHEmiJnEmRE8sE3bOP.jpg,page_412.json,ok,
23988,Stan Helsing,Comedy,images/23988_Stan_Helsing_Comedy.jpg,https://image.tmdb.org/t/p/original/qDlmKahejt0NoQzw65tnLayEhHZ.jpg,page_413.json,ok,
345001,Foreign Relations,Comedy,images/345001_Foreign_Relations_Comedy.jpg,https://image.tmdb.org/t/p/original/x1DRFPiwnhdzWyD2cCIHA2b3Isx.jpg,page_413.json,ok,
566927,Impractical Jokers: The Movie,Comedy,images/566927_Impractical_Jokers_The_Movie_Comedy.jpg,https://image.tmdb.org/t/p/original/kTHzM6pPIjs4LHX33thyZpnKiOP.jpg,page_413.json,ok,
1187679,Deadly Desire,Thriller,images/1187679_Deadly_Desire_Thriller.jpg,https://image.tmdb.org/t/p/original/wV2yMOHOSbRp0oft2erhe1XBeFS.jpg,page_413.json,ok,
241843,Cooties,Comedy,images/241843_Cooties_Comedy.jpg,https://image.tmdb.org/t/p/original/qnH3SCfb3ePz9qM8BvBtq9JLLXY.jpg,page_413.json,ok,
41259,Ralphie May: Prime Cut,Comedy,images/41259_Ralphie_May_Prime_Cut_Comedy.jpg,https://image.tmdb.org/t/p/original/7TZZXMIg55AVqKieT1S7uBMUicf.jpg,page_413.json,ok,
60486,Fear Runs Silent,Thriller,images/60486_Fear_Runs_Silent_Thriller.jpg,https://image.tmdb.org/t/p/original/7LGQideiNzZYJ4ck7r47QgaJvrU.jpg,page_414.json,ok,
234546,Junction,Thriller,images/234546_Junction_Thriller.jpg,https://image.tmdb.org/t/p/original/lEAa8FMCnQIWJ0WWkDxqOwcECk.jpg,page_414.json,ok,
964416,Garbage,Comedy,images/964416_Garbage_Comedy.jpg,https://image.tmdb.org/t/p/original/fbaf4GG8owdYnaxV7FFSYW3ppQ9.jpg,page_414.json,ok,
490853,Dark Lies the Island,Thriller,images/490853_Dark_Lies_the_Island_Thriller.jpg,https://image.tmdb.org/t/p/original/hhFcm2Sn338vfrazLzf43GKbOlf.jpg,page_414.json,ok,
43262,Shred,Comedy,images/43262_Shred_Comedy.jpg,https://image.tmdb.org/t/p/original/iXMvcLZwlylGWCFtRu0CD1n3km6.jpg,page_414.json,ok,
1214410,TMZ's Merry Elfin' Christmas,Comedy,images/1214410_TMZs_Merry_Elfin_Christmas_Comedy.jpg,https://image.tmdb.org/t/p/original/zTMyg1a33SCQL7XGNQ2x8maykNQ.jpg,page_413.json,ok,
482375,The Harrowing,Thriller,images/482375_The_Harrowing_Thriller.jpg,https://image.tmdb.org/t/p/original/xveSbaV6F9y2yuizv5PJf1OoxQF.jpg,page_414.json,ok,
1043678,Ari Shaffir: JEW,Comedy,images/1043678_Ari_Shaffir_JEW_Comedy.jpg,https://image.tmdb.org/t/p/original/lPQ0XR3XkzJMfe2NtNbbxpQKOzC.jpg,page_415.json,ok,
34806,The Back-Up Plan,Comedy,images/34806_The_Back-Up_Plan_Comedy.jpg,https://image.tmdb.org/t/p/original/fB6PxwdydGzdq5jSWrxwSMEqSFs.jpg,page_415.json,ok,
365717,The Audition,Comedy,images/365717_The_Audition_Comedy.jpg,https://image.tmdb.org/t/p/original/t1PDIeDpJGgI9JPqIRMuG7WDdId.jpg,page_415.json,ok,
434337,Eyewitness,Thriller,images/434337_Eyewitness_Thriller.jpg,https://image.tmdb.org/t/p/original/gt335xAzbfh4YNRIZjhnPqkxR0d.jpg,page_415.json,ok,
942880,Sam,Comedy,images/942880_Sam_Comedy.jpg,https://image.tmdb.org/t/p/original/3BtpqaHE8qs53wquSKgU9S1AYxm.jpg,page_415.json,ok,
591529,Leda,Thriller,images/591529_Leda_Thriller.jpg,https://image.tmdb.org/t/p/original/bfTmpiP3nbgT0loA5t90kf8ZZkc.jpg,page_415.json,ok,
112825,Coffees,Comedy,images/112825_Coffees_Comedy.jpg,https://image.tmdb.org/t/p/original/RQRjKS2GCJQihNz0rkUcdBBlJr.jpg,page_415.json,ok,
509463,A Fairy Tale,Comedy,images/509463_A_Fairy_Tale_Comedy.jpg,https://image.tmdb.org/t/p/original/77kPzGhIFQdF2i3249snQf3iuZz.jpg,page_416.json,ok,
464504,A Madea Family Funeral,Comedy,images/464504_A_Madea_Family_Funeral_Comedy.jpg,https://image.tmdb.org/t/p/original/sFvOTUlZrIxCLdmz1fC16wK0lme.jpg,page_415.json,ok,
623856,Let Them All Talk,Comedy,images/623856_Let_Them_All_Talk_Comedy.jpg,https://image.tmdb.org/t/p/original/4mhZqZ7nXL6Dj6PKZSseJxv1qXZ.jpg,page_416.json,ok,
550870,Twinsanity,Thriller,images/550870_Twinsanity_Thriller.jpg,https://image.tmdb.org/t/p/original/3zPO2p0dY8XQ9ltl0iEtSlXFs8Q.jpg,page_415.json,ok,
96218,Heartbreak Hospital,Comedy,images/96218_Heartbreak_Hospital_Comedy.jpg,https://image.tmdb.org/t/p/original/dkDE19PK567rbAOYLfWggrpUIWz.jpg,page_415.json,ok,
811076,Barbarians,Thriller,images/811076_Barbarians_Thriller.jpg,https://image.tmdb.org/t/p/original/6dSolFhaf5JOQjgwKCYnEoeJB8z.jpg,page_416.json,ok,
555058,8 Remains,Thriller,images/555058_8_Remains_Thriller.jpg,https://image.tmdb.org/t/p/original/x31dVAR0VlStREnOGFn8KLNQbru.jpg,page_416.json,ok,
260535,The Little Rascals Save the Day,Comedy,images/260535_The_Little_Rascals_Save_the_Day_Comedy.jpg,https://image.tmdb.org/t/p/original/6nuZUJge3egVZI1rPLVpjRHPMf7.jpg,page_416.json,ok,
740966,Pool Boy Nightmare,Thriller,images/740966_Pool_Boy_Nightmare_Thriller.jpg,https://image.tmdb.org/t/p/original/pgF4cf3fb48fcY6ZMACfHGSurZE.jpg,page_416.json,ok,
757252,Shit You Knot!,Comedy,images/757252_Shit_You_Knot_Comedy.jpg,https://image.tmdb.org/t/p/original/cikHkEuqVqUUkhNc9UG5dh3kdPi.jpg,page_416.json,ok,
19316,Saving Face,Comedy,images/19316_Saving_Face_Comedy.jpg,https://image.tmdb.org/t/p/original/7XbbgkKi4nEMOu9iwiANXpjKKhe.jpg,page_417.json,ok,
1301515,Endling,Comedy,images/1301515_Endling_Comedy.jpg,https://image.tmdb.org/t/p/original/jp9EdwL5imm4Et8QmcdcMMEywKP.jpg,page_417.json,ok,
345925,Rupture,Thriller,images/345925_Rupture_Thriller.jpg,https://image.tmdb.org/t/p/original/41MCf9bzSpqhr7EAu95su0XdjVQ.jpg,page_417.json,ok,
1492687,The Magnificent Molly McBride,Comedy,images/1492687_The_Magnificent_Molly_McBride_Comedy.jpg,https://image.tmdb.org/t/p/original/qYNJT2x1ww8YD034BjffWAAezps.jpg,page_413.json,ok,
583073,Among Thieves,Thriller,images/583073_Among_Thieves_Thriller.jpg,https://image.tmdb.org/t/p/original/mztR8cp8iWrFRKUEQsi0XvWpHzN.jpg,page_417.json,ok,
121147,Freeloaders,Comedy,images/121147_Freeloaders_Comedy.jpg,https://image.tmdb.org/t/p/original/weO3PVaswSjXKtkHFCswC0D6tEl.jpg,page_417.json,ok,
1068952,Haunted Hotties,Comedy,images/1068952_Haunted_Hotties_Comedy.jpg,https://image.tmdb.org/t/p/original/hHGFwr54Z6wrpxZeijJgvdj2PsH.jpg,page_417.json,ok,
133634,Tarzeena: Jiggle in the Jungle,Comedy,images/133634_Tarzeena_Jiggle_in_the_Jungle_Comedy.jpg,https://image.tmdb.org/t/p/original/h57sqpASgymaaoFpd4JZfndOHZX.jpg,page_417.json,ok,
517060,Twin Betrayal,Thriller,images/517060_Twin_Betrayal_Thriller.jpg,https://image.tmdb.org/t/p/original/zQvbzy2KIKVuet2XFjvMI5pz69d.jpg,page_417.json,ok,
715246,Body High,Comedy,images/715246_Body_High_Comedy.jpg,https://image.tmdb.org/t/p/original/gRV5HfCLbNjA1wvFrdfvCQmInIw.jpg,page_417.json,ok,
232055,Terrible Angels,Thriller,images/232055_Terrible_Angels_Thriller.jpg,https://image.tmdb.org/t/p/original/3Y3SsaPCpolgBTCTUFwx3FRcf8Q.jpg,page_417.json,ok,
110146,The Sapphires,Comedy,images/110146_The_Sapphires_Comedy.jpg,https://image.tmdb.org/t/p/original/3249QNApOMITMcIrnt16ckxd8Z8.jpg,page_418.json,ok,
44647,Rock Slyde,Comedy,images/44647_Rock_Slyde_Comedy.jpg,https://image.tmdb.org/t/p/original/uzapaYVvi8mIoAoYY3KmCefuq2j.jpg,page_418.json,ok,
40635,Just Desserts,Comedy,images/40635_Just_Desserts_Comedy.jpg,https://image.tmdb.org/t/p/original/wpQjwZsPaDp6hUUMY2u6eesPJvf.jpg,page_418.json,ok,
62613,The Smell of Success,Comedy,images/62613_The_Smell_of_Success_Comedy.jpg,https://image.tmdb.org/t/p/original/otKIDYheG2AScxZ57HJ8RZFfb7a.jpg,page_418.json,ok,
891205,Project Space 13,Comedy,images/891205_Project_Space_13_Comedy.jpg,https://image.tmdb.org/t/p/original/xqGqj6LiH5lUcTN5P7zFQVIUQZQ.jpg,page_418.json,ok,
1307059,Cakewalk,Comedy,images/1307059_Cakewalk_Comedy.jpg,https://image.tmdb.org/t/p/original/lB5HJ14LknOdsZLZwsN5jaoPUIE.jpg,page_418.json,ok,
1383417,Dear Sheila,Comedy,images/1383417_Dear_Sheila_Comedy.jpg,https://image.tmdb.org/t/p/original/afXBZmINQ2wgcdYzTw6z84ULhrv.jpg,page_416.json,ok,
1089370,American Cherry,Thriller,images/1089370_American_Cherry_Thriller.jpg,https://image.tmdb.org/t/p/original/gqiNrbkYj7yFtkEkt0Ov1ZNUdoo.jpg,page_418.json,ok,
387999,The High Schooler's Guide to College Parties,Comedy,images/387999_The_High_Schoolers_Guide_to_College_Parties_Comedy.jpg,https://image.tmdb.org/t/p/original/zuL0iVn44J60cFPYl0BpObG7ka0.jpg,page_418.json,ok,
353240,Worm,Comedy,images/353240_Worm_Comedy.jpg,https://image.tmdb.org/t/p/original/iQwnvh1Y5QWpYB6i7rqZ6AQcwAf.jpg,page_418.json,ok,
868522,Recipe for Abduction,Thriller,images/868522_Recipe_for_Abduction_Thriller.jpg,https://image.tmdb.org/t/p/original/5kDlR16YKKbTL1lG8U1vvIkda1D.jpg,page_419.json,ok,
647526,Sallywood,Comedy,images/647526_Sallywood_Comedy.jpg,https://image.tmdb.org/t/p/original/iN5WjokxOAOYN7ltUlQjI5JPk18.jpg,page_418.json,ok,
826065,Pale Dawn,Thriller,images/826065_Pale_Dawn_Thriller.jpg,https://image.tmdb.org/t/p/original/j8ja2k9FTa4XZH9SbeeUFuLNNwC.jpg,page_416.json,ok,
619286,Food Place,Comedy,images/619286_Food_Place_Comedy.jpg,https://image.tmdb.org/t/p/original/xRZPEvUVFvRnDiJ69MfV17Umm64.jpg,page_419.json,ok,
813356,Hacker's Game Redux,Thriller,images/813356_Hackers_Game_Redux_Thriller.jpg,https://image.tmdb.org/t/p/original/oaRrOELknJ8WbelaZqeqNdyscU7.jpg,page_419.json,ok,
144881,Monkey Warfare,Comedy,images/144881_Monkey_Warfare_Comedy.jpg,https://image.tmdb.org/t/p/original/xsMhsE0y9wTt0Ncafbwcf2BT721.jpg,page_419.json,ok,
7861,Outsourced,Comedy,images/7861_Outsourced_Comedy.jpg,https://image.tmdb.org/t/p/original/mbsjim3GhRn1nPwbJ9GOkj2PKIV.jpg,page_419.json,ok,
174369,Deep Powder,Thriller,images/174369_Deep_Powder_Thriller.jpg,https://image.tmdb.org/t/p/original/9HjjhGOpU9NltEoUiHzlwvoUlCy.jpg,page_419.json,ok,
84827,The Life of Reilly,Comedy,images/84827_The_Life_of_Reilly_Comedy.jpg,https://image.tmdb.org/t/p/original/6XKSrLzonq2ASkdCSyWLes6Skf3.jpg,page_419.json,ok,
167731,Modern Love Is Automatic,Comedy,images/167731_Modern_Love_Is_Automatic_Comedy.jpg,https://image.tmdb.org/t/p/original/kchT8Lt21wZuctYqvz8Q5iNuvhi.jpg,page_419.json,ok,
20063,Cash,Thriller,images/20063_Cash_Thriller.jpg,https://image.tmdb.org/t/p/original/4xomHBsa2FrQqFkrpZyoOtt3HPr.jpg,page_419.json,ok,
87826,Here Comes the Boom,Comedy,images/87826_Here_Comes_the_Boom_Comedy.jpg,https://image.tmdb.org/t/p/original/g3ZjNkQP4M7Cs0clPD9q7EO2P1g.jpg,page_42.json,ok,
687890,When Walt Whitman Was a Little Girl,Comedy,images/687890_When_Walt_Whitman_Was_a_Little_Girl_Comedy.jpg,https://image.tmdb.org/t/p/original/jDqvwpdtqoo6gk41KNMaKr4jbbN.jpg,page_420.json,ok,
1018,Mulholland Drive,Thriller,images/1018_Mulholland_Drive_Thriller.jpg,https://image.tmdb.org/t/p/original/x7A59t6ySylr1L7aubOQEA480vM.jpg,page_42.json,ok,
587792,Palm Springs,Comedy,images/587792_Palm_Springs_Comedy.jpg,https://image.tmdb.org/t/p/original/gnAfqiV7yO3Jq9IntTmwkcaICqc.jpg,page_42.json,ok,
6957,The 40 Year Old Virgin,Comedy,images/6957_The_40_Year_Old_Virgin_Comedy.jpg,https://image.tmdb.org/t/p/original/mVeoqL37gzhMXQVpONi9DGOQ3tZ.jpg,page_42.json,ok,
1032372,Cold Meat,Thriller,images/1032372_Cold_Meat_Thriller.jpg,https://image.tmdb.org/t/p/original/gcACvRRy9nE9de5gTetoXiheIZ5.jpg,page_42.json,ok,
373447,The 4th,Comedy,images/373447_The_4th_Comedy.jpg,https://image.tmdb.org/t/p/original/uXzC6X2AlBV0MhMhQzAVmK4lkxp.jpg,page_420.json,ok,
728939,Divine,Comedy,images/728939_Divine_Comedy.jpg,https://image.tmdb.org/t/p/original/hXx8uRWTQky0Y4uEd7G0BkaC5oS.jpg,page_420.json,ok,
1170595,Nobody's Home,Thriller,images/1170595_Nobodys_Home_Thriller.jpg,https://image.tmdb.org/t/p/original/tOtT4BKQtuTOkXO4ZjvBWdNaqwk.jpg,page_420.json,ok,
180948,Vehicle 19,Thriller,images/180948_Vehicle_19_Thriller.jpg,https://image.tmdb.org/t/p/original/vRZobS1s3ojOpLFUbFVb2k1qDQI.jpg,page_420.json,ok,
81836,To Rome with Love,Comedy,images/81836_To_Rome_with_Love_Comedy.jpg,https://image.tmdb.org/t/p/original/f6yBjjTQaOIzSOLVcCqlfcWxUqW.jpg,page_420.json,ok,
465530,Stuck,Comedy,images/465530_Stuck_Comedy.jpg,https://image.tmdb.org/t/p/original/7uan4Gw5eU3cpSZkvLtsZnpvmyU.jpg,page_420.json,ok,
1323125,Generational Gap,Comedy,images/1323125_Generational_Gap_Comedy.jpg,https://image.tmdb.org/t/p/original/AdKgnLJkfpNDClGscyDmaStYe0z.jpg,page_416.json,ok,
23603,Sol Goode,Comedy,images/23603_Sol_Goode_Comedy.jpg,https://image.tmdb.org/t/p/original/geVTfFgPmnSrJu6hUzpX4zjD0JM.jpg,page_420.json,ok,
301058,Man Camp,Comedy,images/301058_Man_Camp_Comedy.jpg,https://image.tmdb.org/t/p/original/ucEuFhb1s1iC4axZeiSOes3GKHX.jpg,page_420.json,ok,
1329550,Langston Kerman: Bad Poetry,Comedy,images/1329550_Langston_Kerman_Bad_Poetry_Comedy.jpg,https://image.tmdb.org/t/p/original/4Y6uYc2Yfmi24rPMc3bk5N51yOF.jpg,page_420.json,ok,
30139,Phat Girlz,Comedy,images/30139_Phat_Girlz_Comedy.jpg,https://image.tmdb.org/t/p/original/zzylksiJ8hmzvsHIDBTuqYZJYTe.jpg,page_420.json,ok,
192134,Dom Hemingway,Comedy,images/192134_Dom_Hemingway_Comedy.jpg,https://image.tmdb.org/t/p/original/krXOk4h01673cHdDzbAMFHUqz9g.jpg,page_421.json,ok,
291290,Submerged,Thriller,images/291290_Submerged_Thriller.jpg,https://image.tmdb.org/t/p/original/s9kIgLMpXdZ4AmYhDb39UzL7o5t.jpg,page_421.json,ok,
8046,Gigli,Comedy,images/8046_Gigli_Comedy.jpg,https://image.tmdb.org/t/p/original/qOhAK3WDqdeVTIE59loXvEGU7Lu.jpg,page_421.json,ok,
12771,Serving Sara,Comedy,images/12771_Serving_Sara_Comedy.jpg,https://image.tmdb.org/t/p/original/zi8uGxsyhxo0Uzg09ImxLzBDSK3.jpg,page_421.json,ok,
369033,Rebirth,Thriller,images/369033_Rebirth_Thriller.jpg,https://image.tmdb.org/t/p/original/rBI7uS5DDfWBPfMmlxUvgn0PePa.jpg,page_421.json,ok,
9900,Grandma's Boy,Comedy,images/9900_Grandmas_Boy_Comedy.jpg,https://image.tmdb.org/t/p/original/fSRdHBtisU0zhks4OjKezI3jnt7.jpg,page_421.json,ok,
255454,Angels in Stardust,Comedy,images/255454_Angels_in_Stardust_Comedy.jpg,https://image.tmdb.org/t/p/original/6G0LLoIh3G9sJUveBTC5aCSTLKe.jpg,page_421.json,ok,
569614,Austentatious - Live at the Savoy,Comedy,images/569614_Austentatious_-_Live_at_the_Savoy_Comedy.jpg,https://image.tmdb.org/t/p/original/5zzwmyTOPdPdLCCHW5U5ozgoVmP.jpg,page_420.json,ok,
19265,Whatever Works,Comedy,images/19265_Whatever_Works_Comedy.jpg,https://image.tmdb.org/t/p/original/upIYOZbiutCBnvejGYaZlJxxKcs.jpg,page_422.json,ok,
1275886,All That We Love,Comedy,images/1275886_All_That_We_Love_Comedy.jpg,https://image.tmdb.org/t/p/original/sWlScBR9BwfPACLEMBBjmiQIIVx.jpg,page_422.json,ok,
942922,80 for Brady,Comedy,images/942922_80_for_Brady_Comedy.jpg,https://image.tmdb.org/t/p/original/qhSFHOS9CeXTqGgmbCi5pteIc6k.jpg,page_422.json,ok,
529649,The Row,Thriller,images/529649_The_Row_Thriller.jpg,https://image.tmdb.org/t/p/original/xR2PZ92HTZDFuEpxePJhf0WBCyJ.jpg,page_421.json,ok,
10678,Bringing Down the House,Comedy,images/10678_Bringing_Down_the_House_Comedy.jpg,https://image.tmdb.org/t/p/original/jic0ULHTcqQQaCSIEw6SAhHhIPA.jpg,page_422.json,ok,
344177,Shabu-Shabu Spirit,Comedy,images/344177_Shabu-Shabu_Spirit_Comedy.jpg,https://image.tmdb.org/t/p/original/iEIi9sE5f4Kb5dWfgfzhut4X3HN.jpg,page_423.json,ok,
129432,Queen of Montreuil,Comedy,images/129432_Queen_of_Montreuil_Comedy.jpg,https://image.tmdb.org/t/p/original/v4cwbxTnoAtwT6nT7ta11ymxTNU.jpg,page_423.json,ok,
1085108,Confession,Thriller,images/1085108_Confession_Thriller.jpg,https://image.tmdb.org/t/p/original/5UKp0P1tvZV2XXFwWoCCWjekGfR.jpg,page_422.json,ok,
529694,Benched,Comedy,images/529694_Benched_Comedy.jpg,https://image.tmdb.org/t/p/original/lw8p6onVjgDIAnLiutqNk8j37Iy.jpg,page_422.json,ok,
490004,Arizona,Comedy,images/490004_Arizona_Comedy.jpg,https://image.tmdb.org/t/p/original/AcqXQms8AzkrTL22FbT9VKcjt7.jpg,page_423.json,ok,
314587,Index Zero,Thriller,images/314587_Index_Zero_Thriller.jpg,https://image.tmdb.org/t/p/original/sY35vjVXdcUJ7YK0k9ZmxHplEmI.jpg,page_422.json,ok,
693042,Meet the Moguls,Comedy,images/693042_Meet_the_Moguls_Comedy.jpg,https://image.tmdb.org/t/p/original/s5x22MMJkyiC6LmAhIsYR235r9L.jpg,page_420.json,ok,
339763,The Nurse,Thriller,images/339763_The_Nurse_Thriller.jpg,https://image.tmdb.org/t/p/original/xK6O8jsqrsPV1wDWU5a6j05BPK4.jpg,page_423.json,ok,
37721,Accidents Happen,Comedy,images/37721_Accidents_Happen_Comedy.jpg,https://image.tmdb.org/t/p/original/4kHwB7LX2SZRa2iFR8de36n71e1.jpg,page_423.json,ok,
229297,Magic in the Moonlight,Comedy,images/229297_Magic_in_the_Moonlight_Comedy.jpg,https://image.tmdb.org/t/p/original/mNYZUVDj4ORSPHWinmqJbXyuG6W.jpg,page_424.json,ok,
244536,Hellion,Thriller,images/244536_Hellion_Thriller.jpg,https://image.tmdb.org/t/p/original/7jfSzQumy9o28Scbfs3ENf32NRt.jpg,page_423.json,ok,
1055783,The Disinvited,Comedy,images/1055783_The_Disinvited_Comedy.jpg,https://image.tmdb.org/t/p/original/smxKZ9nV0h4HyfYfEUryjjoYKJV.jpg,page_423.json,ok,
517104,Cold War,Comedy,images/517104_Cold_War_Comedy.jpg,https://image.tmdb.org/t/p/original/fNtvmW8vkxmsmQbYUdRrPZHxeRM.jpg,page_424.json,ok,
227877,Torment,Thriller,images/227877_Torment_Thriller.jpg,https://image.tmdb.org/t/p/original/d65LSiq6UzqCE6DC7Bh5uiYIjZq.jpg,page_424.json,ok,
946982,If These Walls Could Talk,Thriller,images/946982_If_These_Walls_Could_Talk_Thriller.jpg,https://image.tmdb.org/t/p/original/e8AJxqSvEF3DT1xpThMxdsuRMX4.jpg,page_424.json,ok,
20668,Daltry Calhoun,Comedy,images/20668_Daltry_Calhoun_Comedy.jpg,https://image.tmdb.org/t/p/original/rXJStu8CAPpgPD3waTdCDlXDqlR.jpg,page_424.json,ok,
21765,Good Boy!,Comedy,images/21765_Good_Boy_Comedy.jpg,https://image.tmdb.org/t/p/original/kZDXSPfeKNtai6l8yE4J5LwVQMY.jpg,page_424.json,ok,
419548,Krampus 2: The Devil Returns,Thriller,images/419548_Krampus_2_The_Devil_Returns_Thriller.jpg,https://image.tmdb.org/t/p/original/vRvTYDZ08mbXOPKx9tdYWNXdu9w.jpg,page_424.json,ok,
750101,Bad President,Comedy,images/750101_Bad_President_Comedy.jpg,https://image.tmdb.org/t/p/original/4hkIjnCGz0DuHl8HQEltGJiuQp3.jpg,page_425.json,ok,
609685,The 12,Thriller,images/609685_The_12_Thriller.jpg,https://image.tmdb.org/t/p/original/4spHX6jqPpF2OybwMhSn8fvemAa.jpg,page_424.json,ok,
479967,Truth or Dare,Comedy,images/479967_Truth_or_Dare_Comedy.jpg,https://image.tmdb.org/t/p/original/tGg2BjqVVVwNiQBi8kg6hLb4pmC.jpg,page_425.json,ok,
924307,Tangled,Comedy,images/924307_Tangled_Comedy.jpg,https://image.tmdb.org/t/p/original/5UIzhAUdQAN6Rb7niE7l8o9t0wA.jpg,page_425.json,ok,
440762,Jay and Silent Bob Reboot,Comedy,images/440762_Jay_and_Silent_Bob_Reboot_Comedy.jpg,https://image.tmdb.org/t/p/original/5uGl5lbcpGLTvtLwBMnfRC0Az5u.jpg,page_425.json,ok,
89481,How to Stop Being a Loser,Comedy,images/89481_How_to_Stop_Being_a_Loser_Comedy.jpg,https://image.tmdb.org/t/p/original/ui7bGxck47JtGvQmsb83rbMVWP8.jpg,page_425.json,ok,
1209962,We'll Always Have --BLEEP--,Comedy,images/1209962_Well_Always_Have_--BLEEP--_Comedy.jpg,https://image.tmdb.org/t/p/original/lMA4AtTVWKDqubL81vgZMtCzaE2.jpg,page_425.json,ok,
723281,Know Nothins,Comedy,images/723281_Know_Nothins_Comedy.jpg,https://image.tmdb.org/t/p/original/mg6i0vvPrTe7gMeRiM4PnmFc6vf.jpg,page_425.json,ok,
473149,Traffik,Thriller,images/473149_Traffik_Thriller.jpg,https://image.tmdb.org/t/p/original/jwsmeU8mYEP6GpxJ2sbCzc2MQmi.jpg,page_426.json,ok,
652062,Crazy People,Comedy,images/652062_Crazy_People_Comedy.jpg,https://image.tmdb.org/t/p/original/fNh8jEY3Z2aVm9083wGlbyj1cj4.jpg,page_425.json,ok,
14094,Christmas in Wonderland,Comedy,images/14094_Christmas_in_Wonderland_Comedy.jpg,https://image.tmdb.org/t/p/original/vcbJSQapwpZ4HQAvGTMtF2C6O6E.jpg,page_426.json,ok,
716309,Kill,Thriller,images/716309_Kill_Thriller.jpg,https://image.tmdb.org/t/p/original/mvQVUZ4CNJO2FSb0miNpHM9HhDo.jpg,page_426.json,ok,
720755,The Kid Detective,Comedy,images/720755_The_Kid_Detective_Comedy.jpg,https://image.tmdb.org/t/p/original/2WrT8AZUcDicvf5m8KVgspQEHK3.jpg,page_426.json,ok,
300667,3 Generations,Comedy,images/300667_3_Generations_Comedy.jpg,https://image.tmdb.org/t/p/original/g4kR79ndKP6gZFHXe70sY7TUOZ7.jpg,page_426.json,ok,
212747,All the Wrong Reasons,Comedy,images/212747_All_the_Wrong_Reasons_Comedy.jpg,https://image.tmdb.org/t/p/original/8cc2umZQ3BJol7Mu8tGaeGtA0T7.jpg,page_426.json,ok,
143158,Marked,Thriller,images/143158_Marked_Thriller.jpg,https://image.tmdb.org/t/p/original/s5O2pfjXdEY9uUcfwOfof0g37Qd.jpg,page_426.json,ok,
195978,Wicked Temptations,Thriller,images/195978_Wicked_Temptations_Thriller.jpg,https://image.tmdb.org/t/p/original/AvqMtHkDDc7RXYVGOHesx0CtEXo.jpg,page_427.json,ok,
374547,Gypsy,Comedy,images/374547_Gypsy_Comedy.jpg,https://image.tmdb.org/t/p/original/wGCUvKL7Ly81vYKt29cBCUYj8My.jpg,page_426.json,ok,
2196,Death at a Funeral,Comedy,images/2196_Death_at_a_Funeral_Comedy.jpg,https://image.tmdb.org/t/p/original/xyTxrJnjbSJQzcbKIP6S1uqLuxy.jpg,page_427.json,ok,
878183,The Independent,Thriller,images/878183_The_Independent_Thriller.jpg,https://image.tmdb.org/t/p/original/jhlc1nsD8nnnGymEFaZ0twMH6M6.jpg,page_427.json,ok,
676601,Tom Segura: Ball Hog,Comedy,images/676601_Tom_Segura_Ball_Hog_Comedy.jpg,https://image.tmdb.org/t/p/original/cjRt6PYRGXNvvxJLgbZaX0Xf1LA.jpg,page_427.json,ok,
754409,Molly Robber,Comedy,images/754409_Molly_Robber_Comedy.jpg,https://image.tmdb.org/t/p/original/hJt2MYooiz9zA9h8DzOTsxwDhrL.jpg,page_426.json,ok,
112747,Manhood,Comedy,images/112747_Manhood_Comedy.jpg,https://image.tmdb.org/t/p/original/kEIKqVrBMHJo3nXEoifnYvkalPs.jpg,page_427.json,ok,
1131401,Secondary,Comedy,images/1131401_Secondary_Comedy.jpg,https://image.tmdb.org/t/p/original/9AtCi1aQBC8fUh6pFDFHepfG13L.jpg,page_422.json,ok,
39053,Cyrus,Comedy,images/39053_Cyrus_Comedy.jpg,https://image.tmdb.org/t/p/original/qkJ0rB1qf62TJ6thxEVRT7Eccqn.jpg,page_427.json,ok,
1163098,Mack,Comedy,images/1163098_Mack_Comedy.jpg,https://image.tmdb.org/t/p/original/6vkr9ocydOiyjcjbzyVMFBrmn31.jpg,page_427.json,ok,
61641,Peaches,Comedy,images/61641_Peaches_Comedy.jpg,https://image.tmdb.org/t/p/original/vPcH4Nw9O2nx1PrsSlQD5FF3pId.jpg,page_427.json,ok,
302644,Blood Effects,Comedy,images/302644_Blood_Effects_Comedy.jpg,https://image.tmdb.org/t/p/original/lAuRuLMsmRpH6wYgZ8F2Yuf1mcX.jpg,page_428.json,ok,
21301,Barbershop 2: Back in Business,Comedy,images/21301_Barbershop_2_Back_in_Business_Comedy.jpg,https://image.tmdb.org/t/p/original/n4sOe401udZJWJEOvKvSs3peZcB.jpg,page_428.json,ok,
9582,A Guy Thing,Comedy,images/9582_A_Guy_Thing_Comedy.jpg,https://image.tmdb.org/t/p/original/lpv86hQftikE2ecb1OPYFFMr98r.jpg,page_427.json,ok,
576004,Porno,Comedy,images/576004_Porno_Comedy.jpg,https://image.tmdb.org/t/p/original/cnmR5lXN8xLDvvtqMviuRaKavnU.jpg,page_427.json,ok,
520900,The Personal History of David Copperfield,Comedy,images/520900_The_Personal_History_of_David_Copperfield_Comedy.jpg,https://image.tmdb.org/t/p/original/2epgo9k2Jrs7qrTL1Rork1mDSKT.jpg,page_427.json,ok,
122277,Marilyn,Thriller,images/122277_Marilyn_Thriller.jpg,https://image.tmdb.org/t/p/original/vzij6FEZ7jqh1MnA895q78ddA4n.jpg,page_428.json,ok,
788573,Unwholly Moments,Comedy,images/788573_Unwholly_Moments_Comedy.jpg,https://image.tmdb.org/t/p/original/4i1pArtPTTNAyS7dmAPUkOkiaIM.jpg,page_429.json,ok,
363046,Crushed,Thriller,images/363046_Crushed_Thriller.jpg,https://image.tmdb.org/t/p/original/dtyQ0TTbJTij8MyB808d6OqzWur.jpg,page_429.json,ok,
241742,Bone Alone,Comedy,images/241742_Bone_Alone_Comedy.jpg,https://image.tmdb.org/t/p/original/qxkwOu6ALFLXyO9I9v5qUMwTlol.jpg,page_428.json,ok,
421552,Janeane Garofalo: If I May,Comedy,images/421552_Janeane_Garofalo_If_I_May_Comedy.jpg,https://image.tmdb.org/t/p/original/u9VLCZUqnZeFS5StLR0QoA6ZN8n.jpg,page_429.json,ok,
7301,Lonesome Jim,Comedy,images/7301_Lonesome_Jim_Comedy.jpg,https://image.tmdb.org/t/p/original/z5wh9kFxpqC6bKB7TUx7j6X7BOq.jpg,page_429.json,ok,
160451,The Freediver,Comedy,images/160451_The_Freediver_Comedy.jpg,https://image.tmdb.org/t/p/original/uR2w89RLSnKTkPnjbhMDSJmikQj.jpg,page_429.json,ok,
960115,Survival,Thriller,images/960115_Survival_Thriller.jpg,https://image.tmdb.org/t/p/original/zw5zq9RHCJ0TWXfSNgJ6sum7NWT.jpg,page_429.json,ok,
138011,Available Men,Comedy,images/138011_Available_Men_Comedy.jpg,https://image.tmdb.org/t/p/original/h9flMOCjhNGspSbMKFFSZrc00ZH.jpg,page_428.json,ok,
1023901,Hasan Minhaj: The King's Jester,Comedy,images/1023901_Hasan_Minhaj_The_Kings_Jester_Comedy.jpg,https://image.tmdb.org/t/p/original/8Ui3E8F1i91YZaQ4UVf9v7ASaEf.jpg,page_429.json,ok,
373218,Curtains,Comedy,images/373218_Curtains_Comedy.jpg,https://image.tmdb.org/t/p/original/aXM2WeOom5q3dqaM6yI4KH2e2uW.jpg,page_425.json,ok,
823341,Hitman,Thriller,images/823341_Hitman_Thriller.jpg,https://image.tmdb.org/t/p/original/yPv1G774vCxiX0JX2rEJSZmE9YZ.jpg,page_429.json,ok,
1137927,Ali Siddiq: The Domino Effect 2: Loss,Comedy,images/1137927_Ali_Siddiq_The_Domino_Effect_2_Loss_Comedy.jpg,https://image.tmdb.org/t/p/original/5ozO8MjPpjSERqTTHFpPQN92S3G.jpg,page_429.json,ok,
521202,Prescription for Danger,Thriller,images/521202_Prescription_for_Danger_Thriller.jpg,https://image.tmdb.org/t/p/original/d84rSR3SAQnEP8gDCPGXsMjGbWg.jpg,page_429.json,ok,
714521,The Big Ugly,Thriller,images/714521_The_Big_Ugly_Thriller.jpg,https://image.tmdb.org/t/p/original/iV30anuKJcrEPHe4GtRb6dtw89G.jpg,page_429.json,ok,
89591,Black Plague,Thriller,images/89591_Black_Plague_Thriller.jpg,https://image.tmdb.org/t/p/original/aQwOvb95fvL61XkAeGo4rD08GrY.jpg,page_43.json,ok,
20606,Doghouse,Comedy,images/20606_Doghouse_Comedy.jpg,https://image.tmdb.org/t/p/original/8XBd0TLZRcnSpbeEyoYRxxDCafJ.jpg,page_43.json,ok,
277627,Assisted Fishing,Comedy,images/277627_Assisted_Fishing_Comedy.jpg,https://image.tmdb.org/t/p/original/9exTYke078YkgJ2jRv71WaooVo4.jpg,page_43.json,ok,
527435,The Christmas Chronicles,Comedy,images/527435_The_Christmas_Chronicles_Comedy.jpg,https://image.tmdb.org/t/p/original/5Il2EMSF2KecrUKZPuen6BZmaCP.jpg,page_43.json,ok,
750600,Reboot Camp,Comedy,images/750600_Reboot_Camp_Comedy.jpg,https://image.tmdb.org/t/p/original/aodDtQIGweNRDsgWkte1KcfRUSq.jpg,page_429.json,ok,
734288,Killer Competition,Thriller,images/734288_Killer_Competition_Thriller.jpg,https://image.tmdb.org/t/p/original/uTjNpwtFtxNqqxf4xDwmET5WYIb.jpg,page_43.json,ok,
19908,Zombieland,Comedy,images/19908_Zombieland_Comedy.jpg,https://image.tmdb.org/t/p/original/dUkAmAyPVqubSBNRjRqCgHggZcK.jpg,page_43.json,ok,
744653,The Thursday Murder Club,Comedy,images/744653_The_Thursday_Murder_Club_Comedy.jpg,https://image.tmdb.org/t/p/original/u0o7XtI0WWdLzlK9hVT8lQTB6Yd.jpg,page_43.json,ok,
697930,Monuments,Comedy,images/697930_Monuments_Comedy.jpg,https://image.tmdb.org/t/p/original/fMn0SQzI4ESTtCJ8wlQIEb2ulkN.jpg,page_430.json,ok,
522915,The Wrong Daughter,Thriller,images/522915_The_Wrong_Daughter_Thriller.jpg,https://image.tmdb.org/t/p/original/16KYr5PHbnjrDiReeAuj2xbJIrX.jpg,page_430.json,ok,
16279,The Great Buck Howard,Comedy,images/16279_The_Great_Buck_Howard_Comedy.jpg,https://image.tmdb.org/t/p/original/iglKvmA7sq6Pnd6KWFnT6WW9Vpn.jpg,page_430.json,ok,
641483,Holly Slept Over,Comedy,images/641483_Holly_Slept_Over_Comedy.jpg,https://image.tmdb.org/t/p/original/u6vw5DqEvcCMreliZxLamykmWKm.jpg,page_430.json,ok,
1435282,The Boiler Room,Comedy,images/1435282_The_Boiler_Room_Comedy.jpg,https://image.tmdb.org/t/p/original/sOSrkzgVgWfFES3ANkPMpcdXCNc.jpg,page_430.json,ok,
994676,Self Esteem,Comedy,images/994676_Self_Esteem_Comedy.jpg,https://image.tmdb.org/t/p/original/kbKgVYCeoXRI1B1og4jIo56ieXb.jpg,page_430.json,ok,
258090,Julian,Comedy,images/258090_Julian_Comedy.jpg,https://image.tmdb.org/t/p/original/AetRdACc6AnYvsh1Q3Nd1uPetPY.jpg,page_430.json,ok,
695812,Scratch,Thriller,images/695812_Scratch_Thriller.jpg,https://image.tmdb.org/t/p/original/1LY1jDMMoi2JQ4QjAbSkZxiBPgs.jpg,page_431.json,ok,
34482,The Clique,Comedy,images/34482_The_Clique_Comedy.jpg,https://image.tmdb.org/t/p/original/f8h9WF7l5vLWI6OU5nmIRKx6QJ0.jpg,page_430.json,ok,
1430593,Tinsel Town,Comedy,images/1430593_Tinsel_Town_Comedy.jpg,https://image.tmdb.org/t/p/original/q4zydMZLGXsQ7GF3rNCTzjbJjSZ.jpg,page_430.json,ok,
1233856,Final Heist,Thriller,images/1233856_Final_Heist_Thriller.jpg,https://image.tmdb.org/t/p/original/1GiyfIHOZouCRVszRQNHAn6JidV.jpg,page_431.json,ok,
350737,The Expert,Comedy,images/350737_The_Expert_Comedy.jpg,https://image.tmdb.org/t/p/original/3eZifBXLvPXP6LhlKWDWV8bgdh5.jpg,page_431.json,ok,
392499,Fallout,Thriller,images/392499_Fallout_Thriller.jpg,https://image.tmdb.org/t/p/original/9dadzzo5r0q2hVnc5rXglR3jlE2.jpg,page_431.json,ok,
389557,Callous,Thriller,images/389557_Callous_Thriller.jpg,https://image.tmdb.org/t/p/original/hWxVXaePrOK7fe7uhRK4kITIHqP.jpg,page_430.json,ok,
80301,A Christmas Wedding Tail,Comedy,images/80301_A_Christmas_Wedding_Tail_Comedy.jpg,https://image.tmdb.org/t/p/original/a5p020pc0ZFE71ia8KV2KDvacAr.jpg,page_431.json,ok,
521007,Superintelligence,Comedy,images/521007_Superintelligence_Comedy.jpg,https://image.tmdb.org/t/p/original/podzoGfamoxObotrMMoH2WIc8nj.jpg,page_431.json,ok,
66195,The Perfect Host,Comedy,images/66195_The_Perfect_Host_Comedy.jpg,https://image.tmdb.org/t/p/original/tYqk1u5d3eARg5gV8cF4RZFZKKQ.jpg,page_431.json,ok,
849746,Killer Profile,Thriller,images/849746_Killer_Profile_Thriller.jpg,https://image.tmdb.org/t/p/original/5VyDpaTtWbyABicuZVa3ENyrg2r.jpg,page_432.json,ok,
10032,Van Wilder 2: The Rise of Taj,Comedy,images/10032_Van_Wilder_2_The_Rise_of_Taj_Comedy.jpg,https://image.tmdb.org/t/p/original/yJmLmors19hXAZn8wmFLtbOs3Qq.jpg,page_432.json,ok,
703827,Trust Me,Comedy,images/703827_Trust_Me_Comedy.jpg,https://image.tmdb.org/t/p/original/gTP36RmYILBh6pUEnfX0vuChfqQ.jpg,page_432.json,ok,
375785,Then Came You,Comedy,images/375785_Then_Came_You_Comedy.jpg,https://image.tmdb.org/t/p/original/658QP5tmBRUlE5JvxOnnmITfG1F.jpg,page_432.json,ok,
658116,Pink Bike,Comedy,images/658116_Pink_Bike_Comedy.jpg,https://image.tmdb.org/t/p/original/5wF1Qxg53sygZ5f3TcMVydRL5nC.jpg,page_432.json,ok,
446549,Jimbo,Comedy,images/446549_Jimbo_Comedy.jpg,https://image.tmdb.org/t/p/original/mcqRdqQFS6m4vWfgRmfrHQcAB75.jpg,page_433.json,ok,
585590,30 Nights,Comedy,images/585590_30_Nights_Comedy.jpg,https://image.tmdb.org/t/p/original/ironm7dAXtWoffMjXnbRaCNrTwT.jpg,page_432.json,ok,
9688,Melinda and Melinda,Comedy,images/9688_Melinda_and_Melinda_Comedy.jpg,https://image.tmdb.org/t/p/original/jzqaJGpUNVHMxgCtHV2i8jcepza.jpg,page_433.json,ok,
643373,The Paranormals,Comedy,images/643373_The_Paranormals_Comedy.jpg,https://image.tmdb.org/t/p/original/kEV1xdsrrNSbAbCbUFUy0bp4p11.jpg,page_432.json,ok,
1327854,Naked Fury,Comedy,images/1327854_Naked_Fury_Comedy.jpg,https://image.tmdb.org/t/p/original/t2kNFL3ANz3v0gT6y6NTJVPgyGT.jpg,page_432.json,ok,
957304,Drive-Away Dolls,Comedy,images/957304_Drive-Away_Dolls_Comedy.jpg,https://image.tmdb.org/t/p/original/6QPKmqntFgLm6sB47AtSelEGGPM.jpg,page_432.json,ok,
69803,Mayor Cupcake,Comedy,images/69803_Mayor_Cupcake_Comedy.jpg,https://image.tmdb.org/t/p/original/mzhEhmEeQJG3LhEBjOdeY7umgG3.jpg,page_433.json,ok,
680028,Centigrade,Thriller,images/680028_Centigrade_Thriller.jpg,https://image.tmdb.org/t/p/original/aNGwyT62PSVNp9xoyP6QyRjH6Tg.jpg,page_433.json,ok,
1558377,Noah Britton: The Best Stuff I've Ever Done,Comedy,images/1558377_Noah_Britton_The_Best_Stuff_Ive_Ever_Done_Comedy.jpg,https://image.tmdb.org/t/p/original/AbkknbZ9OixawpLWzDB9y09yYbM.jpg,page_433.json,ok,
1337567,Upside Down Pineapple,Comedy,images/1337567_Upside_Down_Pineapple_Comedy.jpg,https://image.tmdb.org/t/p/original/ij2j02MAS2XtI2bOtt3RbA8pDKq.jpg,page_433.json,ok,
1064024,Locked In,Thriller,images/1064024_Locked_In_Thriller.jpg,https://image.tmdb.org/t/p/original/blQaj6biyBMLo34cuFKKwbgjIBz.jpg,page_433.json,ok,
377807,Entry Level,Comedy,images/377807_Entry_Level_Comedy.jpg,https://image.tmdb.org/t/p/original/3r4p2t7PYp5JM3iVUp3FAaL8QBk.jpg,page_434.json,ok,
10025,Just My Luck,Comedy,images/10025_Just_My_Luck_Comedy.jpg,https://image.tmdb.org/t/p/original/A3Axi7gWVdkD1i7ScqMCN1fhyGc.jpg,page_434.json,ok,
751792,Blue Hollywood,Comedy,images/751792_Blue_Hollywood_Comedy.jpg,https://image.tmdb.org/t/p/original/yB4tiFiKvFZCKZ24oTdRE7bSsHl.jpg,page_433.json,ok,
20320,The Note II: Taking a Chance on Love,Comedy,images/20320_The_Note_II_Taking_a_Chance_on_Love_Comedy.jpg,https://image.tmdb.org/t/p/original/4sI90fNDrGxrXRXwzAFAatgjIPt.jpg,page_434.json,ok,
20009,Slackers,Comedy,images/20009_Slackers_Comedy.jpg,https://image.tmdb.org/t/p/original/g3xn7tRnGxVwwKc2tge7nPssywQ.jpg,page_434.json,ok,
446626,Second Nature,Comedy,images/446626_Second_Nature_Comedy.jpg,https://image.tmdb.org/t/p/original/7jewKivLlytwacrW0gpWZinr13Q.jpg,page_434.json,ok,
2728,Postal,Comedy,images/2728_Postal_Comedy.jpg,https://image.tmdb.org/t/p/original/gfU7ZYQEOVI06eZBjTAMnrzTLL.jpg,page_434.json,ok,
471138,Anabolic Life,Thriller,images/471138_Anabolic_Life_Thriller.jpg,https://image.tmdb.org/t/p/original/cQwnO6lVM4B9QSzsVKgtNewAiLX.jpg,page_434.json,ok,
446021,Bad Times at the El Royale,Thriller,images/446021_Bad_Times_at_the_El_Royale_Thriller.jpg,https://image.tmdb.org/t/p/original/qExufIc4Rw0e4xdVZlhMdmEDGES.jpg,page_434.json,ok,
335070,Pretty Obsession,Thriller,images/335070_Pretty_Obsession_Thriller.jpg,https://image.tmdb.org/t/p/original/uy0naGI7Kc9CYwpPY87cr8TXy72.jpg,page_434.json,ok,
160808,Tunnel,Thriller,images/160808_Tunnel_Thriller.jpg,https://image.tmdb.org/t/p/original/uoVwDRUTRJBD9uTqTuumJjbF5Xc.jpg,page_435.json,ok,
157414,Up There,Comedy,images/157414_Up_There_Comedy.jpg,https://image.tmdb.org/t/p/original/snGx46claIHMlF60U057Xui1GON.jpg,page_435.json,ok,
839017,Domino: Battle of the Bones,Comedy,images/839017_Domino_Battle_of_the_Bones_Comedy.jpg,https://image.tmdb.org/t/p/original/v3w9iNafJQXrI608TA6JliCoics.jpg,page_435.json,ok,
142158,Greatest Hits,Comedy,images/142158_Greatest_Hits_Comedy.jpg,https://image.tmdb.org/t/p/original/syW6D3G5HtnMjzycFn5SjQFqai4.jpg,page_435.json,ok,
328425,The Gift,Thriller,images/328425_The_Gift_Thriller.jpg,https://image.tmdb.org/t/p/original/kH3qLP8pn68Xq5XwvmPkCyaAU7W.jpg,page_436.json,ok,
14799,For Your Consideration,Comedy,images/14799_For_Your_Consideration_Comedy.jpg,https://image.tmdb.org/t/p/original/fvXClgY4ZJ7dBxalFuxPgb4nJ9s.jpg,page_436.json,ok,
14963,The Groomsmen,Comedy,images/14963_The_Groomsmen_Comedy.jpg,https://image.tmdb.org/t/p/original/uIlcGSfSsw31aSAD2cTBkdFwZbR.jpg,page_436.json,ok,
1547944,Slang/Along,Comedy,images/1547944_SlangAlong_Comedy.jpg,https://image.tmdb.org/t/p/original/9wMJMhL058uKxRCGsOIavqke6Lv.jpg,page_436.json,ok,
731879,Rook.,Comedy,images/731879_Rook._Comedy.jpg,https://image.tmdb.org/t/p/original/y38E0d7HiPyRMmPo3lWq7sXGfqZ.jpg,page_436.json,ok,
1110570,Love & Irony,Comedy,images/1110570_Love__Irony_Comedy.jpg,https://image.tmdb.org/t/p/original/3YSIoVYqFUUMwwKfck9otTY5Vzk.jpg,page_435.json,ok,
348754,The Jokesters,Comedy,images/348754_The_Jokesters_Comedy.jpg,https://image.tmdb.org/t/p/original/kBtdmJ5IeSm2aRLd1wagFYj0XwB.jpg,page_436.json,ok,
916093,O Night Divine,Comedy,images/916093_O_Night_Divine_Comedy.jpg,https://image.tmdb.org/t/p/original/lZqCGeccJSCRs1Tywl0ltROC9if.jpg,page_436.json,ok,
987490,Best. Christmas. Ever!,Comedy,images/987490_Best._Christmas._Ever_Comedy.jpg,https://image.tmdb.org/t/p/original/yNPgjXeeb7vdNI7AQB5SWkkk6si.jpg,page_436.json,ok,
954372,Chasing Robert,Comedy,images/954372_Chasing_Robert_Comedy.jpg,https://image.tmdb.org/t/p/original/jJOYRlHv1zMAQDAYnbTuHM0WKgD.jpg,page_437.json,ok,
406992,Wild Oats,Comedy,images/406992_Wild_Oats_Comedy.jpg,https://image.tmdb.org/t/p/original/aRHfKgRaLmnWInSRsaPcx4bWEzR.jpg,page_437.json,ok,
673159,Hooking Up,Comedy,images/673159_Hooking_Up_Comedy.jpg,https://image.tmdb.org/t/p/original/y5QXP7qdwtPRiZy6cQTjRoaTXuW.jpg,page_437.json,ok,
39163,National Lampoon's TV: The Movie,Comedy,images/39163_National_Lampoons_TV_The_Movie_Comedy.jpg,https://image.tmdb.org/t/p/original/saBExhxD7B0r5v5sj4yWzfSPojQ.jpg,page_437.json,ok,
16538,"I Love You, Man",Comedy,images/16538_I_Love_You_Man_Comedy.jpg,https://image.tmdb.org/t/p/original/xr4zAYsvgTzvMMiWu6qCAP9WBer.jpg,page_437.json,ok,
209920,Finding Normal,Comedy,images/209920_Finding_Normal_Comedy.jpg,https://image.tmdb.org/t/p/original/bzHG85Lny28W5DjxrwPiw2bDVY5.jpg,page_437.json,ok,
584962,Between Two Ferns: The Movie,Comedy,images/584962_Between_Two_Ferns_The_Movie_Comedy.jpg,https://image.tmdb.org/t/p/original/cHxc8v1GkzdjjhF2qnpG6wdXrOT.jpg,page_437.json,ok,
250535,Get Santa,Comedy,images/250535_Get_Santa_Comedy.jpg,https://image.tmdb.org/t/p/original/gW4FX4DFRnKlGINzB4UdZJnSdgE.jpg,page_437.json,ok,
547116,Deadman Standing,Thriller,images/547116_Deadman_Standing_Thriller.jpg,https://image.tmdb.org/t/p/original/qHrXTNc4pzJ79VZ2JSw46HzAmwJ.jpg,page_438.json,ok,
630486,Night Drive,Thriller,images/630486_Night_Drive_Thriller.jpg,https://image.tmdb.org/t/p/original/tsU396jRLfx7EyM0inOkoHDjNFg.jpg,page_437.json,ok,
749047,Heckle,Comedy,images/749047_Heckle_Comedy.jpg,https://image.tmdb.org/t/p/original/h50HuiRzjK3aIxr4JaZc4vhRQXt.jpg,page_437.json,ok,
1304009,Izakaya Moheji 2,Comedy,images/1304009_Izakaya_Moheji_2_Comedy.jpg,https://image.tmdb.org/t/p/original/1ffcOmC6FCGVHlXPiOCQ0eHr8AR.jpg,page_435.json,ok,
1515052,Word of Mouth,Comedy,images/1515052_Word_of_Mouth_Comedy.jpg,https://image.tmdb.org/t/p/original/1rbiSlkXS30m9XAvTOBYMD12LFU.jpg,page_438.json,ok,
1500380,Crushed,Thriller,images/1500380_Crushed_Thriller.jpg,https://image.tmdb.org/t/p/original/oA8kxF7L6jIhBcYmhjjiLV4bfkm.jpg,page_436.json,ok,
369912,A Night of Horror Volume 1,Thriller,images/369912_A_Night_of_Horror_Volume_1_Thriller.jpg,https://image.tmdb.org/t/p/original/jLjFflnX9shuq1HHD3D2FmkharT.jpg,page_438.json,ok,
98557,Dysfunctional Friends,Comedy,images/98557_Dysfunctional_Friends_Comedy.jpg,https://image.tmdb.org/t/p/original/oq9UGUeaGzLNR0nAcQZuYLIpuBg.jpg,page_438.json,ok,
128517,Wuss,Comedy,images/128517_Wuss_Comedy.jpg,https://image.tmdb.org/t/p/original/zmb4FHXXzdjon79WyMTgEnmjXGx.jpg,page_438.json,ok,
1224061,Countdown,Comedy,images/1224061_Countdown_Comedy.jpg,https://image.tmdb.org/t/p/original/tf98Wf5hsN9Qtoe8LjCvwEcKxH9.jpg,page_439.json,ok,
11857,Orange County,Comedy,images/11857_Orange_County_Comedy.jpg,https://image.tmdb.org/t/p/original/lmLcncTWV78v91tKBmI5ytjKvOc.jpg,page_439.json,ok,
540579,A Message From the Future,Comedy,images/540579_A_Message_From_the_Future_Comedy.jpg,https://image.tmdb.org/t/p/original/zUVjrWKCVyiHJRwkhZIVy1P8irJ.jpg,page_439.json,ok,
1240675,GrimTrax,Comedy,images/1240675_GrimTrax_Comedy.jpg,https://image.tmdb.org/t/p/original/mBb4I5O3yW6Wg4DlTEIso2rivYp.jpg,page_438.json,ok,
419190,Dramatic Relationships,Comedy,images/419190_Dramatic_Relationships_Comedy.jpg,https://image.tmdb.org/t/p/original/lffGl52YBEKTPxx40YhEUSpzLmj.jpg,page_438.json,ok,
39141,Tadpole,Comedy,images/39141_Tadpole_Comedy.jpg,https://image.tmdb.org/t/p/original/r7wCSE5Hj82GHywm2evC1ERmK0E.jpg,page_439.json,ok,
624782,VHYes,Comedy,images/624782_VHYes_Comedy.jpg,https://image.tmdb.org/t/p/original/4m3oEtaNkUeIVevcObJ7Qn8h9hp.jpg,page_439.json,ok,
818270,Erica Rhodes: La Vie en Rhodes,Comedy,images/818270_Erica_Rhodes_La_Vie_en_Rhodes_Comedy.jpg,https://image.tmdb.org/t/p/original/tzlpjpLwSJUhbX9SjZbfHQdDja7.jpg,page_439.json,ok,
291188,Austin Found,Comedy,images/291188_Austin_Found_Comedy.jpg,https://image.tmdb.org/t/p/original/mQrwpYJ7qsAb0rjIoD117aaJPfI.jpg,page_439.json,ok,
82657,Flight 7500,Thriller,images/82657_Flight_7500_Thriller.jpg,https://image.tmdb.org/t/p/original/8lz7vt9Rcdb7xvR2A8P2GlFit2O.jpg,page_44.json,ok,
50646,"Crazy, Stupid, Love.",Comedy,images/50646_Crazy_Stupid_Love._Comedy.jpg,https://image.tmdb.org/t/p/original/p4RafgAPk558muOjnBMHhMArjS2.jpg,page_44.json,ok,
461770,The Perfect Picture,Comedy,images/461770_The_Perfect_Picture_Comedy.jpg,https://image.tmdb.org/t/p/original/w2nktexTkFMGk7A2CmDJzRtjRx6.jpg,page_439.json,ok,
483604,Red Red,Thriller,images/483604_Red_Red_Thriller.jpg,https://image.tmdb.org/t/p/original/tA6rtP6gsjNAWcM2mWVP4zj7LrS.jpg,page_440.json,ok,
7512,Idiocracy,Comedy,images/7512_Idiocracy_Comedy.jpg,https://image.tmdb.org/t/p/original/6cTHBq49ApwsJaRr3ojlY1cmiXk.jpg,page_44.json,ok,
87293,Beyond,Thriller,images/87293_Beyond_Thriller.jpg,https://image.tmdb.org/t/p/original/kibpCAsb6PWspawPDY3FNlbPGeG.jpg,page_44.json,ok,
414866,Elvis Lives!,Comedy,images/414866_Elvis_Lives_Comedy.jpg,https://image.tmdb.org/t/p/original/eZen3D6uWwpljElSiQD8cWqsSG5.jpg,page_440.json,ok,
32471,Mixtape,Comedy,images/32471_Mixtape_Comedy.jpg,https://image.tmdb.org/t/p/original/2fpG1PiHPHdLt8X2e7WAct7EVB7.jpg,page_440.json,ok,
307274,Clinger,Comedy,images/307274_Clinger_Comedy.jpg,https://image.tmdb.org/t/p/original/gjk2xJGni488UDMAVMTu8MjRqSi.jpg,page_439.json,ok,
331303,The Best Of The Two Ronnies - Volume 1,Comedy,images/331303_The_Best_Of_The_Two_Ronnies_-_Volume_1_Comedy.jpg,https://image.tmdb.org/t/p/original/aB7FiwyOhRPWH7yBOhOSH3Xh7P1.jpg,page_440.json,ok,
348746,Pixies,Comedy,images/348746_Pixies_Comedy.jpg,https://image.tmdb.org/t/p/original/hX9TgZ3bnCu3QGwC0ISAowAiNfJ.jpg,page_440.json,ok,
22060,Spirit Trap,Thriller,images/22060_Spirit_Trap_Thriller.jpg,https://image.tmdb.org/t/p/original/qCwDQ6IY7n69HhS6uS5CeczrXnW.jpg,page_440.json,ok,
315899,Desecrated,Thriller,images/315899_Desecrated_Thriller.jpg,https://image.tmdb.org/t/p/original/ooBFuuslswVGJ2rWktmMR2btgoz.jpg,page_440.json,ok,
1491415,What Would You Kill For?,Thriller,images/1491415_What_Would_You_Kill_For_Thriller.jpg,https://image.tmdb.org/t/p/original/zQ7iONXsuvHkiPGgi2r636PoczJ.jpg,page_439.json,ok,
664051,1 Night in San Diego,Comedy,images/664051_1_Night_in_San_Diego_Comedy.jpg,https://image.tmdb.org/t/p/original/mnvFf0u6FC5MmYeKSc9TTKOcuTz.jpg,page_440.json,ok,
4912,Confessions of a Dangerous Mind,Comedy,images/4912_Confessions_of_a_Dangerous_Mind_Comedy.jpg,https://image.tmdb.org/t/p/original/nccluUFM3pRNI9nUyDEcDa6KviO.jpg,page_441.json,ok,
1025510,Dying to Win,Thriller,images/1025510_Dying_to_Win_Thriller.jpg,https://image.tmdb.org/t/p/original/981GscunEMHdLhkZ7DpJ5dmwE9a.jpg,page_441.json,ok,
18216,Brutal Massacre: A Comedy,Comedy,images/18216_Brutal_Massacre_A_Comedy_Comedy.jpg,https://image.tmdb.org/t/p/original/t3TgMuIC3Zqt9R3Bx2fG14hmBKP.jpg,page_441.json,ok,
509020,Involution,Thriller,images/509020_Involution_Thriller.jpg,https://image.tmdb.org/t/p/original/m02qR11agwJkH85Lm8M7lMddKj8.jpg,page_440.json,ok,
942628,Fluxx,Thriller,images/942628_Fluxx_Thriller.jpg,https://image.tmdb.org/t/p/original/hydVvVAnJBy0NYix4FPwRd9vXYv.jpg,page_441.json,ok,
828417,Mack,Comedy,images/828417_Mack_Comedy.jpg,https://image.tmdb.org/t/p/original/dKXNd7FhWm7CwlGJ0rI7otWmzBL.jpg,page_440.json,ok,
431071,Mad Families,Comedy,images/431071_Mad_Families_Comedy.jpg,https://image.tmdb.org/t/p/original/leliLuYey1PCfu91EMm38frxCQU.jpg,page_441.json,ok,
9971,The Last Run,Comedy,images/9971_The_Last_Run_Comedy.jpg,https://image.tmdb.org/t/p/original/7DmOhfeaQSBhfFjodVm2u5RNDaQ.jpg,page_441.json,ok,
281630,CEO,Comedy,images/281630_CEO_Comedy.jpg,https://image.tmdb.org/t/p/original/xYFkNXdjnQ6EUErf2dg4jyNxF0n.jpg,page_442.json,ok,
410238,Tear Us Apart,Thriller,images/410238_Tear_Us_Apart_Thriller.jpg,https://image.tmdb.org/t/p/original/fO7s4IW7h11wokkMZC5D9rZb1Hn.jpg,page_441.json,ok,
747349,Dolly Parton's Christmas on the Square,Comedy,images/747349_Dolly_Partons_Christmas_on_the_Square_Comedy.jpg,https://image.tmdb.org/t/p/original/2fmnCR1UpojTl5FRBu7OzZTibA4.jpg,page_442.json,ok,
350563,Angel,Thriller,images/350563_Angel_Thriller.jpg,https://image.tmdb.org/t/p/original/52Y5JHcoL07Ngy6aDJwf259nxA7.jpg,page_442.json,ok,
395045,Steve Hofstetter: Ginger Kid,Comedy,images/395045_Steve_Hofstetter_Ginger_Kid_Comedy.jpg,https://image.tmdb.org/t/p/original/fNhq58FVvbR7MoArmc70ZsRQDak.jpg,page_442.json,ok,
585642,The Killer Downstairs,Thriller,images/585642_The_Killer_Downstairs_Thriller.jpg,https://image.tmdb.org/t/p/original/oQJXi21kIRxRhB3lAqrjaO95tVT.jpg,page_442.json,ok,
886970,By Deception,Thriller,images/886970_By_Deception_Thriller.jpg,https://image.tmdb.org/t/p/original/mwvyFKoXOSujhum8UThRdBZk0tW.jpg,page_442.json,ok,
50096,The Locksmith,Comedy,images/50096_The_Locksmith_Comedy.jpg,https://image.tmdb.org/t/p/original/amKI8twXhao1eycerHD7tAXhmX2.jpg,page_442.json,ok,
38803,Kingdom Come,Comedy,images/38803_Kingdom_Come_Comedy.jpg,https://image.tmdb.org/t/p/original/RB7WGRuUhysfAnseiatbKytJsp.jpg,page_442.json,ok,
637384,Man Camp,Comedy,images/637384_Man_Camp_Comedy.jpg,https://image.tmdb.org/t/p/original/5EwflIC3CxUdfKWanBJlAbU7Zsm.jpg,page_442.json,ok,
936779,The Mirror,Thriller,images/936779_The_Mirror_Thriller.jpg,https://image.tmdb.org/t/p/original/p6TquGMWxo7FRPUAJdkiGMddU60.jpg,page_443.json,ok,
224903,Final: The Rapture,Thriller,images/224903_Final_The_Rapture_Thriller.jpg,https://image.tmdb.org/t/p/original/3w2e1G7fibmrW8C79zT9HnOJkQG.jpg,page_443.json,ok,
529862,Brittany Runs a Marathon,Comedy,images/529862_Brittany_Runs_a_Marathon_Comedy.jpg,https://image.tmdb.org/t/p/original/aSWePCEtLpNdD7ykW6OuZqvVhyn.jpg,page_443.json,ok,
841589,Refused Classification,Comedy,images/841589_Refused_Classification_Comedy.jpg,https://image.tmdb.org/t/p/original/yYidcTb503k59F9tgHHSxHOhm5H.jpg,page_438.json,ok,
980928,Truth Serum,Comedy,images/980928_Truth_Serum_Comedy.jpg,https://image.tmdb.org/t/p/original/9S0syVyht2ajKDR3MqbbecxLSVx.jpg,page_443.json,ok,
262522,Poison,Thriller,images/262522_Poison_Thriller.jpg,https://image.tmdb.org/t/p/original/cmCTuSFHzA5LBbJmDGTo4gl4pAS.jpg,page_443.json,ok,
498575,Freak of Nurture,Thriller,images/498575_Freak_of_Nurture_Thriller.jpg,https://image.tmdb.org/t/p/original/1YK4MVZHN1FKUruoNiu2fAr1cvI.jpg,page_443.json,ok,
954919,The Assistant,Thriller,images/954919_The_Assistant_Thriller.jpg,https://image.tmdb.org/t/p/original/ddzgzzXUxEmCIqovWkMM9VAMaEO.jpg,page_443.json,ok,
81277,Dangerous Attraction,Thriller,images/81277_Dangerous_Attraction_Thriller.jpg,https://image.tmdb.org/t/p/original/nfPJ4S9282v9B21FDSzesDIadJ1.jpg,page_443.json,ok,
39450,White on Rice,Comedy,images/39450_White_on_Rice_Comedy.jpg,https://image.tmdb.org/t/p/original/whfnR8N5fPVlOechvUNA8fl2c9m.jpg,page_442.json,ok,
406966,Razor,Comedy,images/406966_Razor_Comedy.jpg,https://image.tmdb.org/t/p/original/3hssOqSFNFb5BcyAHGvWNNseiAP.jpg,page_443.json,ok,
761660,Embrace,Comedy,images/761660_Embrace_Comedy.jpg,https://image.tmdb.org/t/p/original/joSVHwaqwUr1a8SwRg6DxFDFoZ0.jpg,page_442.json,ok,
530980,The Best People,Comedy,images/530980_The_Best_People_Comedy.jpg,https://image.tmdb.org/t/p/original/djl2d9fqxod722FqwV7cM80fS4T.jpg,page_444.json,ok,
914810,Roommates,Comedy,images/914810_Roommates_Comedy.jpg,https://image.tmdb.org/t/p/original/ff4lOtr2P2Z3mVYGk8Ya1tWj16d.jpg,page_443.json,ok,
394661,Sacrifice,Thriller,images/394661_Sacrifice_Thriller.jpg,https://image.tmdb.org/t/p/original/eVrlNY7SbWmTslaRlJvo3sMsZm4.jpg,page_443.json,ok,
34803,Death at a Funeral,Comedy,images/34803_Death_at_a_Funeral_Comedy.jpg,https://image.tmdb.org/t/p/original/oBCQYMJTqV3qLjrvZ5sTZUCBky7.jpg,page_444.json,ok,
722372,Anxiety's Wilma,Comedy,images/722372_Anxietys_Wilma_Comedy.jpg,https://image.tmdb.org/t/p/original/mzQe8pMuvo1cZkuyojMgCl2QTcD.jpg,page_444.json,ok,
670591,Eureka!,Comedy,images/670591_Eureka_Comedy.jpg,https://image.tmdb.org/t/p/original/AuTog1jXCCqBbmJaaDBN7V5Ftyy.jpg,page_444.json,ok,
389468,The Truth,Comedy,images/389468_The_Truth_Comedy.jpg,https://image.tmdb.org/t/p/original/xx4HtAiI9Sfz7kO4glzi3N5AbgI.jpg,page_444.json,ok,
19059,Dead Fish,Thriller,images/19059_Dead_Fish_Thriller.jpg,https://image.tmdb.org/t/p/original/w0CV2soSYdDU4h9k2liEKYxXGRq.jpg,page_444.json,ok,
213901,Fir Crazy,Comedy,images/213901_Fir_Crazy_Comedy.jpg,https://image.tmdb.org/t/p/original/dzZQ3z0cjvyfLJi9Y9RESJs8l1F.jpg,page_444.json,ok,
26738,Rage,Thriller,images/26738_Rage_Thriller.jpg,https://image.tmdb.org/t/p/original/atqccoctqnvjj9yepJMxytbRvqf.jpg,page_444.json,ok,
41515,Yogi Bear,Comedy,images/41515_Yogi_Bear_Comedy.jpg,https://image.tmdb.org/t/p/original/oUga2DgHM8Xpe9yjxz8rVIafwD7.jpg,page_445.json,ok,
1192338,"Nepotism, Baby!",Comedy,images/1192338_Nepotism_Baby_Comedy.jpg,https://image.tmdb.org/t/p/original/98NWjzJC60QndcXtTwawJerN65x.jpg,page_445.json,ok,
10562,Under Suspicion,Thriller,images/10562_Under_Suspicion_Thriller.jpg,https://image.tmdb.org/t/p/original/2snkCKKthT5S8Ua0aMZkeaXkmBi.jpg,page_445.json,ok,
425001,The War with Grandpa,Comedy,images/425001_The_War_with_Grandpa_Comedy.jpg,https://image.tmdb.org/t/p/original/ltyARDw2EFXZ2H2ERnlEctXPioP.jpg,page_445.json,ok,
84187,The Comedy,Comedy,images/84187_The_Comedy_Comedy.jpg,https://image.tmdb.org/t/p/original/uw8z9e3x0wFuRguDMuA75ipkEsx.jpg,page_445.json,ok,
582057,ruok,Comedy,images/582057_ruok_Comedy.jpg,https://image.tmdb.org/t/p/original/eXYiJMI3V9cIoezyNT780oEBTIm.jpg,page_445.json,ok,
500270,Dark Harvest,Thriller,images/500270_Dark_Harvest_Thriller.jpg,https://image.tmdb.org/t/p/original/mq5oAocgajiwW2OMe5JljHaHwQO.jpg,page_445.json,ok,
67252,Hotel Splendide,Comedy,images/67252_Hotel_Splendide_Comedy.jpg,https://image.tmdb.org/t/p/original/td1G4qqhCnOQ4ZliPU3BnWVbRrG.jpg,page_445.json,ok,
140814,Elliot Loves,Comedy,images/140814_Elliot_Loves_Comedy.jpg,https://image.tmdb.org/t/p/original/vqXZhsURCPcJ9f7aGtMQ88KSbwY.jpg,page_446.json,ok,
121304,Torn Apart,Thriller,images/121304_Torn_Apart_Thriller.jpg,https://image.tmdb.org/t/p/original/bRc7kUGpcaEsPyc2nbBCD1wnzH3.jpg,page_446.json,ok,
160045,Layla Fourie,Thriller,images/160045_Layla_Fourie_Thriller.jpg,https://image.tmdb.org/t/p/original/2aY7AXbCtqbugykJqq5OoWGnAbx.jpg,page_445.json,ok,
127867,The Brass Teapot,Comedy,images/127867_The_Brass_Teapot_Comedy.jpg,https://image.tmdb.org/t/p/original/6txTmb8OIimrQezgD8ERMmrrbnT.jpg,page_446.json,ok,
71013,Final Move,Thriller,images/71013_Final_Move_Thriller.jpg,https://image.tmdb.org/t/p/original/z63NeRNxR6DrcFEnEkO84o1ou0o.jpg,page_446.json,ok,
965386,Barely Legal Pawn,Comedy,images/965386_Barely_Legal_Pawn_Comedy.jpg,https://image.tmdb.org/t/p/original/iuALuHQAYQpw9aMJny9qLTmSSiX.jpg,page_447.json,ok,
75043,Found,Thriller,images/75043_Found_Thriller.jpg,https://image.tmdb.org/t/p/original/vU4TW1gqCyuavfhksEHpWMy923G.jpg,page_447.json,ok,
794192,Rock and Roll: The Movie,Comedy,images/794192_Rock_and_Roll_The_Movie_Comedy.jpg,https://image.tmdb.org/t/p/original/4EIslEzAxYD78vtLVAuAp8WQWqs.jpg,page_447.json,ok,
345922,Fist Fight,Comedy,images/345922_Fist_Fight_Comedy.jpg,https://image.tmdb.org/t/p/original/huRhv4IZDk2ds0DIDkI6uxdmb6J.jpg,page_447.json,ok,
328141,I Am Your Grandma,Comedy,images/328141_I_Am_Your_Grandma_Comedy.jpg,https://image.tmdb.org/t/p/original/qcVudZ4HR3LSWgMWtNVzX0IqtBt.jpg,page_447.json,ok,
136466,Sparrows Dance,Comedy,images/136466_Sparrows_Dance_Comedy.jpg,https://image.tmdb.org/t/p/original/nZ3KjvTNDt5jW022oX7GC0NLbSP.jpg,page_447.json,ok,
535738,A Play,Comedy,images/535738_A_Play_Comedy.jpg,https://image.tmdb.org/t/p/original/iGMqvmZtOXAinOhDOHx739iWP1G.jpg,page_447.json,ok,
708416,True West,Comedy,images/708416_True_West_Comedy.jpg,https://image.tmdb.org/t/p/original/fuRsrQVeXws290kMNb2pRbxIufL.jpg,page_448.json,ok,
1547165,Thy Will Be Done,Thriller,images/1547165_Thy_Will_Be_Done_Thriller.jpg,https://image.tmdb.org/t/p/original/gmt9djEnV1cXmk3SBxKg8WvRfNq.jpg,page_448.json,ok,
1039659,Winner,Comedy,images/1039659_Winner_Comedy.jpg,https://image.tmdb.org/t/p/original/wvTlXCh0XKukjsQtFGC4qtnO6Cz.jpg,page_448.json,ok,
240900,BlackJacks,Thriller,images/240900_BlackJacks_Thriller.jpg,https://image.tmdb.org/t/p/original/asNFexcb3uMVUMANN0fRkj9VwLo.jpg,page_448.json,ok,
1532795,Kill Tony: Mayhem at Madison Square Garden,Comedy,images/1532795_Kill_Tony_Mayhem_at_Madison_Square_Garden_Comedy.jpg,https://image.tmdb.org/t/p/original/cvNM3CoKnXdY8oAmyAHTPOu17aC.jpg,page_448.json,ok,
119446,The Obama Effect,Comedy,images/119446_The_Obama_Effect_Comedy.jpg,https://image.tmdb.org/t/p/original/DvWcbEUDFYIEUXEMCE7yxwlYiI.jpg,page_448.json,ok,
1214028,Kangaroo,Comedy,images/1214028_Kangaroo_Comedy.jpg,https://image.tmdb.org/t/p/original/cg7gDoDyxEEaQyo7kZbP7fi0jjp.jpg,page_448.json,ok,
498301,Old Boys,Comedy,images/498301_Old_Boys_Comedy.jpg,https://image.tmdb.org/t/p/original/3CeLDFEGXfOQJeGyNafhC0jas5g.jpg,page_448.json,ok,
48359,Slash,Comedy,images/48359_Slash_Comedy.jpg,https://image.tmdb.org/t/p/original/wD5FkAFrHWDcfNXf3l02JSATa8P.jpg,page_448.json,ok,
10186,The Rocker,Comedy,images/10186_The_Rocker_Comedy.jpg,https://image.tmdb.org/t/p/original/wzgFC7jOEMtf9D6CSdI7ckUMtwU.jpg,page_449.json,ok,
376986,Fallen,Thriller,images/376986_Fallen_Thriller.jpg,https://image.tmdb.org/t/p/original/4HTvsdpapFDJQdnsGQgYyYUybrQ.jpg,page_449.json,ok,
157155,Par 6,Comedy,images/157155_Par_6_Comedy.jpg,https://image.tmdb.org/t/p/original/yJYZkTCvHL8dlJfp77yBAmTOCCn.jpg,page_449.json,ok,
813264,He's Dead & So Am I,Comedy,images/813264_Hes_Dead__So_Am_I_Comedy.jpg,https://image.tmdb.org/t/p/original/rhSieUmNpozcE3yybOOppPVzMc8.jpg,page_449.json,ok,
762469,Father Christmas Is Back,Comedy,images/762469_Father_Christmas_Is_Back_Comedy.jpg,https://image.tmdb.org/t/p/original/mI6mFCO3lrJ4ovzwfmoLs58uhlK.jpg,page_449.json,ok,
331704,The Shattering,Thriller,images/331704_The_Shattering_Thriller.jpg,https://image.tmdb.org/t/p/original/w9vArFV6q2aORIhuuuIyujifh0E.jpg,page_449.json,ok,
609181,Golden Arm,Comedy,images/609181_Golden_Arm_Comedy.jpg,https://image.tmdb.org/t/p/original/w4vwJK62cWhVFq6SZKHIcdHrh5T.jpg,page_449.json,ok,
257211,The Intern,Comedy,images/257211_The_Intern_Comedy.jpg,https://image.tmdb.org/t/p/original/9UoAC9tu8kIyRy8AcJnGhnH0gOH.jpg,page_45.json,ok,
212703,Dead Lenny,Comedy,images/212703_Dead_Lenny_Comedy.jpg,https://image.tmdb.org/t/p/original/s22d6o0SPaon75ONrn3LCK7Mi7H.jpg,page_45.json,ok,
10022,The Pacifier,Comedy,images/10022_The_Pacifier_Comedy.jpg,https://image.tmdb.org/t/p/original/ayVLPibrtazh7U5FliWRLDMmG3d.jpg,page_45.json,ok,
975714,Collision,Thriller,images/975714_Collision_Thriller.jpg,https://image.tmdb.org/t/p/original/k4KWmmV51Cc7bIFbaS4jzz9PYGf.jpg,page_45.json,ok,
1137438,Messy,Comedy,images/1137438_Messy_Comedy.jpg,https://image.tmdb.org/t/p/original/bgOoMNe0LoCL7A8E2uqvINVZmcg.jpg,page_45.json,ok,
549689,Weeji,Comedy,images/549689_Weeji_Comedy.jpg,https://image.tmdb.org/t/p/original/pf7eSfKFSKcbQxH2lWKvZhSwGhq.jpg,page_446.json,ok,
1446145,Demons to Diamonds,Thriller,images/1446145_Demons_to_Diamonds_Thriller.jpg,https://image.tmdb.org/t/p/original/9ZeGyGxuECVCQt1NNdqwlkv8ayr.jpg,page_450.json,ok,
60366,ThanksKilling,Comedy,images/60366_ThanksKilling_Comedy.jpg,https://image.tmdb.org/t/p/original/o3KVG2jQtLLFIJByVVbk3nQbkfz.jpg,page_450.json,ok,
1203595,Hellvira on the run,Comedy,images/1203595_Hellvira_on_the_run_Comedy.jpg,https://image.tmdb.org/t/p/original/6Fle6xfeVriTOOPLhgQyRbtm8m0.jpg,page_450.json,ok,
749464,Bloodhound,Comedy,images/749464_Bloodhound_Comedy.jpg,https://image.tmdb.org/t/p/original/ia5fiT47kCddcOUMqwiabKe1zuC.jpg,page_450.json,ok,
64972,The Kid & I,Comedy,images/64972_The_Kid__I_Comedy.jpg,https://image.tmdb.org/t/p/original/nr5k1hesGiVEyjlAldEGbXyL0Ba.jpg,page_450.json,ok,
94354,Eating Out: The Open Weekend,Comedy,images/94354_Eating_Out_The_Open_Weekend_Comedy.jpg,https://image.tmdb.org/t/p/original/t2wRS8XNU4fPfBfg5qQjZauK8FI.jpg,page_450.json,ok,
26450,Phantom of the Megaplex,Comedy,images/26450_Phantom_of_the_Megaplex_Comedy.jpg,https://image.tmdb.org/t/p/original/saZEFau4Y4EYvXQgdAcVTxiDopy.jpg,page_450.json,ok,
750382,Balk,Comedy,images/750382_Balk_Comedy.jpg,https://image.tmdb.org/t/p/original/6TPATIDviEw15KQ7eogQTtPDpFV.jpg,page_450.json,ok,
345875,The Abandoned,Thriller,images/345875_The_Abandoned_Thriller.jpg,https://image.tmdb.org/t/p/original/3TNmBgcta46j0z7KmKtOMO84pfE.jpg,page_450.json,ok,
724771,Emergency Call,Thriller,images/724771_Emergency_Call_Thriller.jpg,https://image.tmdb.org/t/p/original/pDfA2Ldahhi79xeil3sOWe0g0z9.jpg,page_446.json,ok,
571936,Suicide Club,Thriller,images/571936_Suicide_Club_Thriller.jpg,https://image.tmdb.org/t/p/original/z9IZewQwziCCE5DlyxPux2vqNuC.jpg,page_451.json,ok,
294980,Scienceless Fiction,Comedy,images/294980_Scienceless_Fiction_Comedy.jpg,https://image.tmdb.org/t/p/original/2ILON6EpKgYe70llBX3owvqVWOY.jpg,page_451.json,ok,
18866,Knots,Comedy,images/18866_Knots_Comedy.jpg,https://image.tmdb.org/t/p/original/cM7WPKZA9thnLWSrC80bgpCdUdZ.jpg,page_451.json,ok,
28917,Familiar Strangers,Comedy,images/28917_Familiar_Strangers_Comedy.jpg,https://image.tmdb.org/t/p/original/w8Zr9An8Qc6rX2lzLTJEVFhz2Dy.jpg,page_451.json,ok,
815152,Painkiller,Thriller,images/815152_Painkiller_Thriller.jpg,https://image.tmdb.org/t/p/original/2YlkF8TxVCh06GDMrYTYTIjweo0.jpg,page_451.json,ok,
327946,$elfie Shootout,Comedy,images/327946_elfie_Shootout_Comedy.jpg,https://image.tmdb.org/t/p/original/d6KYO66Qa55zblgdMi5n9AvTKhH.jpg,page_449.json,ok,
437889,Doobious Sources,Comedy,images/437889_Doobious_Sources_Comedy.jpg,https://image.tmdb.org/t/p/original/3WNt9JW8M4eaULL7zmwINp5jOl8.jpg,page_451.json,ok,
380127,36 Questions,Comedy,images/380127_36_Questions_Comedy.jpg,https://image.tmdb.org/t/p/original/jf8PQNtlzcRCzGSGmwLegCDdyR0.jpg,page_451.json,ok,
258086,The Damned,Thriller,images/258086_The_Damned_Thriller.jpg,https://image.tmdb.org/t/p/original/jtTlnB7jOfEBiK5eVSLUMWR6aKg.jpg,page_451.json,ok,
696530,Vicious,Thriller,images/696530_Vicious_Thriller.jpg,https://image.tmdb.org/t/p/original/zUvgmubVDUxIomL61yRIvCG8px5.jpg,page_451.json,ok,
1025819,Convulsion,Thriller,images/1025819_Convulsion_Thriller.jpg,https://image.tmdb.org/t/p/original/ypKYKjU8QMeLDmqoU5i7iJuaHs0.jpg,page_452.json,ok,
653584,Surge,Thriller,images/653584_Surge_Thriller.jpg,https://image.tmdb.org/t/p/original/tR68Qbd0ETPXGDtC6HZtTmliX1G.jpg,page_452.json,ok,
11025,New York Minute,Comedy,images/11025_New_York_Minute_Comedy.jpg,https://image.tmdb.org/t/p/original/px9hV6w6XzAjGdxCRUAUasAHQsP.jpg,page_452.json,ok,
899294,Frank and Penelope,Thriller,images/899294_Frank_and_Penelope_Thriller.jpg,https://image.tmdb.org/t/p/original/5NpXoAi3nEQkEgLO09nmotPfyNa.jpg,page_452.json,ok,
28868,Being Cyrus,Comedy,images/28868_Being_Cyrus_Comedy.jpg,https://image.tmdb.org/t/p/original/7aFwJjyumVeFkClcLdDSfsIe6L9.jpg,page_452.json,ok,
718108,Birthmother's Betrayal,Thriller,images/718108_Birthmothers_Betrayal_Thriller.jpg,https://image.tmdb.org/t/p/original/u71T3LyYSkk8xlQ7j5Ga1vkE1zc.jpg,page_453.json,ok,
1360865,Psychic Storm,Thriller,images/1360865_Psychic_Storm_Thriller.jpg,https://image.tmdb.org/t/p/original/2mmygNYWUsRJgJwF79pmScr9KrC.jpg,page_453.json,ok,
1278360,The Roast of Tom Brady,Comedy,images/1278360_The_Roast_of_Tom_Brady_Comedy.jpg,https://image.tmdb.org/t/p/original/guph6RgrrQSDQpDckGaIHLS5wzg.jpg,page_453.json,ok,
159407,Jadoo,Comedy,images/159407_Jadoo_Comedy.jpg,https://image.tmdb.org/t/p/original/vrwnQ2vfLHKQgntSAdPnsozVvsA.jpg,page_452.json,ok,
1164892,Escape,Thriller,images/1164892_Escape_Thriller.jpg,https://image.tmdb.org/t/p/original/75YBLsA38KAJfL4D4plgcmquAE1.jpg,page_453.json,ok,
365359,Detours,Comedy,images/365359_Detours_Comedy.jpg,https://image.tmdb.org/t/p/original/wJ1AjWNHZbsRQzmiyNYbipaYOvc.jpg,page_450.json,ok,
1260383,Listen,Thriller,images/1260383_Listen_Thriller.jpg,https://image.tmdb.org/t/p/original/1c8NEMQAin9xvmpirQaoZpI4TYL.jpg,page_453.json,ok,
450766,The Forgiven,Thriller,images/450766_The_Forgiven_Thriller.jpg,https://image.tmdb.org/t/p/original/mUQK6gWivZ7q2ehkh8D2YFCqMq9.jpg,page_453.json,ok,
88006,Graveyard Alive: A Zombie Nurse in Love,Comedy,images/88006_Graveyard_Alive_A_Zombie_Nurse_in_Love_Comedy.jpg,https://image.tmdb.org/t/p/original/lLtspt7cX43CpgBsHN46ywSKSKT.jpg,page_453.json,ok,
920024,iMordecai,Comedy,images/920024_iMordecai_Comedy.jpg,https://image.tmdb.org/t/p/original/6hirIspHMoOWtr4KMq5dP1tSMt2.jpg,page_453.json,ok,
317198,Bad Hair Day,Comedy,images/317198_Bad_Hair_Day_Comedy.jpg,https://image.tmdb.org/t/p/original/i1Vum1dbHkFVF0aqb1cNR0OSkD0.jpg,page_453.json,ok,
18408,Cherish,Comedy,images/18408_Cherish_Comedy.jpg,https://image.tmdb.org/t/p/original/hTNAKGnqi8v4FRPEjm9Wl5S5yMz.jpg,page_454.json,ok,
859947,Mat Bond Malaya,Comedy,images/859947_Mat_Bond_Malaya_Comedy.jpg,https://image.tmdb.org/t/p/original/5gBrmvb6RJsga4EuxdxjG32OUc0.jpg,page_452.json,ok,
114591,Cheesecake Casserole,Comedy,images/114591_Cheesecake_Casserole_Comedy.jpg,https://image.tmdb.org/t/p/original/vmip73BbbwYRt4Ysi6P3IyWw6Yh.jpg,page_454.json,ok,
1002315,Please Don't Destroy: The Treasure of Foggy Mountain,Comedy,images/1002315_Please_Dont_Destroy_The_Treasure_of_Foggy_Mountain_Comedy.jpg,https://image.tmdb.org/t/p/original/2WSTjQNamyMoy3kFDemd1os8TNz.jpg,page_454.json,ok,
952478,Assailant,Thriller,images/952478_Assailant_Thriller.jpg,https://image.tmdb.org/t/p/original/nFpRKiRamespG2O1ODDCGnX1N6t.jpg,page_454.json,ok,
878195,Youngstown,Comedy,images/878195_Youngstown_Comedy.jpg,https://image.tmdb.org/t/p/original/166wiD54JUdfRGxcsmOg7kPoXH8.jpg,page_454.json,ok,
2757,Adaptation.,Comedy,images/2757_Adaptation._Comedy.jpg,https://image.tmdb.org/t/p/original/ffEmHQAiD0m5dEQ6rlsuA9vlllW.jpg,page_455.json,ok,
486809,Monsters Anonymous,Comedy,images/486809_Monsters_Anonymous_Comedy.jpg,https://image.tmdb.org/t/p/original/zIlGa6sQlbM8Plwr467JOqh3Zbr.jpg,page_454.json,ok,
513413,Spider in the Web,Thriller,images/513413_Spider_in_the_Web_Thriller.jpg,https://image.tmdb.org/t/p/original/3io8GqRA8bAvASHcU4NJbBbrZor.jpg,page_455.json,ok,
25852,Nothing Like the Holidays,Comedy,images/25852_Nothing_Like_the_Holidays_Comedy.jpg,https://image.tmdb.org/t/p/original/veP26wuib65SnkFjyLgFeIWeFzd.jpg,page_455.json,ok,
586913,Seanie & Flo,Comedy,images/586913_Seanie__Flo_Comedy.jpg,https://image.tmdb.org/t/p/original/mlhJaVOoW1vlwUjLpTvqGwtcLfz.jpg,page_455.json,ok,
1210363,Scarlet,Thriller,images/1210363_Scarlet_Thriller.jpg,https://image.tmdb.org/t/p/original/iX4UEqQaFLPXmUQfcebMjq0cJZi.jpg,page_455.json,ok,
39257,1234,Comedy,images/39257_1234_Comedy.jpg,https://image.tmdb.org/t/p/original/2CZOz1YkXfr2jdwLMQ64WllZf9e.jpg,page_455.json,ok,
60062,Judy Moody and the Not Bummer Summer,Comedy,images/60062_Judy_Moody_and_the_Not_Bummer_Summer_Comedy.jpg,https://image.tmdb.org/t/p/original/2wUv3WHntf47RHkbiTLZVuUhN9n.jpg,page_455.json,ok,
309050,Mountain Men,Comedy,images/309050_Mountain_Men_Comedy.jpg,https://image.tmdb.org/t/p/original/aBgzu6P52dk6WcCCNrn882nLcxl.jpg,page_455.json,ok,
1369410,ROLLING,Comedy,images/1369410_ROLLING_Comedy.jpg,https://image.tmdb.org/t/p/original/jKrRMI4kERNSE1KBgreJjV9hir0.jpg,page_455.json,ok,
701928,Piggy,Comedy,images/701928_Piggy_Comedy.jpg,https://image.tmdb.org/t/p/original/c8SvgYB7gqPvlkNYLY1uB64OC4p.jpg,page_455.json,ok,
93383,Borderline Murder,Thriller,images/93383_Borderline_Murder_Thriller.jpg,https://image.tmdb.org/t/p/original/mB6Z6rEiYwzRLKsB03ltC76yq8B.jpg,page_455.json,ok,
532378,Final Deployment 4: Queen Battle Walkthrough,Comedy,images/532378_Final_Deployment_4_Queen_Battle_Walkthrough_Comedy.jpg,https://image.tmdb.org/t/p/original/rEfsOeThCnAh2XoQPeUOjHObbit.jpg,page_456.json,ok,
1229679,Lilith,Thriller,images/1229679_Lilith_Thriller.jpg,https://image.tmdb.org/t/p/original/oTBJxCChOr5s09pWtRQEFSszEc6.jpg,page_455.json,ok,
385750,Folk Hero & Funny Guy,Comedy,images/385750_Folk_Hero__Funny_Guy_Comedy.jpg,https://image.tmdb.org/t/p/original/dLazZ9AiumqJXBpF3x08b5NyOfh.jpg,page_456.json,ok,
991117,CRAZY,Comedy,images/991117_CRAZY_Comedy.jpg,https://image.tmdb.org/t/p/original/fGHxmzmT3zK6lOC2XValWADGOS8.jpg,page_454.json,ok,
433308,10 Year Reunion,Thriller,images/433308_10_Year_Reunion_Thriller.jpg,https://image.tmdb.org/t/p/original/5jvhdusWOjI7rwsgPDLnPo3YECr.jpg,page_456.json,ok,
508834,Trek: The Movie,Comedy,images/508834_Trek_The_Movie_Comedy.jpg,https://image.tmdb.org/t/p/original/ifspI6Tgw5qTXVjIKsDOH4N6xTu.jpg,page_456.json,ok,
262559,Unreal,Comedy,images/262559_Unreal_Comedy.jpg,https://image.tmdb.org/t/p/original/tkr4jVGEADVSPMSoFRoGZ7yKT7N.jpg,page_456.json,ok,
617006,A Midsummer Night's Dream,Comedy,images/617006_A_Midsummer_Nights_Dream_Comedy.jpg,https://image.tmdb.org/t/p/original/Px9UVqMerZYfpe3g1nHH6pwW8A.jpg,page_457.json,ok,
146636,The Debt,Thriller,images/146636_The_Debt_Thriller.jpg,https://image.tmdb.org/t/p/original/lK3fGkcpKRpZf8w1P9eYgfs29RZ.jpg,page_457.json,ok,
1019411,Space Cadet,Comedy,images/1019411_Space_Cadet_Comedy.jpg,https://image.tmdb.org/t/p/original/7QUOIldN6ShKj1LdLhO26a8QXND.jpg,page_456.json,ok,
337342,Prom Ride,Thriller,images/337342_Prom_Ride_Thriller.jpg,https://image.tmdb.org/t/p/original/hFnhTZ7bcAg4ENINlAQsQWAs59U.jpg,page_457.json,ok,
631021,Deviant Love,Thriller,images/631021_Deviant_Love_Thriller.jpg,https://image.tmdb.org/t/p/original/xGzsO8L7ymsR4SJXPG9SJRTSxtm.jpg,page_457.json,ok,
1054221,Coup!,Comedy,images/1054221_Coup_Comedy.jpg,https://image.tmdb.org/t/p/original/9a9Uo1YtkEeXPgAFvDyEGcMnYCX.jpg,page_457.json,ok,
417643,In Darkness,Thriller,images/417643_In_Darkness_Thriller.jpg,https://image.tmdb.org/t/p/original/A4gJEE1zpImXE8MYkeq4sB69mfZ.jpg,page_458.json,ok,
1258683,Meteors,Thriller,images/1258683_Meteors_Thriller.jpg,https://image.tmdb.org/t/p/original/4C3RDNZcpUDr4cfSknew2FPCUAS.jpg,page_458.json,ok,
1551904,Yesterday Island,Comedy,images/1551904_Yesterday_Island_Comedy.jpg,https://image.tmdb.org/t/p/original/537htJ3ON6EU8pr3t0uaAWln37u.jpg,page_458.json,ok,
16653,The Singles Ward,Comedy,images/16653_The_Singles_Ward_Comedy.jpg,https://image.tmdb.org/t/p/original/A1l7mSbptwFdutUbOq4zzhH4goa.jpg,page_458.json,ok,
52095,Second Best,Comedy,images/52095_Second_Best_Comedy.jpg,https://image.tmdb.org/t/p/original/1NALay7oyGaDBOeT3nvVL7rGmFi.jpg,page_458.json,ok,
776512,On the Count of Three,Comedy,images/776512_On_the_Count_of_Three_Comedy.jpg,https://image.tmdb.org/t/p/original/mv5v3xtiRqpMyP1XWRnRl5s38lV.jpg,page_458.json,ok,
274899,Inner Demons,Thriller,images/274899_Inner_Demons_Thriller.jpg,https://image.tmdb.org/t/p/original/cnZAp5ZmVbPa6arsQ8VmY02QYli.jpg,page_458.json,ok,
294736,Misfire,Thriller,images/294736_Misfire_Thriller.jpg,https://image.tmdb.org/t/p/original/p7OPHSTLFltn4ZZFvRw2OkpZnfV.jpg,page_458.json,ok,
529531,Hannah Gadsby: Nanette,Comedy,images/529531_Hannah_Gadsby_Nanette_Comedy.jpg,https://image.tmdb.org/t/p/original/xyDapdXEqic7pkLFvvvEW5dI3or.jpg,page_458.json,ok,
1309962,Magic Farm,Comedy,images/1309962_Magic_Farm_Comedy.jpg,https://image.tmdb.org/t/p/original/9XGkkT6KAx5ZYNPGNEF6U34sUf7.jpg,page_458.json,ok,
349135,Roboshark,Thriller,images/349135_Roboshark_Thriller.jpg,https://image.tmdb.org/t/p/original/w9odZRm3gk2NEhuhX0eoYGzhQ0J.jpg,page_459.json,ok,
346650,Girlfriend's Day,Comedy,images/346650_Girlfriends_Day_Comedy.jpg,https://image.tmdb.org/t/p/original/dC86zUwQXuYS84sNIL5GyjRmD1h.jpg,page_459.json,ok,
1136019,CarousHELL 3,Comedy,images/1136019_CarousHELL_3_Comedy.jpg,https://image.tmdb.org/t/p/original/o9nTkKLUaHqY3cCjCnEzgm2tKSK.jpg,page_459.json,ok,
2787,Pitch Black,Thriller,images/2787_Pitch_Black_Thriller.jpg,https://image.tmdb.org/t/p/original/3AnlxZ5CZnhKKzjgFyY6EHxmOyl.jpg,page_459.json,ok,
208656,Dark Power,Thriller,images/208656_Dark_Power_Thriller.jpg,https://image.tmdb.org/t/p/original/120lhDIIYYBqaCIyJFfcrhoHvlz.jpg,page_459.json,ok,
1060378,Pregnant,Comedy,images/1060378_Pregnant_Comedy.jpg,https://image.tmdb.org/t/p/original/avsyoGjUFBtelwgPRYNLN7hUN8v.jpg,page_458.json,ok,
566023,Hidden Family Secrets,Thriller,images/566023_Hidden_Family_Secrets_Thriller.jpg,https://image.tmdb.org/t/p/original/7hnfDpitB73jVXf75hGM7KxPeKK.jpg,page_46.json,ok,
733906,John Bronco,Comedy,images/733906_John_Bronco_Comedy.jpg,https://image.tmdb.org/t/p/original/7jpPXcV4yUQeuRmgjmIRVQnEayQ.jpg,page_459.json,ok,
981424,Maraschino Ruby,Comedy,images/981424_Maraschino_Ruby_Comedy.jpg,https://image.tmdb.org/t/p/original/1DDDExz4DJj4abqLgtc8xWrDcXR.jpg,page_46.json,ok,
798021,Family Switch,Comedy,images/798021_Family_Switch_Comedy.jpg,https://image.tmdb.org/t/p/original/g8Gwitm4CtZBSYhLeSY4Z3Xwwcg.jpg,page_46.json,ok,
18240,The Proposal,Comedy,images/18240_The_Proposal_Comedy.jpg,https://image.tmdb.org/t/p/original/aEqtJDj8MvSDQwzggvcOfFTZMw.jpg,page_46.json,ok,
702118,Alone Wolf,Thriller,images/702118_Alone_Wolf_Thriller.jpg,https://image.tmdb.org/t/p/original/gw6LTKr16b6B8AW90HWAdTVLz7O.jpg,page_46.json,ok,
161,Ocean's Eleven,Thriller,images/161_Oceans_Eleven_Thriller.jpg,https://image.tmdb.org/t/p/original/hQQCdZrsHtZyR6NbKH2YyCqd2fR.jpg,page_46.json,ok,
8645,The Happening,Thriller,images/8645_The_Happening_Thriller.jpg,https://image.tmdb.org/t/p/original/fP4nBrtmc0teSDDHzYmDE7TLQBT.jpg,page_46.json,ok,
331336,The Junkyard Willie Movie: Lost in Transit,Comedy,images/331336_The_Junkyard_Willie_Movie_Lost_in_Transit_Comedy.jpg,https://image.tmdb.org/t/p/original/6MLtqqqpCuEyugVnFcVYUCGXKzF.jpg,page_460.json,ok,
419727,Dead Love,Thriller,images/419727_Dead_Love_Thriller.jpg,https://image.tmdb.org/t/p/original/h21Q6fum4v5GtuiQTbVe7ZK37IB.jpg,page_460.json,ok,
16445,The Woods Have Eyes,Thriller,images/16445_The_Woods_Have_Eyes_Thriller.jpg,https://image.tmdb.org/t/p/original/kWy94SERjgw7N3kNpTz4hB0tW1y.jpg,page_460.json,ok,
546763,Fiance Killer,Thriller,images/546763_Fiance_Killer_Thriller.jpg,https://image.tmdb.org/t/p/original/szatfvBFyLNuC5p1lOkHwgBE5rC.jpg,page_460.json,ok,
126323,Mine Games,Thriller,images/126323_Mine_Games_Thriller.jpg,https://image.tmdb.org/t/p/original/4EumAjlw1pIpqoz8m0fJr1Tj2fm.jpg,page_460.json,ok,
904572,Phels High,Thriller,images/904572_Phels_High_Thriller.jpg,https://image.tmdb.org/t/p/original/syMX2i31GotIBtKExoFWIFfnvzv.jpg,page_460.json,ok,
212822,What An Idiot,Comedy,images/212822_What_An_Idiot_Comedy.jpg,https://image.tmdb.org/t/p/original/38X57pdnWf0zZAQzyNxQXAOAR0y.jpg,page_460.json,ok,
703919,Cocktails & Dreams,Comedy,images/703919_Cocktails__Dreams_Comedy.jpg,https://image.tmdb.org/t/p/original/dcVxXxkNSjjgz04Kt2PswfGEDSv.jpg,page_460.json,ok,
31999,Slippery Slope,Comedy,images/31999_Slippery_Slope_Comedy.jpg,https://image.tmdb.org/t/p/original/i1LUEez1ncDXCAs8JkgzVxnqmOs.jpg,page_460.json,ok,
146258,Prelude,Comedy,images/146258_Prelude_Comedy.jpg,https://image.tmdb.org/t/p/original/nWd5ixDQ0cXl5e7tD61o5ajleD2.jpg,page_461.json,ok,
1053059,Cold Road,Thriller,images/1053059_Cold_Road_Thriller.jpg,https://image.tmdb.org/t/p/original/805xmoyQEOizXQTZ4z0xaAsNUKc.jpg,page_461.json,ok,
540923,Good Bones,Comedy,images/540923_Good_Bones_Comedy.jpg,https://image.tmdb.org/t/p/original/6J2NaicuWvl1LrnG48Fg1FXvAmu.jpg,page_461.json,ok,
79771,Chillerama,Comedy,images/79771_Chillerama_Comedy.jpg,https://image.tmdb.org/t/p/original/eQsZdgCHvPKjLnK30ABVnt9wJcw.jpg,page_461.json,ok,
1090729,Dog Boy,Comedy,images/1090729_Dog_Boy_Comedy.jpg,https://image.tmdb.org/t/p/original/r6WdUziUeBHLaknO7sMqGSYNN2D.jpg,page_461.json,ok,
362578,The Untitled Work of Paul Shepard,Comedy,images/362578_The_Untitled_Work_of_Paul_Shepard_Comedy.jpg,https://image.tmdb.org/t/p/original/838g8FumlOgrJBgZM9VyXLXPRP.jpg,page_461.json,ok,
546059,Final Draft,Comedy,images/546059_Final_Draft_Comedy.jpg,https://image.tmdb.org/t/p/original/u962T6CGOAPUgISUHZod76jakUW.jpg,page_461.json,ok,
74027,Still Small Voices,Thriller,images/74027_Still_Small_Voices_Thriller.jpg,https://image.tmdb.org/t/p/original/wE7rdIcTNwjwiiqjTyv9UTR20AD.jpg,page_462.json,ok,
92813,Assmonster: The Making of a Horror Movie,Comedy,images/92813_Assmonster_The_Making_of_a_Horror_Movie_Comedy.jpg,https://image.tmdb.org/t/p/original/lIkKtJnOzFT0TSzNDQjMf1F1J7v.jpg,page_462.json,ok,
1239717,Hunters Lodge,Thriller,images/1239717_Hunters_Lodge_Thriller.jpg,https://image.tmdb.org/t/p/original/lExbszrx4ajhhtUG7UyAZmlJRg2.jpg,page_461.json,ok,
42654,Acceptance,Comedy,images/42654_Acceptance_Comedy.jpg,https://image.tmdb.org/t/p/original/ff0xCcRZBgKlZ9DCHuASA7RFoJF.jpg,page_461.json,ok,
582186,"Oh, Ramona!",Comedy,images/582186_Oh_Ramona_Comedy.jpg,https://image.tmdb.org/t/p/original/mscdZrk8k6VTVOgbVF5IpsaA8sK.jpg,page_462.json,ok,
535034,Broken Bunny,Comedy,images/535034_Broken_Bunny_Comedy.jpg,https://image.tmdb.org/t/p/original/gTxNrgR61zc42R6KFJdGeq6w6Up.jpg,page_462.json,ok,
944324,The Nomad,Thriller,images/944324_The_Nomad_Thriller.jpg,https://image.tmdb.org/t/p/original/ppurOXAqtHbI2Dj4ODJLJPlSdz5.jpg,page_462.json,ok,
926179,Aziz Ansari: Nightclub Comedian,Comedy,images/926179_Aziz_Ansari_Nightclub_Comedian_Comedy.jpg,https://image.tmdb.org/t/p/original/hgo2USQOTbiQR0HzwQQ7wuXSfCi.jpg,page_462.json,ok,
139519,Magic Magic,Thriller,images/139519_Magic_Magic_Thriller.jpg,https://image.tmdb.org/t/p/original/xgbECqu8xLVzmHT9p3SuB4HtSpL.jpg,page_462.json,ok,
223868,Mr. Sadman,Comedy,images/223868_Mr._Sadman_Comedy.jpg,https://image.tmdb.org/t/p/original/cT8SaAuk3WkNXauBV2ffUwF3C1x.jpg,page_462.json,ok,
521410,Broken Star,Thriller,images/521410_Broken_Star_Thriller.jpg,https://image.tmdb.org/t/p/original/1dBWzF1olIsSgSc1jaDm8r45Qm8.jpg,page_462.json,ok,
286532,A Merry Friggin' Christmas,Comedy,images/286532_A_Merry_Friggin_Christmas_Comedy.jpg,https://image.tmdb.org/t/p/original/eR9muFXkNCknGdfTQSeDS6tdPdZ.jpg,page_463.json,ok,
140033,Phone Swap,Comedy,images/140033_Phone_Swap_Comedy.jpg,https://image.tmdb.org/t/p/original/5KdLJrEf6l6ZxSdYVat25YPVdfT.jpg,page_458.json,ok,
437193,A Serial Killer's Guide to Life,Comedy,images/437193_A_Serial_Killers_Guide_to_Life_Comedy.jpg,https://image.tmdb.org/t/p/original/9YMM2audtZ2Qg0XOg1tW11IkHtV.jpg,page_463.json,ok,
419700,Sandy Wexler,Comedy,images/419700_Sandy_Wexler_Comedy.jpg,https://image.tmdb.org/t/p/original/38SDqWOt4utiLOnWlas7BfrYQGS.jpg,page_463.json,ok,
691119,Bear Kid,Comedy,images/691119_Bear_Kid_Comedy.jpg,https://image.tmdb.org/t/p/original/nPTSbPMVfPl6dEu02lnCEKVVbah.jpg,page_463.json,ok,
420783,Do Over,Comedy,images/420783_Do_Over_Comedy.jpg,https://image.tmdb.org/t/p/original/upSvts6Rk8aH1dYifxpf5GZMul1.jpg,page_463.json,ok,
589149,Vanilla,Comedy,images/589149_Vanilla_Comedy.jpg,https://image.tmdb.org/t/p/original/9E1ILqw3wNbWqq7SJVh60BJLGiQ.jpg,page_463.json,ok,
38640,Choke,Thriller,images/38640_Choke_Thriller.jpg,https://image.tmdb.org/t/p/original/7z0vJWTPuWSt0j5njYhJf4lm5t2.jpg,page_463.json,ok,
411520,Funeral Day,Comedy,images/411520_Funeral_Day_Comedy.jpg,https://image.tmdb.org/t/p/original/4OzbGU93ZlunypeFYr3JbIaazcD.jpg,page_463.json,ok,
410329,Blackout,Thriller,images/410329_Blackout_Thriller.jpg,https://image.tmdb.org/t/p/original/uPjVMfzjsBoL3X0ijYLfFDi5ZGG.jpg,page_464.json,ok,
477207,The Guest House,Thriller,images/477207_The_Guest_House_Thriller.jpg,https://image.tmdb.org/t/p/original/diXMHW0KsYx4KFsh5mgcaLv3RLI.jpg,page_464.json,ok,
89553,TripFall,Thriller,images/89553_TripFall_Thriller.jpg,https://image.tmdb.org/t/p/original/oCjEUEe1X3VvGJyJwFKUVqsnbiG.jpg,page_463.json,ok,
461528,The Valley,Comedy,images/461528_The_Valley_Comedy.jpg,https://image.tmdb.org/t/p/original/wKdXhFeD10p0TAKGcM8L9PQv54o.jpg,page_464.json,ok,
126797,Mental,Comedy,images/126797_Mental_Comedy.jpg,https://image.tmdb.org/t/p/original/tqwstYXYKtosbsIHMJdz3FOcCjs.jpg,page_464.json,ok,
362318,Usop Wilcha : Menghonjang Makhluk Muzium,Comedy,images/362318_Usop_Wilcha__Menghonjang_Makhluk_Muzium_Comedy.jpg,https://image.tmdb.org/t/p/original/2NQJlspsnI675tpvRPOndlTByys.jpg,page_462.json,ok,
1034167,Holiday Hideaway,Comedy,images/1034167_Holiday_Hideaway_Comedy.jpg,https://image.tmdb.org/t/p/original/1j5RwwVZExmGUAnuPU7FD1udOY1.jpg,page_464.json,ok,
290825,Yoga Hosers,Comedy,images/290825_Yoga_Hosers_Comedy.jpg,https://image.tmdb.org/t/p/original/cc40P3lKEiK0H8ZSd8hmBBI0HEV.jpg,page_464.json,ok,
419386,Besetment,Thriller,images/419386_Besetment_Thriller.jpg,https://image.tmdb.org/t/p/original/vTOR38A4bAZw8n5hjr8VCeApDh2.jpg,page_464.json,ok,
882212,No Dye,Comedy,images/882212_No_Dye_Comedy.jpg,https://image.tmdb.org/t/p/original/awnkT4q2KOBae3ua3GicMpgnXxN.jpg,page_463.json,ok,
413471,The Late Bloomer,Comedy,images/413471_The_Late_Bloomer_Comedy.jpg,https://image.tmdb.org/t/p/original/al9PDW3lxsDGNnphpVWdO9GvSGU.jpg,page_464.json,ok,
1425954,Uranus Attacks,Comedy,images/1425954_Uranus_Attacks_Comedy.jpg,https://image.tmdb.org/t/p/original/hzSNI7dQdhnj98lIF7jiSACDVem.jpg,page_465.json,ok,
446827,Prodigy,Thriller,images/446827_Prodigy_Thriller.jpg,https://image.tmdb.org/t/p/original/sMqyMjzqMi8Nd57iITmzi1fE5rP.jpg,page_465.json,ok,
256995,2nd Serve,Comedy,images/256995_2nd_Serve_Comedy.jpg,https://image.tmdb.org/t/p/original/vFnFg8uFS5blheh2MtnKxiHmb4B.jpg,page_465.json,ok,
702757,Steele Wool,Thriller,images/702757_Steele_Wool_Thriller.jpg,https://image.tmdb.org/t/p/original/sQ2LYT4DAJVmxRh3UYY0uH9mD0z.jpg,page_465.json,ok,
35696,Juwanna Mann,Comedy,images/35696_Juwanna_Mann_Comedy.jpg,https://image.tmdb.org/t/p/original/1m5sbTbifesBhCrkE0gJncwMGXw.jpg,page_465.json,ok,
849537,Sitting Ducks,Comedy,images/849537_Sitting_Ducks_Comedy.jpg,https://image.tmdb.org/t/p/original/uPmCCzyiWlSa3hyMVJhpdxMnyI4.jpg,page_466.json,ok,
2018,The Wedding Planner,Comedy,images/2018_The_Wedding_Planner_Comedy.jpg,https://image.tmdb.org/t/p/original/meq4bLUPcBlOG3Z5YdiWuBMlpO.jpg,page_466.json,ok,
793441,A Honeymoon to Remember,Comedy,images/793441_A_Honeymoon_to_Remember_Comedy.jpg,https://image.tmdb.org/t/p/original/7POepMKLZWihltLO3EJgKJz3Lku.jpg,page_465.json,ok,
493281,Blackmail,Comedy,images/493281_Blackmail_Comedy.jpg,https://image.tmdb.org/t/p/original/YtEXufCJTBMBj15Suh7CsAn399.jpg,page_465.json,ok,
878273,Venice at Dawn,Comedy,images/878273_Venice_at_Dawn_Comedy.jpg,https://image.tmdb.org/t/p/original/AsP6IMThpLB1Xinv38UuMVB2XbN.jpg,page_465.json,ok,
741020,Obsession: Stalked by My Lover,Thriller,images/741020_Obsession_Stalked_by_My_Lover_Thriller.jpg,https://image.tmdb.org/t/p/original/nFX9mJTN0ZUU3qIo9nstuTJjIIy.jpg,page_466.json,ok,
410503,Girlfriends Getaway 2,Comedy,images/410503_Girlfriends_Getaway_2_Comedy.jpg,https://image.tmdb.org/t/p/original/t7RwGTXkUMhObp3LMAVP2MH3jcJ.jpg,page_466.json,ok,
698737,The Vanishing Princess,Comedy,images/698737_The_Vanishing_Princess_Comedy.jpg,https://image.tmdb.org/t/p/original/zhBrNvhiQY7GEYbDBvJQANs0H9j.jpg,page_466.json,ok,
15423,Snoop Dogg's Hood of Horror,Comedy,images/15423_Snoop_Doggs_Hood_of_Horror_Comedy.jpg,https://image.tmdb.org/t/p/original/98abrZgWTnGP0noaY2Cli7SNhVb.jpg,page_466.json,ok,
259954,5 to 7,Comedy,images/259954_5_to_7_Comedy.jpg,https://image.tmdb.org/t/p/original/sQM9OKpj876pDWFbkfRIrpQG6fZ.jpg,page_467.json,ok,
13258,Son of Rambow,Comedy,images/13258_Son_of_Rambow_Comedy.jpg,https://image.tmdb.org/t/p/original/nM2LEcLYXK0zUTohQDHYJdNP6QS.jpg,page_467.json,ok,
1227770,Taylor Tomlinson: Have It All,Comedy,images/1227770_Taylor_Tomlinson_Have_It_All_Comedy.jpg,https://image.tmdb.org/t/p/original/nHsbWXfhVk53azsXICJGzn2imMg.jpg,page_467.json,ok,
553882,An Acceptable Loss,Thriller,images/553882_An_Acceptable_Loss_Thriller.jpg,https://image.tmdb.org/t/p/original/sa9y5TuaFagYRGVPLGAUhDStlds.jpg,page_467.json,ok,
1381241,Pancake Man,Thriller,images/1381241_Pancake_Man_Thriller.jpg,https://image.tmdb.org/t/p/original/zbuOBaDklfFjIYFK0K9RyaTcv4m.jpg,page_466.json,ok,
1244617,Deadly Justice,Thriller,images/1244617_Deadly_Justice_Thriller.jpg,https://image.tmdb.org/t/p/original/eDMuybkHJkb2W6PriVo4XLG0e77.jpg,page_467.json,ok,
11132,Confessions of a Teenage Drama Queen,Comedy,images/11132_Confessions_of_a_Teenage_Drama_Queen_Comedy.jpg,https://image.tmdb.org/t/p/original/3LUWyY3WXNDaezwbz69uB9qtVpk.jpg,page_467.json,ok,
682697,Paint,Comedy,images/682697_Paint_Comedy.jpg,https://image.tmdb.org/t/p/original/1byVzNV5AZCuQWijqtVbFqsDgBF.jpg,page_467.json,ok,
827550,La Bruja,Comedy,images/827550_La_Bruja_Comedy.jpg,https://image.tmdb.org/t/p/original/xmOKXXuju76rqB5x5Bl6or0TJgJ.jpg,page_467.json,ok,
711475,Here Today,Comedy,images/711475_Here_Today_Comedy.jpg,https://image.tmdb.org/t/p/original/xp64qD0V9SRE3jU6sEtQufAzYRk.jpg,page_467.json,ok,
13009,Zombie Strippers!,Comedy,images/13009_Zombie_Strippers_Comedy.jpg,https://image.tmdb.org/t/p/original/rPD7BfQa790D4sSdKq0Nh6L0DwN.jpg,page_467.json,ok,
713259,Eullenia,Thriller,images/713259_Eullenia_Thriller.jpg,https://image.tmdb.org/t/p/original/hAdSOeUHE3u0HVbkBDa71W23mC4.jpg,page_467.json,ok,
334037,Dead Saturday,Thriller,images/334037_Dead_Saturday_Thriller.jpg,https://image.tmdb.org/t/p/original/tQddMHklE8ABr3Wt6HsMXx0PVta.jpg,page_467.json,ok,
18029,Dying Breed,Thriller,images/18029_Dying_Breed_Thriller.jpg,https://image.tmdb.org/t/p/original/x8PQSt7nHAbMEbHX0nSLaUIPj4Z.jpg,page_468.json,ok,
383121,Kindergarten Cop 2,Comedy,images/383121_Kindergarten_Cop_2_Comedy.jpg,https://image.tmdb.org/t/p/original/6iVUHy9P7gzaCbMjj13qc6t7my4.jpg,page_468.json,ok,
12768,We,Comedy,images/12768_We_Comedy.jpg,https://image.tmdb.org/t/p/original/5TAI3O7wipyL6rJSmiG0fPs4sbE.jpg,page_468.json,ok,
621306,Double Eagle Ranch,Comedy,images/621306_Double_Eagle_Ranch_Comedy.jpg,https://image.tmdb.org/t/p/original/qqPpC6e4STeMIuaBVZUVcIR03d0.jpg,page_468.json,ok,
433310,When We First Met,Comedy,images/433310_When_We_First_Met_Comedy.jpg,https://image.tmdb.org/t/p/original/pscQKoikkSJxAu8O5LKtjgGJEt1.jpg,page_468.json,ok,
1096872,Lady Bouncer,Comedy,images/1096872_Lady_Bouncer_Comedy.jpg,https://image.tmdb.org/t/p/original/lVnKylSieKvbtx7ygkwCD4cKfJp.jpg,page_469.json,ok,
56965,National Lampoon's Dirty Movie,Comedy,images/56965_National_Lampoons_Dirty_Movie_Comedy.jpg,https://image.tmdb.org/t/p/original/ff5bC7A97Ce78TF8sAZ7Jdl7dI3.jpg,page_468.json,ok,
1148291,Okay,Comedy,images/1148291_Okay_Comedy.jpg,https://image.tmdb.org/t/p/original/fcKr2JXcmFZ4556qxFETg88boV5.jpg,page_467.json,ok,
735812,Death of a Telemarketer,Comedy,images/735812_Death_of_a_Telemarketer_Comedy.jpg,https://image.tmdb.org/t/p/original/shp21GCcILK1Y4O5YJ8p76ae62m.jpg,page_469.json,ok,
668372,Nobody,Comedy,images/668372_Nobody_Comedy.jpg,https://image.tmdb.org/t/p/original/h40dIHTqPyjQuyhbdLIBusCLwTF.jpg,page_469.json,ok,
38937,Adopted,Comedy,images/38937_Adopted_Comedy.jpg,https://image.tmdb.org/t/p/original/ArPC1UypQy5GxywKMCYoorSDXkS.jpg,page_469.json,ok,
253455,Frozen Stupid,Comedy,images/253455_Frozen_Stupid_Comedy.jpg,https://image.tmdb.org/t/p/original/zaTTOXyBNdWI2OW1wYxqLSm4Hgn.jpg,page_468.json,ok,
634006,Treacle,Comedy,images/634006_Treacle_Comedy.jpg,https://image.tmdb.org/t/p/original/uXiEHZ8hSK9eCUaOmHY02gzZYPz.jpg,page_469.json,ok,
953740,Unfinished,Thriller,images/953740_Unfinished_Thriller.jpg,https://image.tmdb.org/t/p/original/VmFkaJdH1lXYU0a4ZDGO5Fq9B2.jpg,page_469.json,ok,
16643,Life or Something Like It,Comedy,images/16643_Life_or_Something_Like_It_Comedy.jpg,https://image.tmdb.org/t/p/original/b9lUSfCjv8jjNRSsmk65HEV1Pv3.jpg,page_469.json,ok,
476622,Walk Like a Panther,Comedy,images/476622_Walk_Like_a_Panther_Comedy.jpg,https://image.tmdb.org/t/p/original/s1hrXzphIRoUTgZmw3zAUYu19ds.jpg,page_469.json,ok,
11635,Old School,Comedy,images/11635_Old_School_Comedy.jpg,https://image.tmdb.org/t/p/original/nYtuwNHpEoIbTgS3aFPSEwZNN6l.jpg,page_47.json,ok,
15157,Another Cinderella Story,Comedy,images/15157_Another_Cinderella_Story_Comedy.jpg,https://image.tmdb.org/t/p/original/Acw0Syw7s8QFTCkdJgtGR2Eg0SB.jpg,page_47.json,ok,
50546,Just Go with It,Comedy,images/50546_Just_Go_with_It_Comedy.jpg,https://image.tmdb.org/t/p/original/3rz7bfGsPGcI6cfY002n9VrUgao.jpg,page_47.json,ok,
12621,Hamlet 2,Comedy,images/12621_Hamlet_2_Comedy.jpg,https://image.tmdb.org/t/p/original/ljdmxGNwhuWZBsCgANlZrruFkJj.jpg,page_470.json,ok,
1124272,Bone Cold,Thriller,images/1124272_Bone_Cold_Thriller.jpg,https://image.tmdb.org/t/p/original/yi8TQ9txgb7wDtGkghQmkkZLL9r.jpg,page_470.json,ok,
852309,Road Rage,Comedy,images/852309_Road_Rage_Comedy.jpg,https://image.tmdb.org/t/p/original/wSIt1KcJbfzQ7G0WiETtFq4PQPV.jpg,page_464.json,ok,
11260,Meet Dave,Comedy,images/11260_Meet_Dave_Comedy.jpg,https://image.tmdb.org/t/p/original/3Qfav5aVRcZmq854olMjJ795JJ2.jpg,page_470.json,ok,
13498,Man of the House,Comedy,images/13498_Man_of_the_House_Comedy.jpg,https://image.tmdb.org/t/p/original/anBhlqCABytNvybE2Xr3tvsCOTp.jpg,page_470.json,ok,
22100,Watching the Detectives,Comedy,images/22100_Watching_the_Detectives_Comedy.jpg,https://image.tmdb.org/t/p/original/wm2TaGTXpy30WNLuZaqagIMbf1K.jpg,page_470.json,ok,
253235,And So It Goes,Comedy,images/253235_And_So_It_Goes_Comedy.jpg,https://image.tmdb.org/t/p/original/mp6aEHJa1SUQD0BvmbytvVjHk8.jpg,page_470.json,ok,
64343,DeathBed,Thriller,images/64343_DeathBed_Thriller.jpg,https://image.tmdb.org/t/p/original/enIA7ZCmoDuNAADFnU1vtaYKNPd.jpg,page_470.json,ok,
610561,The Hitchhiker,Comedy,images/610561_The_Hitchhiker_Comedy.jpg,https://image.tmdb.org/t/p/original/658GOKtOXtQACu8Vn7k4opI5fQD.jpg,page_470.json,ok,
1092823,Sumotherhood,Comedy,images/1092823_Sumotherhood_Comedy.jpg,https://image.tmdb.org/t/p/original/vqCW6r75j092lVge7nkzgDBycJH.jpg,page_470.json,ok,
476210,Sense of Smell,Comedy,images/476210_Sense_of_Smell_Comedy.jpg,https://image.tmdb.org/t/p/original/35clrVwmFIThCiQBgVsSFCbTDqH.jpg,page_471.json,ok,
511562,To the Beat!,Comedy,images/511562_To_the_Beat_Comedy.jpg,https://image.tmdb.org/t/p/original/b5fgLrOARZ6M5FZinrfVyK35CX5.jpg,page_471.json,ok,
734800,A Guide to Dating at the End of the World,Comedy,images/734800_A_Guide_to_Dating_at_the_End_of_the_World_Comedy.jpg,https://image.tmdb.org/t/p/original/3k0yotSt5hHR6x72BqGw4WjV5Tq.jpg,page_471.json,ok,
99228,"Astoria, Queens",Comedy,images/99228_Astoria_Queens_Comedy.jpg,https://image.tmdb.org/t/p/original/28B6cSihbLMLGhmX53yg9tPV26V.jpg,page_471.json,ok,
104740,Teenage Cavegirl,Comedy,images/104740_Teenage_Cavegirl_Comedy.jpg,https://image.tmdb.org/t/p/original/p1CiFiW2RNefy0uALTFkGgHXJ8R.jpg,page_471.json,ok,
426264,The Trip to Spain,Comedy,images/426264_The_Trip_to_Spain_Comedy.jpg,https://image.tmdb.org/t/p/original/74RSdBGWdtbdClQ2NGJeTTyO7fq.jpg,page_471.json,ok,
112735,The Skinny,Comedy,images/112735_The_Skinny_Comedy.jpg,https://image.tmdb.org/t/p/original/lT5CLaIN9dJEBFLEggrAD424Kyv.jpg,page_471.json,ok,
169833,Ganked,Comedy,images/169833_Ganked_Comedy.jpg,https://image.tmdb.org/t/p/original/ygKeD9Jkh22JjhVIEfnVzBW6HYS.jpg,page_471.json,ok,
846185,The Crusades,Comedy,images/846185_The_Crusades_Comedy.jpg,https://image.tmdb.org/t/p/original/9KmpWiZGKVCmrWKqsTun47LuKSw.jpg,page_472.json,ok,
1439883,Oxy Morons,Comedy,images/1439883_Oxy_Morons_Comedy.jpg,https://image.tmdb.org/t/p/original/uBvieDBwfrGpwdVIpQCsIcn2y5Z.jpg,page_472.json,ok,
333348,Love the Coopers,Comedy,images/333348_Love_the_Coopers_Comedy.jpg,https://image.tmdb.org/t/p/original/fPW1BHZhUEViOmDAHFfyLezoQdI.jpg,page_472.json,ok,
680885,The Mimic,Comedy,images/680885_The_Mimic_Comedy.jpg,https://image.tmdb.org/t/p/original/mdIMHZbi8M2nBb6e5tx5uGYD1zN.jpg,page_472.json,ok,
784684,BORING. A DAY IN THE LIFE,Comedy,images/784684_BORING._A_DAY_IN_THE_LIFE_Comedy.jpg,https://image.tmdb.org/t/p/original/dkwu0MkCFeD7heWs8HrLj90BKAE.jpg,page_470.json,ok,
11638,Guess Who,Comedy,images/11638_Guess_Who_Comedy.jpg,https://image.tmdb.org/t/p/original/8BF6qSAANBvhEPZxQVTUiZbfiOy.jpg,page_472.json,ok,
798362,The Marsh King's Daughter,Thriller,images/798362_The_Marsh_Kings_Daughter_Thriller.jpg,https://image.tmdb.org/t/p/original/bcuEjrwhp5HgEUnFe5lc4xpEqzt.jpg,page_472.json,ok,
42888,How Do You Know,Comedy,images/42888_How_Do_You_Know_Comedy.jpg,https://image.tmdb.org/t/p/original/jbOnp79eUZxQHgcdnTIRlxel1dE.jpg,page_472.json,ok,
176075,Sake-Bomb,Comedy,images/176075_Sake-Bomb_Comedy.jpg,https://image.tmdb.org/t/p/original/jPT5M09AsXD1SbO1Msb0d5bPnjt.jpg,page_472.json,ok,
799883,Hollywood Stargirl,Comedy,images/799883_Hollywood_Stargirl_Comedy.jpg,https://image.tmdb.org/t/p/original/3ZNvOWYrnqz27TfS0USHNwlPp99.jpg,page_473.json,ok,
542477,Six L.A. Love Stories,Comedy,images/542477_Six_L.A._Love_Stories_Comedy.jpg,https://image.tmdb.org/t/p/original/xBR4J1LxYc36hosg6UCVGpRR9dL.jpg,page_473.json,ok,
974063,The Course,Comedy,images/974063_The_Course_Comedy.jpg,https://image.tmdb.org/t/p/original/h7TzPqsSb96FnpT8jxHUVu1isj9.jpg,page_472.json,ok,
200942,The Voorman Problem,Comedy,images/200942_The_Voorman_Problem_Comedy.jpg,https://image.tmdb.org/t/p/original/6Tf6FbSuDSv8pDPdKmgo8J76yb3.jpg,page_452.json,ok,
452270,Cereal,Comedy,images/452270_Cereal_Comedy.jpg,https://image.tmdb.org/t/p/original/3RpC0VsE6uZGl8De6LmofEp7DIz.jpg,page_473.json,ok,
628922,Asphalt City,Thriller,images/628922_Asphalt_City_Thriller.jpg,https://image.tmdb.org/t/p/original/qXcd7wY7MmRs36fQt83iSMJelvV.jpg,page_473.json,ok,
1433253,Lichen,Comedy,images/1433253_Lichen_Comedy.jpg,https://image.tmdb.org/t/p/original/jKjUsCsQmHqyISZNc1vsEECapYk.jpg,page_473.json,ok,
627034,Oats & Barley,Comedy,images/627034_Oats__Barley_Comedy.jpg,https://image.tmdb.org/t/p/original/adb6m2cLFre3YPC9DeWNa2BwPwy.jpg,page_471.json,ok,
900855,Escalation,Comedy,images/900855_Escalation_Comedy.jpg,https://image.tmdb.org/t/p/original/5XUlPCKPzdLK47jUxAG5hJ1ee9y.jpg,page_473.json,ok,
1063805,Rubbish,Comedy,images/1063805_Rubbish_Comedy.jpg,https://image.tmdb.org/t/p/original/4lGYSXQTFV2fX0Ry00FLlzMDwjr.jpg,page_473.json,ok,
1019404,The Wasp,Thriller,images/1019404_The_Wasp_Thriller.jpg,https://image.tmdb.org/t/p/original/cLsQbDGHGaR8R6pBZac8V9Ui130.jpg,page_474.json,ok,
120409,Crisis Point,Thriller,images/120409_Crisis_Point_Thriller.jpg,https://image.tmdb.org/t/p/original/89DIXcmUviMsbhBvCS8FL75Qlc9.jpg,page_474.json,ok,
317045,The Edge of the World,Thriller,images/317045_The_Edge_of_the_World_Thriller.jpg,https://image.tmdb.org/t/p/original/oADpF8rd48g2MqjR1ueLkTiLiaS.jpg,page_474.json,ok,
451348,Spatss!,Comedy,images/451348_Spatss_Comedy.jpg,https://image.tmdb.org/t/p/original/jRFGDI100scvVwrsuuBSTHnEYCv.jpg,page_473.json,ok,
297847,Primal Instinct,Thriller,images/297847_Primal_Instinct_Thriller.jpg,https://image.tmdb.org/t/p/original/oMlXNtASsS0vhMvqyssIWNC4qQ9.jpg,page_474.json,ok,
368464,Nice Package,Comedy,images/368464_Nice_Package_Comedy.jpg,https://image.tmdb.org/t/p/original/zEYskCvQVB3xCls3OX3IGs1AXhK.jpg,page_473.json,ok,
73089,"The Outdoorsmen: Blood, Sweat & Beers",Comedy,images/73089_The_Outdoorsmen_Blood_Sweat__Beers_Comedy.jpg,https://image.tmdb.org/t/p/original/dRHX2wEsNoxPaEl45aj52TqryPu.jpg,page_474.json,ok,
187010,Buck Wild,Comedy,images/187010_Buck_Wild_Comedy.jpg,https://image.tmdb.org/t/p/original/1kt5n24hjdLEP9mUsmTcwg2oAlL.jpg,page_474.json,ok,
1048522,Fremont,Comedy,images/1048522_Fremont_Comedy.jpg,https://image.tmdb.org/t/p/original/wJZovPXB3SWL1BL1GyLrCRrk4z9.jpg,page_474.json,ok,
212927,Jamie and Jessie Are Not Together,Comedy,images/212927_Jamie_and_Jessie_Are_Not_Together_Comedy.jpg,https://image.tmdb.org/t/p/original/y6PwMlU1zuGixnloVWhUq2sxDZF.jpg,page_474.json,ok,
142326,Bait,Thriller,images/142326_Bait_Thriller.jpg,https://image.tmdb.org/t/p/original/1gqL4S9hBw7fMhll9I0nqxGuYAf.jpg,page_475.json,ok,
345664,Mr. Right,Comedy,images/345664_Mr._Right_Comedy.jpg,https://image.tmdb.org/t/p/original/SQ7ZXQ8FIVTS5Y2p19rvHNJWNp.jpg,page_474.json,ok,
1214681,Baggage,Comedy,images/1214681_Baggage_Comedy.jpg,https://image.tmdb.org/t/p/original/209fLIVZoANrRhxmIhs6H31V2n1.jpg,page_475.json,ok,
433288,Outlaws,Thriller,images/433288_Outlaws_Thriller.jpg,https://image.tmdb.org/t/p/original/2uPtTRbduZ2mXcKnccLo4kR03ub.jpg,page_474.json,ok,
100416,Demoted,Comedy,images/100416_Demoted_Comedy.jpg,https://image.tmdb.org/t/p/original/svBLwgbE2skHjGOejqmZoSzpDLu.jpg,page_475.json,ok,
724565,Man-spider,Comedy,images/724565_Man-spider_Comedy.jpg,https://image.tmdb.org/t/p/original/6tJUmb7OqPsBpIOgg8BVxbB613U.jpg,page_475.json,ok,
280731,Destruction Kings,Comedy,images/280731_Destruction_Kings_Comedy.jpg,https://image.tmdb.org/t/p/original/dFjOF3a7IlOQnDz8AVGEWNjOtei.jpg,page_474.json,ok,
910370,A Chestnut Family Christmas,Comedy,images/910370_A_Chestnut_Family_Christmas_Comedy.jpg,https://image.tmdb.org/t/p/original/8yjqeZmtpnOG0MJtEk0TJD6IZwy.jpg,page_475.json,ok,
878379,Famous Adjacent,Comedy,images/878379_Famous_Adjacent_Comedy.jpg,https://image.tmdb.org/t/p/original/yQFaBmL5VcMqSWJzDQPQ70xGAr9.jpg,page_475.json,ok,
490453,Framed By My Fiancé,Thriller,images/490453_Framed_By_My_Fianc_Thriller.jpg,https://image.tmdb.org/t/p/original/9wnL6AKbqWMxWHcBQUfj3JhQ6WH.jpg,page_475.json,ok,
1276335,The Grillmasters,Comedy,images/1276335_The_Grillmasters_Comedy.jpg,https://image.tmdb.org/t/p/original/tWf8q98u46klOmyOAPiBTyHhFvO.jpg,page_475.json,ok,
159092,Hell Baby,Comedy,images/159092_Hell_Baby_Comedy.jpg,https://image.tmdb.org/t/p/original/biUZJgjsojTdVyyXPQSjIGp1qNL.jpg,page_476.json,ok,
101610,Alan Partridge Presents: The Cream of British Comedy,Comedy,images/101610_Alan_Partridge_Presents_The_Cream_of_British_Comedy_Comedy.jpg,https://image.tmdb.org/t/p/original/cjw9TJAB3XJkzliat9NwIdKI27I.jpg,page_476.json,ok,
326035,Shooting Clerks,Comedy,images/326035_Shooting_Clerks_Comedy.jpg,https://image.tmdb.org/t/p/original/yCguRDonxxYJMj5bxqSswDhNVsw.jpg,page_475.json,ok,
5236,Kiss Kiss Bang Bang,Comedy,images/5236_Kiss_Kiss_Bang_Bang_Comedy.jpg,https://image.tmdb.org/t/p/original/aWfjIkpENFX6Uw82pET7EQ6jnrd.jpg,page_476.json,ok,
786563,Deadly Radio Romance,Thriller,images/786563_Deadly_Radio_Romance_Thriller.jpg,https://image.tmdb.org/t/p/original/cf50LRpk3IXrMpsM0m3dS3golXT.jpg,page_476.json,ok,
717693,Playing God,Comedy,images/717693_Playing_God_Comedy.jpg,https://image.tmdb.org/t/p/original/5eXtK7BQMAYVktjVf78s0scMTdX.jpg,page_477.json,ok,
1304986,Momikeshite Fuyu 2019 Natsu: Natsu demo Samukute Shini Soudesu,Comedy,images/1304986_Momikeshite_Fuyu_2019_Natsu_Natsu_demo_Samukute_Shini_Soudesu_Comedy.jpg,https://image.tmdb.org/t/p/original/gIWcKaHUdha01tVBXOrXQENQnHp.jpg,page_476.json,ok,
283686,Out of the Dark,Thriller,images/283686_Out_of_the_Dark_Thriller.jpg,https://image.tmdb.org/t/p/original/Lql2rnNRmKJrjq4FhEUh7IwkNd.jpg,page_477.json,ok,
268174,BFFs,Comedy,images/268174_BFFs_Comedy.jpg,https://image.tmdb.org/t/p/original/7kjwIUwqTOxesog6SwyriLAg761.jpg,page_477.json,ok,
521676,The Bet,Thriller,images/521676_The_Bet_Thriller.jpg,https://image.tmdb.org/t/p/original/fRHCwLmNjs0EmkWeN8zrM6LO1bS.jpg,page_476.json,ok,
1367600,Fish!,Comedy,images/1367600_Fish_Comedy.jpg,https://image.tmdb.org/t/p/original/hUkiubfOOC0BbmxfWLdzWe9wcV.jpg,page_476.json,ok,
13090,Sunshine Cleaning,Comedy,images/13090_Sunshine_Cleaning_Comedy.jpg,https://image.tmdb.org/t/p/original/xwtJyfme086wcz9MXpP0i5Hrgxy.jpg,page_477.json,ok,
530584,Jim Gaffigan: Noble Ape,Comedy,images/530584_Jim_Gaffigan_Noble_Ape_Comedy.jpg,https://image.tmdb.org/t/p/original/bKpgemSb72TJTqheccjyWvlTrCv.jpg,page_477.json,ok,
931333,Darts,Comedy,images/931333_Darts_Comedy.jpg,https://image.tmdb.org/t/p/original/kKlpoYbGGgjh1wNZpM7Q0wcl7yp.jpg,page_476.json,ok,
25137,Beyond a Reasonable Doubt,Thriller,images/25137_Beyond_a_Reasonable_Doubt_Thriller.jpg,https://image.tmdb.org/t/p/original/uZvWmX3fhjnlIbiou5ziR6aVN7b.jpg,page_477.json,ok,
472815,Buddy Games,Comedy,images/472815_Buddy_Games_Comedy.jpg,https://image.tmdb.org/t/p/original/uNCZh6YGg6r0GMyrctI14R0lHGL.jpg,page_477.json,ok,
726799,Chicken/Egg,Comedy,images/726799_ChickenEgg_Comedy.jpg,https://image.tmdb.org/t/p/original/izrDIsSUf8exVxBs028aWv61KUL.jpg,page_478.json,ok,
558684,Slimoids,Comedy,images/558684_Slimoids_Comedy.jpg,https://image.tmdb.org/t/p/original/2P8rDaJSd60AjhYUu7VvEMiRE1r.jpg,page_477.json,ok,
60540,Sushi Girl,Thriller,images/60540_Sushi_Girl_Thriller.jpg,https://image.tmdb.org/t/p/original/v4zrt4usen1Cd4kg0on67B4GjTT.jpg,page_477.json,ok,
251552,Backyard Ashes,Comedy,images/251552_Backyard_Ashes_Comedy.jpg,https://image.tmdb.org/t/p/original/bfrFKXOwUN7VAqxXZzWRS0aeFMc.jpg,page_477.json,ok,
25573,Conjurer,Thriller,images/25573_Conjurer_Thriller.jpg,https://image.tmdb.org/t/p/original/3LLzs60zYGpcupLMWCpjU4RvevU.jpg,page_477.json,ok,
1357457,Cash Storm,Comedy,images/1357457_Cash_Storm_Comedy.jpg,https://image.tmdb.org/t/p/original/sbtQLglgsfNgSViphxlqtl9HGJc.jpg,page_478.json,ok,
14298,Somers Town,Comedy,images/14298_Somers_Town_Comedy.jpg,https://image.tmdb.org/t/p/original/kr5B00hkWbdMTOe43coJZ1yVhI2.jpg,page_478.json,ok,
1027378,The Dispute,Comedy,images/1027378_The_Dispute_Comedy.jpg,https://image.tmdb.org/t/p/original/c7rHmKxX8k8eL319CJ8cADRwIpU.jpg,page_478.json,ok,
465078,God: Serengeti,Comedy,images/465078_God_Serengeti_Comedy.jpg,https://image.tmdb.org/t/p/original/sMdqT1GZTKHGBQWvqbZvabOdu8Z.jpg,page_479.json,ok,
545155,Dying for the Crown,Thriller,images/545155_Dying_for_the_Crown_Thriller.jpg,https://image.tmdb.org/t/p/original/ebcG0bKOaItsgBaWPpbKFamO6Mo.jpg,page_478.json,ok,
510298,Seberg,Thriller,images/510298_Seberg_Thriller.jpg,https://image.tmdb.org/t/p/original/kv78WJ2YvWyk3c32sbOGFh64xcs.jpg,page_479.json,ok,
351863,The Shaman,Thriller,images/351863_The_Shaman_Thriller.jpg,https://image.tmdb.org/t/p/original/irQaZ3SgJI5ofdbQYJSIgLCT4oz.jpg,page_478.json,ok,
358392,Pulau Hantu,Thriller,images/358392_Pulau_Hantu_Thriller.jpg,https://image.tmdb.org/t/p/original/nfuTU8dCm0003WD9K2s1xyVqes2.jpg,page_479.json,ok,
451476,Contract About Interchange Status,Comedy,images/451476_Contract_About_Interchange_Status_Comedy.jpg,https://image.tmdb.org/t/p/original/y3vSAFUdhEcLCnWHbvTPBBvNaAg.jpg,page_478.json,ok,
10077,A Sound of Thunder,Thriller,images/10077_A_Sound_of_Thunder_Thriller.jpg,https://image.tmdb.org/t/p/original/xJ1BVHMOywEF55nCZC6g57CIJho.jpg,page_479.json,ok,
12435,The Nanny Diaries,Comedy,images/12435_The_Nanny_Diaries_Comedy.jpg,https://image.tmdb.org/t/p/original/8hX6rcxnCidaqegPCyeFm9PODBn.jpg,page_479.json,ok,
283085,"Occupy, Texas",Comedy,images/283085_Occupy_Texas_Comedy.jpg,https://image.tmdb.org/t/p/original/djU6fdpawOpGhJLOIsLtCPfT89R.jpg,page_479.json,ok,
110553,Austin High,Comedy,images/110553_Austin_High_Comedy.jpg,https://image.tmdb.org/t/p/original/6n342W6e49mGpBKsCRHdz0RQFJn.jpg,page_479.json,ok,
71552,American Reunion,Comedy,images/71552_American_Reunion_Comedy.jpg,https://image.tmdb.org/t/p/original/de5QBIdVR4dnkBZ4a0zjkS4lTg.jpg,page_48.json,ok,
1327537,Dead Money,Thriller,images/1327537_Dead_Money_Thriller.jpg,https://image.tmdb.org/t/p/original/32JkuNsjOQwhokUNgZpajDgBEe0.jpg,page_479.json,ok,
4258,Scary Movie 5,Comedy,images/4258_Scary_Movie_5_Comedy.jpg,https://image.tmdb.org/t/p/original/9WNozxN2UVf7rA73FJBWdWJZhfP.jpg,page_48.json,ok,
469521,Primrose,Comedy,images/469521_Primrose_Comedy.jpg,https://image.tmdb.org/t/p/original/6xEyh3BIrwOwA03AQCbSs1AHFqo.jpg,page_48.json,ok,
1005088,Golden Mean,Comedy,images/1005088_Golden_Mean_Comedy.jpg,https://image.tmdb.org/t/p/original/3X3DSXQ28BAjgR1BozEKo7g9jQE.jpg,page_479.json,ok,
2251,Unfaithful,Thriller,images/2251_Unfaithful_Thriller.jpg,https://image.tmdb.org/t/p/original/bjiHEhuiwhIygzjczbTPAA07cGc.jpg,page_48.json,ok,
116149,Paddington,Comedy,images/116149_Paddington_Comedy.jpg,https://image.tmdb.org/t/p/original/wpchRGhRhvhtU083PfX2yixXtiw.jpg,page_48.json,ok,
522627,The Gentlemen,Comedy,images/522627_The_Gentlemen_Comedy.jpg,https://image.tmdb.org/t/p/original/jtrhTYB7xSrJxR1vusu99nvnZ1g.jpg,page_48.json,ok,
633128,Daniel. Noah.,Comedy,images/633128_Daniel._Noah._Comedy.jpg,https://image.tmdb.org/t/p/original/hY0RnAITeL2aBqe14AYOh3J57PQ.jpg,page_480.json,ok,
157058,30 Nights of Paranormal Activity With the Devil Inside the Girl With the Dragon Tattoo,Comedy,images/157058_30_Nights_of_Paranormal_Activity_With_the_Devil_Inside_the_Girl_With_the_Dragon_Tattoo_Comedy.jpg,https://image.tmdb.org/t/p/original/xng4MvtKEj8mV2aHgc51tGZzkdN.jpg,page_480.json,ok,
298028,The Prey: Legend of Karnoctus,Thriller,images/298028_The_Prey_Legend_of_Karnoctus_Thriller.jpg,https://image.tmdb.org/t/p/original/b4WRdvY6a7bcAjsS4joNPjq2DPm.jpg,page_480.json,ok,
608477,Rachel,Comedy,images/608477_Rachel_Comedy.jpg,https://image.tmdb.org/t/p/original/2R5pJYUUPl9SDzHmGQwjwg7XQXJ.jpg,page_479.json,ok,
615017,47 Hours to Live,Thriller,images/615017_47_Hours_to_Live_Thriller.jpg,https://image.tmdb.org/t/p/original/qeOoky7Xj7EevC7SGiJcIft0Ids.jpg,page_480.json,ok,
260203,The Cure,Thriller,images/260203_The_Cure_Thriller.jpg,https://image.tmdb.org/t/p/original/pgEw2gAQz9jicsHt96pBqB0scay.jpg,page_480.json,ok,
264983,Men in White,Comedy,images/264983_Men_in_White_Comedy.jpg,https://image.tmdb.org/t/p/original/iR4YENcStF5OxpZzbND3jPJ3ipf.jpg,page_480.json,ok,
459928,12 Feet Deep,Thriller,images/459928_12_Feet_Deep_Thriller.jpg,https://image.tmdb.org/t/p/original/3B4MLYYr5WTjQiJMbA8fCFF8M4O.jpg,page_480.json,ok,
214426,Bad Parents,Comedy,images/214426_Bad_Parents_Comedy.jpg,https://image.tmdb.org/t/p/original/jGfv9BDxhhzKTc65pTkoAHqufjB.jpg,page_480.json,ok,
11439,The Ghost Writer,Thriller,images/11439_The_Ghost_Writer_Thriller.jpg,https://image.tmdb.org/t/p/original/rK7m2Ba0ieXa37NaAmrx4dfRvvM.jpg,page_481.json,ok,
1315721,Dead Men,Thriller,images/1315721_Dead_Men_Thriller.jpg,https://image.tmdb.org/t/p/original/8i8Q3Tps2Oe1orT4LzyGeqIHA11.jpg,page_480.json,ok,
20521,Reefer Madness: The Movie Musical,Comedy,images/20521_Reefer_Madness_The_Movie_Musical_Comedy.jpg,https://image.tmdb.org/t/p/original/38xnsPZiuIYMTsOXhtTIg1dUnRu.jpg,page_481.json,ok,
285843,October Gale,Thriller,images/285843_October_Gale_Thriller.jpg,https://image.tmdb.org/t/p/original/1S1jh8GNQftHIuFnVRxTNfoXG19.jpg,page_480.json,ok,
989172,Natalie Palamides: Laid,Comedy,images/989172_Natalie_Palamides_Laid_Comedy.jpg,https://image.tmdb.org/t/p/original/dcxm7QWKuZRXLNftjLAWe4Au0wg.jpg,page_481.json,ok,
339715,Stag Hunt,Comedy,images/339715_Stag_Hunt_Comedy.jpg,https://image.tmdb.org/t/p/original/P212kbzuzKk5EyfaBME8lhROvy.jpg,page_481.json,ok,
216086,Outpatient,Thriller,images/216086_Outpatient_Thriller.jpg,https://image.tmdb.org/t/p/original/nnIshPTAr4AAUwlLISOTvKBq821.jpg,page_482.json,ok,
555,Absolut,Thriller,images/555_Absolut_Thriller.jpg,https://image.tmdb.org/t/p/original/17tI2vsEoMZFnzfkg5RCrtcG59s.jpg,page_481.json,ok,
26990,The Perfect Holiday,Comedy,images/26990_The_Perfect_Holiday_Comedy.jpg,https://image.tmdb.org/t/p/original/fEBcW1xFfzCFT6Pa3wy4MJ8REtz.jpg,page_481.json,ok,
79113,A Princess for Christmas,Comedy,images/79113_A_Princess_for_Christmas_Comedy.jpg,https://image.tmdb.org/t/p/original/qv7fx4gW2bNU3eUiwtaxh829Imq.jpg,page_482.json,ok,
550610,Mumatar,Comedy,images/550610_Mumatar_Comedy.jpg,https://image.tmdb.org/t/p/original/uWdN9adXKhST0KpEnC3dJTA6pm0.jpg,page_481.json,ok,
516579,Boyne Falls,Thriller,images/516579_Boyne_Falls_Thriller.jpg,https://image.tmdb.org/t/p/original/mHt70oLFENHqwSz4opWS0R6pqpE.jpg,page_482.json,ok,
696000,Jerry Seinfeld: 23 Hours to Kill,Comedy,images/696000_Jerry_Seinfeld_23_Hours_to_Kill_Comedy.jpg,https://image.tmdb.org/t/p/original/qvAymJkltRoaxvievYiJfXGusD3.jpg,page_482.json,ok,
54583,Hollywood North,Comedy,images/54583_Hollywood_North_Comedy.jpg,https://image.tmdb.org/t/p/original/qFreUbQn823R2KHZhVJituFcP7c.jpg,page_482.json,ok,
53913,"Lovers, Liars and Lunatics",Comedy,images/53913_Lovers_Liars_and_Lunatics_Comedy.jpg,https://image.tmdb.org/t/p/original/krSNWvixBP95rpmeCzUJjxaaSN6.jpg,page_482.json,ok,
70050,The Only Witness,Thriller,images/70050_The_Only_Witness_Thriller.jpg,https://image.tmdb.org/t/p/original/vCe7kys9MPip9bt6N8gqx8KTm9f.jpg,page_482.json,ok,
381069,Little Sister,Comedy,images/381069_Little_Sister_Comedy.jpg,https://image.tmdb.org/t/p/original/xsE4ApQf4by53uG7QOdypQRakp.jpg,page_482.json,ok,
332706,Bleeding Heart,Thriller,images/332706_Bleeding_Heart_Thriller.jpg,https://image.tmdb.org/t/p/original/u04tUftlaqBsrpRCwqR6bKHgrVm.jpg,page_482.json,ok,
760021,Self Made,Comedy,images/760021_Self_Made_Comedy.jpg,https://image.tmdb.org/t/p/original/eJHF7vDl4qXv0b0hjuAs7oBl0b3.jpg,page_480.json,ok,
25833,Eating Out: All You Can Eat,Comedy,images/25833_Eating_Out_All_You_Can_Eat_Comedy.jpg,https://image.tmdb.org/t/p/original/lBCK26YxhePOiFjHpfFeycFIGzB.jpg,page_482.json,ok,
13574,Year of the Dog,Comedy,images/13574_Year_of_the_Dog_Comedy.jpg,https://image.tmdb.org/t/p/original/6K9ZWVMOpgQeYlq8mYGnreOViPW.jpg,page_483.json,ok,
296100,The Night Before,Comedy,images/296100_The_Night_Before_Comedy.jpg,https://image.tmdb.org/t/p/original/rfeNBaiMBg0UQsBQFv1qsjTjZWn.jpg,page_482.json,ok,
426258,The Strange Ones,Thriller,images/426258_The_Strange_Ones_Thriller.jpg,https://image.tmdb.org/t/p/original/bbeS9X3xTHrziocOov750LoWmvo.jpg,page_483.json,ok,
810775,Mirrorball,Comedy,images/810775_Mirrorball_Comedy.jpg,https://image.tmdb.org/t/p/original/191Lv82PMvffJRaDowbSdnROE11.jpg,page_483.json,ok,
361418,Magik & Rose,Comedy,images/361418_Magik__Rose_Comedy.jpg,https://image.tmdb.org/t/p/original/xoA9NpErTfi1CGLvsUES1C4wjLZ.jpg,page_483.json,ok,
294629,Midnight Matinee Psycho,Comedy,images/294629_Midnight_Matinee_Psycho_Comedy.jpg,https://image.tmdb.org/t/p/original/kFCEFUMaDf8IBiE4MtgIRyuV4IY.jpg,page_483.json,ok,
86255,Nerd Boy,Comedy,images/86255_Nerd_Boy_Comedy.jpg,https://image.tmdb.org/t/p/original/eqZqxAUu8BGxoyuLvbmBvZn0ONj.jpg,page_483.json,ok,
9968,The Big White,Comedy,images/9968_The_Big_White_Comedy.jpg,https://image.tmdb.org/t/p/original/cdBbDH4eqN9CvRmkjkUQxszPArF.jpg,page_484.json,ok,
59868,Turning 30,Comedy,images/59868_Turning_30_Comedy.jpg,https://image.tmdb.org/t/p/original/eVRQa0fhvNRmGhrbYgHncLYk04L.jpg,page_484.json,ok,
844185,Unfrosted,Comedy,images/844185_Unfrosted_Comedy.jpg,https://image.tmdb.org/t/p/original/zxcpbkiyv81u1frI7b0f6qaYufE.jpg,page_483.json,ok,
9950,Find Me Guilty,Comedy,images/9950_Find_Me_Guilty_Comedy.jpg,https://image.tmdb.org/t/p/original/8M0dkX7jOor7exKor1txoUl9Ynu.jpg,page_483.json,ok,
809282,Girl Trip,Comedy,images/809282_Girl_Trip_Comedy.jpg,https://image.tmdb.org/t/p/original/nGUp4WpxacCst4mH1TYvDzkgUcD.jpg,page_484.json,ok,
1400336,Focker-In-Law,Comedy,images/1400336_Focker-In-Law_Comedy.jpg,https://image.tmdb.org/t/p/original/bc7sakoBZcUrrkr1yg9MSxCuGie.jpg,page_484.json,ok,
18534,Raising Flagg,Comedy,images/18534_Raising_Flagg_Comedy.jpg,https://image.tmdb.org/t/p/original/c3yjwl9ILgET0vpUH0MQNlhWS9N.jpg,page_484.json,ok,
502426,Furlough,Comedy,images/502426_Furlough_Comedy.jpg,https://image.tmdb.org/t/p/original/cw1RkjmbNfIbujkPGh6a8J9Lrf1.jpg,page_484.json,ok,
341012,Popstar: Never Stop Never Stopping,Comedy,images/341012_Popstar_Never_Stop_Never_Stopping_Comedy.jpg,https://image.tmdb.org/t/p/original/jBZeZZNjYBUU21zFvBnin5n62bv.jpg,page_485.json,ok,
698362,Killer in the Guest House,Thriller,images/698362_Killer_in_the_Guest_House_Thriller.jpg,https://image.tmdb.org/t/p/original/qUiiYWAB8ibeC5dqzEsO5NkrQjx.jpg,page_484.json,ok,
69792,Love Birds,Comedy,images/69792_Love_Birds_Comedy.jpg,https://image.tmdb.org/t/p/original/hybHtrMWPfz0zUZekAVbCO6X7hB.jpg,page_484.json,ok,
559982,Get The Sucker Back,Comedy,images/559982_Get_The_Sucker_Back_Comedy.jpg,https://image.tmdb.org/t/p/original/k2z31CYBhR4d7zHOX9pGbRpjYfU.jpg,page_484.json,ok,
22327,Youth in Revolt,Comedy,images/22327_Youth_in_Revolt_Comedy.jpg,https://image.tmdb.org/t/p/original/3J48x7Utjx0sdYIvjsMWnlEbxpV.jpg,page_485.json,ok,
69639,The Makeover,Comedy,images/69639_The_Makeover_Comedy.jpg,https://image.tmdb.org/t/p/original/oWQ7SvIBWC4qlhEnUvOxHK7vCFb.jpg,page_484.json,ok,
509158,Confessions of a Self-Hating Jew,Comedy,images/509158_Confessions_of_a_Self-Hating_Jew_Comedy.jpg,https://image.tmdb.org/t/p/original/s4qQz2LRdc7qkk0J5HXAeXWyeE9.jpg,page_485.json,ok,
942892,1-800-Hot-Nite,Comedy,images/942892_1-800-Hot-Nite_Comedy.jpg,https://image.tmdb.org/t/p/original/cSQ70tvVXMyXEwqrtOM5T7dXDbW.jpg,page_485.json,ok,
44010,Logan,Comedy,images/44010_Logan_Comedy.jpg,https://image.tmdb.org/t/p/original/9Jhk48r4SRaUprLjaAnWeqfdWka.jpg,page_485.json,ok,
408755,The Binding,Thriller,images/408755_The_Binding_Thriller.jpg,https://image.tmdb.org/t/p/original/qQLBJTlkNF68s2CCfu5B6eN7kYq.jpg,page_485.json,ok,
294793,All the Old Knives,Thriller,images/294793_All_the_Old_Knives_Thriller.jpg,https://image.tmdb.org/t/p/original/g4tMniKxol1TBJrHlAtiDjjlx4Q.jpg,page_485.json,ok,
1402435,The Hedonist,Comedy,images/1402435_The_Hedonist_Comedy.jpg,https://image.tmdb.org/t/p/original/wt4oMvOsTNUfNR28qd1bifJr4Po.jpg,page_485.json,ok,
827624,A Window on the World,Comedy,images/827624_A_Window_on_the_World_Comedy.jpg,https://image.tmdb.org/t/p/original/3IiiI4ffUZEWgQjpabvtu1KGEzz.jpg,page_486.json,ok,
412105,You Get Me,Thriller,images/412105_You_Get_Me_Thriller.jpg,https://image.tmdb.org/t/p/original/5eV0mIQqSztD3McjO22EOFlQDj1.jpg,page_486.json,ok,
461016,Wonton,Comedy,images/461016_Wonton_Comedy.jpg,https://image.tmdb.org/t/p/original/4K0D8xyKDdeelsOiDQMWJmKmfur.jpg,page_486.json,ok,
27603,Bikini Bloodbath: Car Wash,Comedy,images/27603_Bikini_Bloodbath_Car_Wash_Comedy.jpg,https://image.tmdb.org/t/p/original/bXYEOhDJNE8imuyGSWmcHB3TRLx.jpg,page_486.json,ok,
276357,Grave Danger,Comedy,images/276357_Grave_Danger_Comedy.jpg,https://image.tmdb.org/t/p/original/7WmqtxlRKvA2FnDtcHfJ3vLXinB.jpg,page_486.json,ok,
12689,"Angus, Thongs and Perfect Snogging",Comedy,images/12689_Angus_Thongs_and_Perfect_Snogging_Comedy.jpg,https://image.tmdb.org/t/p/original/3WLMr49X84qGiFn1pkCyhS5SEBZ.jpg,page_486.json,ok,
156969,TxT,Thriller,images/156969_TxT_Thriller.jpg,https://image.tmdb.org/t/p/original/7dZvYg8PwjBFXAXZgDHHHU7qpO1.jpg,page_487.json,ok,
795240,Rockland,Comedy,images/795240_Rockland_Comedy.jpg,https://image.tmdb.org/t/p/original/of7uaZRdXS83HqfBsw48eN4cWjz.jpg,page_486.json,ok,
795617,Our Father,Comedy,images/795617_Our_Father_Comedy.jpg,https://image.tmdb.org/t/p/original/3qLA24qfFk38X1PW6cEYtNIcoZ.jpg,page_487.json,ok,
241165,Sooper Se Ooper,Comedy,images/241165_Sooper_Se_Ooper_Comedy.jpg,https://image.tmdb.org/t/p/original/35b8k3SxmDGV45VQtww9Ha3PJX4.jpg,page_487.json,ok,
491611,ZBurbs,Comedy,images/491611_ZBurbs_Comedy.jpg,https://image.tmdb.org/t/p/original/n5YrnSQKe2OX1BjYVRPT0tCJmhI.jpg,page_487.json,ok,
453759,London Heist,Thriller,images/453759_London_Heist_Thriller.jpg,https://image.tmdb.org/t/p/original/eehIEkSGYVWJnT85R8iOgJsBrk5.jpg,page_488.json,ok,
1163804,Mind Thief,Comedy,images/1163804_Mind_Thief_Comedy.jpg,https://image.tmdb.org/t/p/original/qYF1Smdi7I5xPHXHk5v1PcWRUuS.jpg,page_487.json,ok,
850851,The Jester from Transylvania,Thriller,images/850851_The_Jester_from_Transylvania_Thriller.jpg,https://image.tmdb.org/t/p/original/hGhFRhsiGpgpbxBihxqVG5K471l.jpg,page_488.json,ok,
434080,Double Date,Comedy,images/434080_Double_Date_Comedy.jpg,https://image.tmdb.org/t/p/original/1u51B2HsJRHb38dG5eajgc9uGUY.jpg,page_488.json,ok,
24710,The Grift,Thriller,images/24710_The_Grift_Thriller.jpg,https://image.tmdb.org/t/p/original/iDvdwmT1zJoCcReG9ncWscVJq1b.jpg,page_488.json,ok,
1318730,Dog Fugitive,Comedy,images/1318730_Dog_Fugitive_Comedy.jpg,https://image.tmdb.org/t/p/original/plvhshnxZL2T34UZTS1nqVAeX9R.jpg,page_488.json,ok,
1500005,The Boy Who Vanished,Thriller,images/1500005_The_Boy_Who_Vanished_Thriller.jpg,https://image.tmdb.org/t/p/original/6tNdevmmSfeJ2Aenjj9YwCp40fq.jpg,page_488.json,ok,
735364,The Boss Baby: Get That Baby!,Comedy,images/735364_The_Boss_Baby_Get_That_Baby_Comedy.jpg,https://image.tmdb.org/t/p/original/epvUyxGpiaacwojju2CMa0I3Y6T.jpg,page_488.json,ok,
990337,Diary of a Spy,Thriller,images/990337_Diary_of_a_Spy_Thriller.jpg,https://image.tmdb.org/t/p/original/1Edo6T4MQRxlH5IeQalb1UTSYUb.jpg,page_488.json,ok,
579517,The Black Widow Killer,Thriller,images/579517_The_Black_Widow_Killer_Thriller.jpg,https://image.tmdb.org/t/p/original/nx0AcSxXid0189wCfHVqrAVaQzF.jpg,page_489.json,ok,
1065342,Bad Shabbos,Comedy,images/1065342_Bad_Shabbos_Comedy.jpg,https://image.tmdb.org/t/p/original/ga27jnuAsBCdtApoiVEMqxkNL1d.jpg,page_489.json,ok,
988949,The Joes,Thriller,images/988949_The_Joes_Thriller.jpg,https://image.tmdb.org/t/p/original/2SdmQoPp9eABk6re3QT7SPErSxZ.jpg,page_489.json,ok,
414525,Stranger in the House,Thriller,images/414525_Stranger_in_the_House_Thriller.jpg,https://image.tmdb.org/t/p/original/tjsqvZjy533RQSZV6hL7AAJASCe.jpg,page_489.json,ok,
286929,Almaz Black Box,Thriller,images/286929_Almaz_Black_Box_Thriller.jpg,https://image.tmdb.org/t/p/original/hRouUuYtKvWYCXJRHyYW4BVeAia.jpg,page_489.json,ok,
346134,Miss Stevens,Comedy,images/346134_Miss_Stevens_Comedy.jpg,https://image.tmdb.org/t/p/original/7pWcZa8ANeRCIlddbBZu8QconsU.jpg,page_489.json,ok,
98585,Ivory Tower,Comedy,images/98585_Ivory_Tower_Comedy.jpg,https://image.tmdb.org/t/p/original/8Om1ROiKgqH0rGVLekJ1e27Tp3u.jpg,page_488.json,ok,
398854,A Midsummer Night's Dream,Comedy,images/398854_A_Midsummer_Nights_Dream_Comedy.jpg,https://image.tmdb.org/t/p/original/8IcjnuBXAbmS75wqcGb9WYqSTY.jpg,page_489.json,ok,
142319,The Foreigner,Comedy,images/142319_The_Foreigner_Comedy.jpg,https://image.tmdb.org/t/p/original/y22wr7lV6lD5vsm286K3FQ7whx8.jpg,page_489.json,ok,
1060476,Vegetable Crushers,Comedy,images/1060476_Vegetable_Crushers_Comedy.jpg,https://image.tmdb.org/t/p/original/9qbGe5GqJIYNO6HGs17rLKV79LV.jpg,page_486.json,ok,
148652,The Eleventh Victim,Thriller,images/148652_The_Eleventh_Victim_Thriller.jpg,https://image.tmdb.org/t/p/original/5Lkcbs4csT4dUy3T64MzDakR30.jpg,page_49.json,ok,
96314,Mighty Fine,Comedy,images/96314_Mighty_Fine_Comedy.jpg,https://image.tmdb.org/t/p/original/2q5uEYcUzrTGpleJ8EUlLAcXnal.jpg,page_489.json,ok,
375846,Bad Sister,Thriller,images/375846_Bad_Sister_Thriller.jpg,https://image.tmdb.org/t/p/original/jKrIlgfJPIWNeowaOZPBZuOPmq0.jpg,page_49.json,ok,
109439,The Hangover Part III,Comedy,images/109439_The_Hangover_Part_III_Comedy.jpg,https://image.tmdb.org/t/p/original/vtxuPWkdllLNLVyGjKYa267ntuH.jpg,page_49.json,ok,
934027,Coffee Wars,Comedy,images/934027_Coffee_Wars_Comedy.jpg,https://image.tmdb.org/t/p/original/jUFyMJqKU6Izip7Hx4rzRnR9jIW.jpg,page_49.json,ok,
9352,EuroTrip,Comedy,images/9352_EuroTrip_Comedy.jpg,https://image.tmdb.org/t/p/original/iLdO4PwbZCCQSa9rchZMwuJm9xe.jpg,page_49.json,ok,
83869,As Cool as I Am,Comedy,images/83869_As_Cool_as_I_Am_Comedy.jpg,https://image.tmdb.org/t/p/original/izoKkDJCbYhIkrPzpCcwrqg2K90.jpg,page_490.json,ok,
41399,WillFull,Comedy,images/41399_WillFull_Comedy.jpg,https://image.tmdb.org/t/p/original/urDYcFyGlqNs5Peyf46zQRG7ss5.jpg,page_490.json,ok,
583064,Limbus,Thriller,images/583064_Limbus_Thriller.jpg,https://image.tmdb.org/t/p/original/ikQ2rXSMiIaMXDcS1lTxosiQlWJ.jpg,page_490.json,ok,
32309,The Smokers,Comedy,images/32309_The_Smokers_Comedy.jpg,https://image.tmdb.org/t/p/original/fDbBabdTlhZLjNU15rS9uphoaTR.jpg,page_490.json,ok,
39213,Coach,Comedy,images/39213_Coach_Comedy.jpg,https://image.tmdb.org/t/p/original/reG2Jdrez8XW9TfbmvMVL8BT651.jpg,page_490.json,ok,
309924,After the Ball,Comedy,images/309924_After_the_Ball_Comedy.jpg,https://image.tmdb.org/t/p/original/wY4xxrH2Ue7FKifqMSFw9TYZDca.jpg,page_490.json,ok,
18189,Dirty Love,Comedy,images/18189_Dirty_Love_Comedy.jpg,https://image.tmdb.org/t/p/original/aN5hVMCAeqlypwAEAAsORK8dExI.jpg,page_490.json,ok,
578747,For Now,Comedy,images/578747_For_Now_Comedy.jpg,https://image.tmdb.org/t/p/original/cbZdmznDTzsW29Z5u4GH6PXy3cL.jpg,page_490.json,ok,
241071,Brightest Star,Comedy,images/241071_Brightest_Star_Comedy.jpg,https://image.tmdb.org/t/p/original/4YpVVVdLmL8ZxM7JxcyQehP5gqa.jpg,page_490.json,ok,
15258,The Aristocrats,Comedy,images/15258_The_Aristocrats_Comedy.jpg,https://image.tmdb.org/t/p/original/Ag25aONVwWspQAuEPwNKmwUOvce.jpg,page_490.json,ok,
12658,Someone Like You...,Comedy,images/12658_Someone_Like_You..._Comedy.jpg,https://image.tmdb.org/t/p/original/j6lr8jE8hDgx75GeRRL1greDmkz.jpg,page_491.json,ok,
605121,Trauma Therapy,Thriller,images/605121_Trauma_Therapy_Thriller.jpg,https://image.tmdb.org/t/p/original/5VhCfbzYX0WTRoTBNs9ejSFLzwC.jpg,page_491.json,ok,
1189798,Squealer,Thriller,images/1189798_Squealer_Thriller.jpg,https://image.tmdb.org/t/p/original/wdNdrqVJgkNNuYbI11TiiYkuP7Q.jpg,page_490.json,ok,
851430,Fame Dogs,Comedy,images/851430_Fame_Dogs_Comedy.jpg,https://image.tmdb.org/t/p/original/zoWKs69m3CClMJjKdfeGK3608ge.jpg,page_490.json,ok,
1315128,Monk Fruit,Comedy,images/1315128_Monk_Fruit_Comedy.jpg,https://image.tmdb.org/t/p/original/q3pHQSUabhuxM4HbGkTV9DTLon4.jpg,page_490.json,ok,
13079,The Life Before Her Eyes,Thriller,images/13079_The_Life_Before_Her_Eyes_Thriller.jpg,https://image.tmdb.org/t/p/original/1Kmy4EfYegTyQNQeHZomTWvmFPe.jpg,page_491.json,ok,
2294,Jay and Silent Bob Strike Back,Comedy,images/2294_Jay_and_Silent_Bob_Strike_Back_Comedy.jpg,https://image.tmdb.org/t/p/original/aEsAdMAhwKYFgnHHxMOknktQYKK.jpg,page_491.json,ok,
797039,Trunkfish,Comedy,images/797039_Trunkfish_Comedy.jpg,https://image.tmdb.org/t/p/original/hxpLsNFx2nYR6vh7rLMAsIlEC6y.jpg,page_491.json,ok,
691506,"His, Hers and the Truth",Comedy,images/691506_His_Hers_and_the_Truth_Comedy.jpg,https://image.tmdb.org/t/p/original/lh4eKGNy3p8SExEjG0q9KI2KQg.jpg,page_491.json,ok,
38294,Purely Belter,Comedy,images/38294_Purely_Belter_Comedy.jpg,https://image.tmdb.org/t/p/original/4fOyUtW8cosQZy4JnfzNyIlkR8I.jpg,page_491.json,ok,
96933,Me Again,Comedy,images/96933_Me_Again_Comedy.jpg,https://image.tmdb.org/t/p/original/7IgAEQyCdzf7dNd3Sut2nFSAmOr.jpg,page_491.json,ok,
1050911,Kolamba Sanniya Returns,Comedy,images/1050911_Kolamba_Sanniya_Returns_Comedy.jpg,https://image.tmdb.org/t/p/original/vcfj8WQCtKqz1m46X0iHENP0Ux4.jpg,page_491.json,ok,
416718,The Da Vinci Coed,Comedy,images/416718_The_Da_Vinci_Coed_Comedy.jpg,https://image.tmdb.org/t/p/original/jmqfj8jawdNBXOU4MgrCrpCbYGi.jpg,page_491.json,ok,
502149,Being Frank,Comedy,images/502149_Being_Frank_Comedy.jpg,https://image.tmdb.org/t/p/original/3f9yRUkhYOAmPm5QRv6Oh6M6W0t.jpg,page_492.json,ok,
681355,North Hollywood,Comedy,images/681355_North_Hollywood_Comedy.jpg,https://image.tmdb.org/t/p/original/rLVxpEkiSs8OnOqg8QmLT7Bs09e.jpg,page_492.json,ok,
295989,Fedz,Thriller,images/295989_Fedz_Thriller.jpg,https://image.tmdb.org/t/p/original/axS7asqEiHQ7CRazM4qJr9uXkQf.jpg,page_492.json,ok,
20770,But I'm a Cheerleader,Comedy,images/20770_But_Im_a_Cheerleader_Comedy.jpg,https://image.tmdb.org/t/p/original/dGEwlAuzTZoZjvsqgT2MRKHnGi8.jpg,page_492.json,ok,
89318,Ham & Cheese,Comedy,images/89318_Ham__Cheese_Comedy.jpg,https://image.tmdb.org/t/p/original/dhvJSav6Mev9kQiux3f9AYyztq9.jpg,page_491.json,ok,
34789,Irish Jam,Comedy,images/34789_Irish_Jam_Comedy.jpg,https://image.tmdb.org/t/p/original/vgoLNwhI5amH58v8sQulF2eeDDz.jpg,page_492.json,ok,
442750,The Hippopotamus,Comedy,images/442750_The_Hippopotamus_Comedy.jpg,https://image.tmdb.org/t/p/original/t22HMoKaltblnHEEoCI560u8A7r.jpg,page_492.json,ok,
153436,Perfect Plan,Thriller,images/153436_Perfect_Plan_Thriller.jpg,https://image.tmdb.org/t/p/original/fgl7yqQXZF84xiZcejRXi4WC5ni.jpg,page_492.json,ok,
987824,Olga Koch: Homecoming,Comedy,images/987824_Olga_Koch_Homecoming_Comedy.jpg,https://image.tmdb.org/t/p/original/iKbGi6gtKvFFe1kwid9pPz8fd8q.jpg,page_492.json,ok,
344041,Standoff,Thriller,images/344041_Standoff_Thriller.jpg,https://image.tmdb.org/t/p/original/9gqp8wFesW3LxxvCPKswLchPSeO.jpg,page_492.json,ok,
327833,Skin Trade,Thriller,images/327833_Skin_Trade_Thriller.jpg,https://image.tmdb.org/t/p/original/dfXB4ZKQRINdrY3xXMyLUJrXQai.jpg,page_493.json,ok,
425371,Blowtorch,Thriller,images/425371_Blowtorch_Thriller.jpg,https://image.tmdb.org/t/p/original/5TQGqcaFpEOjwolUVT28ieXodnH.jpg,page_493.json,ok,
255369,Jerked,Comedy,images/255369_Jerked_Comedy.jpg,https://image.tmdb.org/t/p/original/cbNnFrQNDEwUWVJVbw1RoiZtQWr.jpg,page_491.json,ok,
63040,Is Harry on the Boat?,Comedy,images/63040_Is_Harry_on_the_Boat_Comedy.jpg,https://image.tmdb.org/t/p/original/vhKlmokcr7aUI86hCcWBMFo0H6J.jpg,page_493.json,ok,
537166,Your Call Is Important to Us,Comedy,images/537166_Your_Call_Is_Important_to_Us_Comedy.jpg,https://image.tmdb.org/t/p/original/wy5PScClrYLtrrFTNiy4BfhSRJu.jpg,page_492.json,ok,
88492,Save Angel Hope,Comedy,images/88492_Save_Angel_Hope_Comedy.jpg,https://image.tmdb.org/t/p/original/icZ4ZXI9GGwC7uQh8XDnVKFzz3O.jpg,page_493.json,ok,
315140,Touched,Comedy,images/315140_Touched_Comedy.jpg,https://image.tmdb.org/t/p/original/cMN1k1RrKDNP0MsuAZbKiE9Nlqf.jpg,page_493.json,ok,
1502811,Lost Dog,Comedy,images/1502811_Lost_Dog_Comedy.jpg,https://image.tmdb.org/t/p/original/eXzZCxF3SaBDDosHSxri8hTOI9K.jpg,page_493.json,ok,
71198,Brilliant,Thriller,images/71198_Brilliant_Thriller.jpg,https://image.tmdb.org/t/p/original/hhH2ZzggxeAdm1CBkW2NkqtaOsn.jpg,page_493.json,ok,
417877,Baked in Brooklyn,Comedy,images/417877_Baked_in_Brooklyn_Comedy.jpg,https://image.tmdb.org/t/p/original/9P66ST8IackgLaHmfOk0EoQwYg5.jpg,page_493.json,ok,
21509,The Cook,Comedy,images/21509_The_Cook_Comedy.jpg,https://image.tmdb.org/t/p/original/4t0fNV8HIKAyqpbpphKmEdRFtW5.jpg,page_493.json,ok,
15940,Beautiful Creatures,Comedy,images/15940_Beautiful_Creatures_Comedy.jpg,https://image.tmdb.org/t/p/original/zOKaYzY14ZpVy6nG4kAelyLZQ4Q.jpg,page_494.json,ok,
1393874,Yokelish Yeggs,Comedy,images/1393874_Yokelish_Yeggs_Comedy.jpg,https://image.tmdb.org/t/p/original/ckL3WSQwFFs6owAzXQRUDwuhCal.jpg,page_493.json,ok,
358879,Christmas on Chestnut Street,Comedy,images/358879_Christmas_on_Chestnut_Street_Comedy.jpg,https://image.tmdb.org/t/p/original/sEJMDDrOCng0hU3GyZBteFaXKYy.jpg,page_494.json,ok,
1327649,Let's Start a Cult,Comedy,images/1327649_Lets_Start_a_Cult_Comedy.jpg,https://image.tmdb.org/t/p/original/kPb27onkJijmlKyEnFIufRL4mlI.jpg,page_494.json,ok,
110438,White Panic,Thriller,images/110438_White_Panic_Thriller.jpg,https://image.tmdb.org/t/p/original/rgoilbkEw0UIo1wVv2Gz3SPXyFO.jpg,page_494.json,ok,
255798,Burying the Ex,Comedy,images/255798_Burying_the_Ex_Comedy.jpg,https://image.tmdb.org/t/p/original/kVE5JElUQVLL95GZCiQhLSTTA6I.jpg,page_494.json,ok,
890244,A Stalker in the House,Thriller,images/890244_A_Stalker_in_the_House_Thriller.jpg,https://image.tmdb.org/t/p/original/3p4RNksLwGkws3DGWNlClpalSWe.jpg,page_494.json,ok,
122737,The GoodTimesKid,Comedy,images/122737_The_GoodTimesKid_Comedy.jpg,https://image.tmdb.org/t/p/original/9lDOD3DZQZBKdsZtUiBB5XIDrfc.jpg,page_494.json,ok,
37716,Mr. Accident,Comedy,images/37716_Mr._Accident_Comedy.jpg,https://image.tmdb.org/t/p/original/74p6UpzvlXVkS2hrJB4s2W3nhA7.jpg,page_494.json,ok,
937922,Jilted,Comedy,images/937922_Jilted_Comedy.jpg,https://image.tmdb.org/t/p/original/iMFoMccKO9WEvu2d7rxbgYPgnsT.jpg,page_484.json,ok,
230428,Cas & Dylan,Comedy,images/230428_Cas__Dylan_Comedy.jpg,https://image.tmdb.org/t/p/original/zeMDjkRAmWgYVhLEnJnGttH6UN4.jpg,page_494.json,ok,
460566,Camp Killer,Comedy,images/460566_Camp_Killer_Comedy.jpg,https://image.tmdb.org/t/p/original/bXc4eqUaGVWoQfLePweXx4N1RLD.jpg,page_494.json,ok,
414610,Stalked by My Doctor: The Return,Thriller,images/414610_Stalked_by_My_Doctor_The_Return_Thriller.jpg,https://image.tmdb.org/t/p/original/cNR9qhsV05lZpFCgT8YfTqnsHCP.jpg,page_495.json,ok,
518966,Horrorween,Comedy,images/518966_Horrorween_Comedy.jpg,https://image.tmdb.org/t/p/original/mNxnFnZcegz8xkHwh8g2B9hew5E.jpg,page_495.json,ok,
411287,Deadly Sorority,Thriller,images/411287_Deadly_Sorority_Thriller.jpg,https://image.tmdb.org/t/p/original/nbaFy8V8njHz5DIJ0TmEUfQevoh.jpg,page_495.json,ok,
291362,Road Hard,Comedy,images/291362_Road_Hard_Comedy.jpg,https://image.tmdb.org/t/p/original/aClpHJtwN2I6DmCZpu54LUVoQJK.jpg,page_495.json,ok,
406761,Hotel Artemis,Thriller,images/406761_Hotel_Artemis_Thriller.jpg,https://image.tmdb.org/t/p/original/vaZMpZOhhkKOYz0MHCx4vDABwgP.jpg,page_495.json,ok,
254803,Cupcake,Comedy,images/254803_Cupcake_Comedy.jpg,https://image.tmdb.org/t/p/original/uOH6CWp5cILCe6hXJN2xYCFlef4.jpg,page_495.json,ok,
1043758,The Problem with People,Comedy,images/1043758_The_Problem_with_People_Comedy.jpg,https://image.tmdb.org/t/p/original/18tgLakMGWCjhGJKwby53wh5tpp.jpg,page_496.json,ok,
547465,The Substitute Spy,Comedy,images/547465_The_Substitute_Spy_Comedy.jpg,https://image.tmdb.org/t/p/original/oBsw21W3mwievBTxPXvAHc6lfGh.jpg,page_495.json,ok,
392655,Prisoner X,Thriller,images/392655_Prisoner_X_Thriller.jpg,https://image.tmdb.org/t/p/original/p4YobAREegYa6UVTdD0uIm37gEf.jpg,page_496.json,ok,
29015,The Specials,Comedy,images/29015_The_Specials_Comedy.jpg,https://image.tmdb.org/t/p/original/xzgrhvthhimI1cogQdEcffdKs70.jpg,page_496.json,ok,
737640,Boa,Comedy,images/737640_Boa_Comedy.jpg,https://image.tmdb.org/t/p/original/zDNt8msD2ktKpaCqgHcfAKH2kK6.jpg,page_492.json,ok,
714676,Alice,Thriller,images/714676_Alice_Thriller.jpg,https://image.tmdb.org/t/p/original/jrGyjoCsRLVbzmsaeFCueOnGOKL.jpg,page_496.json,ok,
444152,The Middle Finger,Comedy,images/444152_The_Middle_Finger_Comedy.jpg,https://image.tmdb.org/t/p/original/9736HmtjLvhubiY8xqe5Un0mfQo.jpg,page_496.json,ok,
1049704,Tony,Thriller,images/1049704_Tony_Thriller.jpg,https://image.tmdb.org/t/p/original/5s6mLOLeJycKtLPQPwgbCUps9aS.jpg,page_496.json,ok,
443111,What!,Comedy,images/443111_What_Comedy.jpg,https://image.tmdb.org/t/p/original/rTCj27nrJ2x12wsGS6CXQjrDkX9.jpg,page_496.json,ok,
960561,Domino One,Thriller,images/960561_Domino_One_Thriller.jpg,https://image.tmdb.org/t/p/original/1HLrnZWkjCEXSonbbcpSpscYt44.jpg,page_497.json,ok,
288116,Attention Shoppers,Comedy,images/288116_Attention_Shoppers_Comedy.jpg,https://image.tmdb.org/t/p/original/i8yfEMBcYU300Ty4HwJ1thiLP5r.jpg,page_497.json,ok,
194953,The Ellington Kid,Comedy,images/194953_The_Ellington_Kid_Comedy.jpg,https://image.tmdb.org/t/p/original/gPc3kAGaFk1qIqyhrfJiYCMFdo9.jpg,page_496.json,ok,
552314,The Funeral Guest,Comedy,images/552314_The_Funeral_Guest_Comedy.jpg,https://image.tmdb.org/t/p/original/p6KjBBWl6GJQLjTbEUEm9UXNqjS.jpg,page_496.json,ok,
879319,Toothpicked,Comedy,images/879319_Toothpicked_Comedy.jpg,https://image.tmdb.org/t/p/original/AgWt4TTtopNJdp9ZNos1pMrlXb3.jpg,page_495.json,ok,
1372712,Tacocunr,Comedy,images/1372712_Tacocunr_Comedy.jpg,https://image.tmdb.org/t/p/original/95z9ex1bjCcFnNmU6mQz3yKoaTt.jpg,page_497.json,ok,
23049,My Life in Ruins,Comedy,images/23049_My_Life_in_Ruins_Comedy.jpg,https://image.tmdb.org/t/p/original/f695mVyU0LyBb99rx7zkrtFcpxR.jpg,page_497.json,ok,
10111,Confetti,Comedy,images/10111_Confetti_Comedy.jpg,https://image.tmdb.org/t/p/original/cGDnpFYjSfiCwSVogP8vl7i6rX1.jpg,page_497.json,ok,
191039,Wide Awake,Thriller,images/191039_Wide_Awake_Thriller.jpg,https://image.tmdb.org/t/p/original/bCmcZsKUM8Q226OKbYZVFieRZ5p.jpg,page_497.json,ok,
259915,4Play,Comedy,images/259915_4Play_Comedy.jpg,https://image.tmdb.org/t/p/original/tPioYiWzhX4vzdjTzavZUdSIRJM.jpg,page_497.json,ok,
183297,Blood Pressure,Thriller,images/183297_Blood_Pressure_Thriller.jpg,https://image.tmdb.org/t/p/original/64lOJU3nPZuX7SobfMFdqPmP1Ks.jpg,page_497.json,ok,
171729,Lonely Boy,Comedy,images/171729_Lonely_Boy_Comedy.jpg,https://image.tmdb.org/t/p/original/zyWEMfareAm2DyakEASthmDvUa8.jpg,page_498.json,ok,
922067,The Nudels of Nudeland,Comedy,images/922067_The_Nudels_of_Nudeland_Comedy.jpg,https://image.tmdb.org/t/p/original/qj4157n0ty3AOG7b0JfNUu5PQJA.jpg,page_498.json,ok,
16553,Little Manhattan,Comedy,images/16553_Little_Manhattan_Comedy.jpg,https://image.tmdb.org/t/p/original/z0RNI1NMtsvLsuTo1rWZfNHVs1z.jpg,page_498.json,ok,
323707,Psychotic,Thriller,images/323707_Psychotic_Thriller.jpg,https://image.tmdb.org/t/p/original/5OfiymqmITK4hBINskmdai223fQ.jpg,page_498.json,ok,
287807,Blue Moon,Comedy,images/287807_Blue_Moon_Comedy.jpg,https://image.tmdb.org/t/p/original/62uWH8gZU0k560mFWJEHjkTF9TW.jpg,page_498.json,ok,
559112,The Barefoot Emperor,Comedy,images/559112_The_Barefoot_Emperor_Comedy.jpg,https://image.tmdb.org/t/p/original/2v4CpzVE7BCGxTsU6P1q6PEmCMG.jpg,page_498.json,ok,
632015,Tic,Comedy,images/632015_Tic_Comedy.jpg,https://image.tmdb.org/t/p/original/oViTeVMw0CER9HJ6GOIW1kSsOZu.jpg,page_498.json,ok,
487040,Wave,Comedy,images/487040_Wave_Comedy.jpg,https://image.tmdb.org/t/p/original/9QeBIMZUE1YdXH0tAySTyNrkvzi.jpg,page_499.json,ok,
20113,Flirting with Forty,Comedy,images/20113_Flirting_with_Forty_Comedy.jpg,https://image.tmdb.org/t/p/original/uOyyB1as3g5qIzb2Fm6KV32XiCQ.jpg,page_499.json,ok,
1111585,John Early: Now More Than Ever,Comedy,images/1111585_John_Early_Now_More_Than_Ever_Comedy.jpg,https://image.tmdb.org/t/p/original/iKkB3KTCVj2GYcTP1VwSQ5A8htL.jpg,page_498.json,ok,
25941,Harry Brown,Thriller,images/25941_Harry_Brown_Thriller.jpg,https://image.tmdb.org/t/p/original/lk9qVzvPHuL2vX9ixNut9n0KfYD.jpg,page_499.json,ok,
1361638,My Melbourne,Comedy,images/1361638_My_Melbourne_Comedy.jpg,https://image.tmdb.org/t/p/original/5VT2yVyIcAnpTbyrzWZq0BOiPDV.jpg,page_499.json,ok,
428112,Inspiration,Thriller,images/428112_Inspiration_Thriller.jpg,https://image.tmdb.org/t/p/original/4S5o5CvVq0BUPA3l3xSe9NQtEmS.jpg,page_499.json,ok,
43609,My Own Love Song,Comedy,images/43609_My_Own_Love_Song_Comedy.jpg,https://image.tmdb.org/t/p/original/aO4tSR7YdVUhM7QyXMRlNWNYGcg.jpg,page_5.json,ok,
679783,Exit 0,Thriller,images/679783_Exit_0_Thriller.jpg,https://image.tmdb.org/t/p/original/xdp2KZf5yy5fCKR5jcuzWzwppQf.jpg,page_5.json,ok,
63517,The Turn of the Screw,Thriller,images/63517_The_Turn_of_the_Screw_Thriller.jpg,https://image.tmdb.org/t/p/original/gU6VIBiClt3YwElPd0YEV5fqPmW.jpg,page_499.json,ok,
557587,Hidden Intentions,Thriller,images/557587_Hidden_Intentions_Thriller.jpg,https://image.tmdb.org/t/p/original/fwp1a1zPmwDKQ5SMVFcw60HNB36.jpg,page_5.json,ok,
267931,Hidden in the Woods,Thriller,images/267931_Hidden_in_the_Woods_Thriller.jpg,https://image.tmdb.org/t/p/original/8C0sZQOtCX74ML8amWQ1L0WEOts.jpg,page_5.json,ok,
57469,Patrice O'Neal: Elephant in the Room,Comedy,images/57469_Patrice_ONeal_Elephant_in_the_Room_Comedy.jpg,https://image.tmdb.org/t/p/original/tSe60nA5St4AVfQqFgllTlw3nOu.jpg,page_5.json,ok,
170656,Crime Fiction,Comedy,images/170656_Crime_Fiction_Comedy.jpg,https://image.tmdb.org/t/p/original/mkAO4bJrdfMFjBxOXxlV6eeRPzJ.jpg,page_498.json,ok,
495715,The Landlord,Thriller,images/495715_The_Landlord_Thriller.jpg,https://image.tmdb.org/t/p/original/926WlL1LvTkd8XM1zDqmGOy6bT7.jpg,page_5.json,ok,
197583,50 to 1,Comedy,images/197583_50_to_1_Comedy.jpg,https://image.tmdb.org/t/p/original/uIbniwxSlHyvGECiBMkTeWI0pib.jpg,page_5.json,ok,
434576,Haunted,Thriller,images/434576_Haunted_Thriller.jpg,https://image.tmdb.org/t/p/original/qx7D1V5fdsm2pqpG81TM1rwA155.jpg,page_50.json,ok,
347258,The Subjects,Thriller,images/347258_The_Subjects_Thriller.jpg,https://image.tmdb.org/t/p/original/9vZnD9Dwa9m3miNvASKzHqbWgnz.jpg,page_50.json,ok,
5759,Baghead,Comedy,images/5759_Baghead_Comedy.jpg,https://image.tmdb.org/t/p/original/pO3Au8iDpZsJt7Xco6fRsNvm3vz.jpg,page_50.json,ok,
338958,Disenchanted,Comedy,images/338958_Disenchanted_Comedy.jpg,https://image.tmdb.org/t/p/original/uyNLq2Dc3s4IOdcYTU8ZtM2lTjb.jpg,page_50.json,ok,
895130,Bulletproof,Comedy,images/895130_Bulletproof_Comedy.jpg,https://image.tmdb.org/t/p/original/9CFBGwHbutAFiABPMVwlkp7o3Y5.jpg,page_50.json,ok,
812675,New Romance,Comedy,images/812675_New_Romance_Comedy.jpg,https://image.tmdb.org/t/p/original/epwKj2Ig2LRQsL3Yz2HiNqLYUNo.jpg,page_497.json,ok,
928270,Heatwave,Thriller,images/928270_Heatwave_Thriller.jpg,https://image.tmdb.org/t/p/original/rtbZAMcriHlHmB24GhBRlLa29dA.jpg,page_50.json,ok,
587807,Tom & Jerry,Comedy,images/587807_Tom__Jerry_Comedy.jpg,https://image.tmdb.org/t/p/original/8XZI9QZ7Pm3fVkigWJPbrXCMzjq.jpg,page_50.json,ok,
764013,Sins of a Werewolf,Comedy,images/764013_Sins_of_a_Werewolf_Comedy.jpg,https://image.tmdb.org/t/p/original/in7viLCl4LDr8WJHy3c4eQKcm6M.jpg,page_500.json,ok,
386172,The Rift,Thriller,images/386172_The_Rift_Thriller.jpg,https://image.tmdb.org/t/p/original/x9afKy5myZgCj7MdAbnh78jpLkG.jpg,page_500.json,ok,
1122099,The Ballad of Wallis Island,Comedy,images/1122099_The_Ballad_of_Wallis_Island_Comedy.jpg,https://image.tmdb.org/t/p/original/AhmJOYdUn9katXqDk0ZpZanQ0xp.jpg,page_50.json,ok,
55291,George on George,Comedy,images/55291_George_on_George_Comedy.jpg,https://image.tmdb.org/t/p/original/vjL0vOcx5jYyIQwtgizS4GevykX.jpg,page_500.json,ok,
55301,Alvin and the Chipmunks: Chipwrecked,Comedy,images/55301_Alvin_and_the_Chipmunks_Chipwrecked_Comedy.jpg,https://image.tmdb.org/t/p/original/npOXWVoZyl8UrF2wtByHtfmsWSX.jpg,page_50.json,ok,
1290417,Shiver,Thriller,images/1290417_Shiver_Thriller.jpg,https://image.tmdb.org/t/p/original/vFb0qOHwV964oq5h7u4Yo7J8WV1.jpg,page_500.json,ok,
817442,Andronicus,Thriller,images/817442_Andronicus_Thriller.jpg,https://image.tmdb.org/t/p/original/6BND4qFlOGDEHmck8Uj0YrXWh59.jpg,page_500.json,ok,
1230147,Jenny Slate: Seasoned Professional,Comedy,images/1230147_Jenny_Slate_Seasoned_Professional_Comedy.jpg,https://image.tmdb.org/t/p/original/vQx7kF78GDEgjJtCCqsGU2vaUwN.jpg,page_500.json,ok,
210860,Mortdecai,Comedy,images/210860_Mortdecai_Comedy.jpg,https://image.tmdb.org/t/p/original/zIRDhdAuMevOuY2vs3s1HNcqDq7.jpg,page_51.json,ok,
817481,Moon Manor,Comedy,images/817481_Moon_Manor_Comedy.jpg,https://image.tmdb.org/t/p/original/rskIK9YkPlJjAzT4K7v6HUfDGGN.jpg,page_500.json,ok,
339527,Solace,Thriller,images/339527_Solace_Thriller.jpg,https://image.tmdb.org/t/p/original/pbcXpZgem8kgr90RwIUNAbC2ite.jpg,page_51.json,ok,
1444680,The AGFA Mystery Mixtape Vault,Comedy,images/1444680_The_AGFA_Mystery_Mixtape_Vault_Comedy.jpg,https://image.tmdb.org/t/p/original/lX5OCMnuWvjbN5or8Thfe9Tufrv.jpg,page_500.json,ok,
225886,Sex Tape,Comedy,images/225886_Sex_Tape_Comedy.jpg,https://image.tmdb.org/t/p/original/pFdS7SIdjcrYXtf141dabWVly9B.jpg,page_51.json,ok,
987917,Old Dads,Comedy,images/987917_Old_Dads_Comedy.jpg,https://image.tmdb.org/t/p/original/krA2iXd1PK1vhg4jeWfbSD4fSJi.jpg,page_51.json,ok,
262543,Automata,Thriller,images/262543_Automata_Thriller.jpg,https://image.tmdb.org/t/p/original/v2CokOK5RfdkTo6C26PifDCndoX.jpg,page_52.json,ok,
322,Mystic River,Thriller,images/322_Mystic_River_Thriller.jpg,https://image.tmdb.org/t/p/original/hCHVDbo6XJGj3r2i4hVjKhE0GKF.jpg,page_52.json,ok,
9788,Accepted,Comedy,images/9788_Accepted_Comedy.jpg,https://image.tmdb.org/t/p/original/pMh1dCw5vhMATmJs0ve0OpoSVED.jpg,page_52.json,ok,
8277,American Pie Presents: Beta House,Comedy,images/8277_American_Pie_Presents_Beta_House_Comedy.jpg,https://image.tmdb.org/t/p/original/j7eGbwVb9hTaRFWMlSa7C1OYp3T.jpg,page_53.json,ok,
279988,Extinction,Thriller,images/279988_Extinction_Thriller.jpg,https://image.tmdb.org/t/p/original/13LTZkxrAkswx2eidHK06XbVH8n.jpg,page_53.json,ok,
463053,Ibiza,Comedy,images/463053_Ibiza_Comedy.jpg,https://image.tmdb.org/t/p/original/xm0QJ3eumZ5LSewpYKQe6KfwWRW.jpg,page_52.json,ok,
12536,Home Alone 4,Comedy,images/12536_Home_Alone_4_Comedy.jpg,https://image.tmdb.org/t/p/original/qRktvMOO2QaCL7gvNyvZDoxPOZj.jpg,page_52.json,ok,
1096197,No Way Up,Thriller,images/1096197_No_Way_Up_Thriller.jpg,https://image.tmdb.org/t/p/original/hu40Uxp9WtpL34jv3zyWLb5zEVY.jpg,page_53.json,ok,
594,The Terminal,Comedy,images/594_The_Terminal_Comedy.jpg,https://image.tmdb.org/t/p/original/cPB3ZMM4UdsSAhNdS4c7ps5nypY.jpg,page_53.json,ok,
9573,Blood Work,Thriller,images/9573_Blood_Work_Thriller.jpg,https://image.tmdb.org/t/p/original/A6wWJkIREagRWFNu3YotID3n9aW.jpg,page_53.json,ok,
8849,Alfie,Comedy,images/8849_Alfie_Comedy.jpg,https://image.tmdb.org/t/p/original/dvKvkoc2d06cOSheq5hQ7G4FJJX.jpg,page_53.json,ok,
37735,Easy A,Comedy,images/37735_Easy_A_Comedy.jpg,https://image.tmdb.org/t/p/original/v5f1qO6NJnxWgONgkYg21TW39DT.jpg,page_54.json,ok,
463870,Dead Reckoning,Thriller,images/463870_Dead_Reckoning_Thriller.jpg,https://image.tmdb.org/t/p/original/rIHwHM3m0O8escRlRyDoCEaAY7Z.jpg,page_54.json,ok,
11247,A Cinderella Story,Comedy,images/11247_A_Cinderella_Story_Comedy.jpg,https://image.tmdb.org/t/p/original/ukwP7gDPWxj1R1dW5iN3mnxkL3D.jpg,page_54.json,ok,
717980,Sharper,Thriller,images/717980_Sharper_Thriller.jpg,https://image.tmdb.org/t/p/original/tq8x5F17q95T1j0up5rpzXFAylN.jpg,page_53.json,ok,
595148,Irresistible,Comedy,images/595148_Irresistible_Comedy.jpg,https://image.tmdb.org/t/p/original/hUpYDriYa5YkwwxeafUsowTweBg.jpg,page_54.json,ok,
1119332,Hidden Murder Island,Thriller,images/1119332_Hidden_Murder_Island_Thriller.jpg,https://image.tmdb.org/t/p/original/9XArVi06pe3ZcrasW7gNn76f98a.jpg,page_54.json,ok,
410789,Pektus,Comedy,images/410789_Pektus_Comedy.jpg,https://image.tmdb.org/t/p/original/uJAYlMiwqyfEwsVFQX9iinD8JVA.jpg,page_500.json,ok,
1299655,Blue Moon,Comedy,images/1299655_Blue_Moon_Comedy.jpg,https://image.tmdb.org/t/p/original/yKAozSP2uBpiUKtedjO0rU11Tl5.jpg,page_54.json,ok,
8321,In Bruges,Comedy,images/8321_In_Bruges_Comedy.jpg,https://image.tmdb.org/t/p/original/jMiBBqk72VRo1Y39x2ZbbenEU3a.jpg,page_55.json,ok,
620561,Obsession,Thriller,images/620561_Obsession_Thriller.jpg,https://image.tmdb.org/t/p/original/5p9VqPTdiYkdO9NF0oe7bBhJcIF.jpg,page_55.json,ok,
506826,Breaking Barbi,Comedy,images/506826_Breaking_Barbi_Comedy.jpg,https://image.tmdb.org/t/p/original/kDmRRbaKgsdWbAqM1LxRysE5CsI.jpg,page_55.json,ok,
61791,Rise of the Planet of the Apes,Thriller,images/61791_Rise_of_the_Planet_of_the_Apes_Thriller.jpg,https://image.tmdb.org/t/p/original/cjLsuP75UDlRdJVMXzXg3TJ4umX.jpg,page_54.json,ok,
13499,"Yours, Mine & Ours",Comedy,images/13499_Yours_Mine__Ours_Comedy.jpg,https://image.tmdb.org/t/p/original/1SfsoUYXRRrfL31br8q4DlTYvKK.jpg,page_55.json,ok,
206192,Perfect Sisters,Thriller,images/206192_Perfect_Sisters_Thriller.jpg,https://image.tmdb.org/t/p/original/c7JoUa6DDoHkR5ubRdCgnpwGUE5.jpg,page_55.json,ok,
9794,Employee of the Month,Comedy,images/9794_Employee_of_the_Month_Comedy.jpg,https://image.tmdb.org/t/p/original/vfALEF9wz4CEep071iOwM5Qqd17.jpg,page_56.json,ok,
270487,"Hail, Caesar!",Comedy,images/270487_Hail_Caesar_Comedy.jpg,https://image.tmdb.org/t/p/original/ozY79UvbYvJUWFg2UCM1CDQ7rBl.jpg,page_56.json,ok,
10063,The Breed,Thriller,images/10063_The_Breed_Thriller.jpg,https://image.tmdb.org/t/p/original/84wIp36RZ1zpVBoJTjwzGjZVRxD.jpg,page_56.json,ok,
472734,Dumplin',Comedy,images/472734_Dumplin_Comedy.jpg,https://image.tmdb.org/t/p/original/xJAB1HrFUuOf2VkWPaZ4N2DACCo.jpg,page_56.json,ok,
934866,Bad Genius,Thriller,images/934866_Bad_Genius_Thriller.jpg,https://image.tmdb.org/t/p/original/h5hONXZ4hPgniv1DXMB1IZohhpO.jpg,page_56.json,ok,
120467,The Grand Budapest Hotel,Comedy,images/120467_The_Grand_Budapest_Hotel_Comedy.jpg,https://image.tmdb.org/t/p/original/eWdyYQreja6JGCzqHWXpWHDrrPo.jpg,page_56.json,ok,
762968,Do Revenge,Comedy,images/762968_Do_Revenge_Comedy.jpg,https://image.tmdb.org/t/p/original/akIjKJDHcVN4bzifcEarKVPNpoa.jpg,page_56.json,ok,
96599,Eden,Thriller,images/96599_Eden_Thriller.jpg,https://image.tmdb.org/t/p/original/6MWSeVg9KESHpS3wXz4uwSlpd3f.jpg,page_56.json,ok,
646380,Don't Look Up,Comedy,images/646380_Dont_Look_Up_Comedy.jpg,https://image.tmdb.org/t/p/original/th4E1yqsE8DGpAseLiUrI60Hf8V.jpg,page_57.json,ok,
897865,Blind Trust,Thriller,images/897865_Blind_Trust_Thriller.jpg,https://image.tmdb.org/t/p/original/v5wUsnkw1yP9Z8YxAly3YurQN77.jpg,page_56.json,ok,
471248,Suburban Cowboy,Thriller,images/471248_Suburban_Cowboy_Thriller.jpg,https://image.tmdb.org/t/p/original/cymdR6leHszJJNag1lQnFce2GB9.jpg,page_56.json,ok,
1824,50 First Dates,Comedy,images/1824_50_First_Dates_Comedy.jpg,https://image.tmdb.org/t/p/original/lzUI2Cg7OMfcUNv3f7MywYNBjs6.jpg,page_57.json,ok,
483351,The Unicorn,Comedy,images/483351_The_Unicorn_Comedy.jpg,https://image.tmdb.org/t/p/original/61EeWnW1fcq2N056C2JGgMhC4lZ.jpg,page_57.json,ok,
1074243,The Dealer,Comedy,images/1074243_The_Dealer_Comedy.jpg,https://image.tmdb.org/t/p/original/pG9KzDlG3WlULrjA8Lpr5bz3vym.jpg,page_57.json,ok,
1158915,Dìdi (弟弟),Comedy,images/1158915_Ddi__Comedy.jpg,https://image.tmdb.org/t/p/original/3UCTNaZgxW6BbeHMMTe6uL07MpV.jpg,page_58.json,ok,
1070802,Confidential Informant,Thriller,images/1070802_Confidential_Informant_Thriller.jpg,https://image.tmdb.org/t/p/original/p3MqxGqMdq4eqzWN6H7ugEdYv1W.jpg,page_58.json,ok,
203801,The Man from U.N.C.L.E.,Comedy,images/203801_The_Man_from_U.N.C.L.E._Comedy.jpg,https://image.tmdb.org/t/p/original/y5yZaForGSJbPD66Cvq9AT5WMAD.jpg,page_57.json,ok,
9687,Keeping Mum,Comedy,images/9687_Keeping_Mum_Comedy.jpg,https://image.tmdb.org/t/p/original/nkyS4lkiEOCx7mtlMtWLYodbVpb.jpg,page_58.json,ok,
292038,Star Struck,Thriller,images/292038_Star_Struck_Thriller.jpg,https://image.tmdb.org/t/p/original/kvFZJjU2sNokZzL5zcSWAl58BNT.jpg,page_58.json,ok,
1163871,Cruel Encounters,Thriller,images/1163871_Cruel_Encounters_Thriller.jpg,https://image.tmdb.org/t/p/original/869YMzOKYE6jD0fY9xQySEXIOlp.jpg,page_58.json,ok,
933419,Champions,Comedy,images/933419_Champions_Comedy.jpg,https://image.tmdb.org/t/p/original/i46Gke8Kg3uH2K5eM0rDo4HzPtq.jpg,page_58.json,ok,
339846,Baywatch,Comedy,images/339846_Baywatch_Comedy.jpg,https://image.tmdb.org/t/p/original/6HE4xd8zloDqmjMZuhUCCw2UcY1.jpg,page_58.json,ok,
11888,Snow Dogs,Comedy,images/11888_Snow_Dogs_Comedy.jpg,https://image.tmdb.org/t/p/original/8DDC6z1XyLSiNLzKw1pXcYeAOJ3.jpg,page_59.json,ok,
1900,Traffic,Thriller,images/1900_Traffic_Thriller.jpg,https://image.tmdb.org/t/p/original/v6YrfR1e2OUAYbXrJ7hv3EiGNcg.jpg,page_59.json,ok,
9675,Sideways,Comedy,images/9675_Sideways_Comedy.jpg,https://image.tmdb.org/t/p/original/zOsaxYLgvZVU7cJBpPn8CuE0MrP.jpg,page_59.json,ok,
726759,Tetris,Thriller,images/726759_Tetris_Thriller.jpg,https://image.tmdb.org/t/p/original/4F2QwCOYHJJjecSvdOjStuVLkpu.jpg,page_59.json,ok,
419459,Landline,Comedy,images/419459_Landline_Comedy.jpg,https://image.tmdb.org/t/p/original/p7RVsyi67S95RyNJjX99E1MaOsA.jpg,page_6.json,ok,
542603,Minutes,Comedy,images/542603_Minutes_Comedy.jpg,https://image.tmdb.org/t/p/original/3MzlpJR8GlqMxeCIxvvXB7HIqYl.jpg,page_59.json,ok,
206027,Dumb Luck,Comedy,images/206027_Dumb_Luck_Comedy.jpg,https://image.tmdb.org/t/p/original/AsRdgNbFomt3wVj3ep3LuV4wijp.jpg,page_6.json,ok,
11523,View from the Top,Comedy,images/11523_View_from_the_Top_Comedy.jpg,https://image.tmdb.org/t/p/original/mjKloEexvZcJBbkoX9XKx83B40z.jpg,page_6.json,ok,
13068,Rocket Science,Comedy,images/13068_Rocket_Science_Comedy.jpg,https://image.tmdb.org/t/p/original/d5MfQznQKNtTsLFhw4wVXoqfk5y.jpg,page_6.json,ok,
1321199,Day Trippers,Comedy,images/1321199_Day_Trippers_Comedy.jpg,https://image.tmdb.org/t/p/original/aBWUrcdbH4Woyexc68kJ7RsVzpj.jpg,page_6.json,ok,
421854,Joe Rogan: Triggered,Comedy,images/421854_Joe_Rogan_Triggered_Comedy.jpg,https://image.tmdb.org/t/p/original/696PN5LYRMPpJAxh2pv6HHvaJpg.jpg,page_6.json,ok,
373194,Monday at 11:01 A.M.,Thriller,images/373194_Monday_at_1101_A.M._Thriller.jpg,https://image.tmdb.org/t/p/original/cXq2pCUjaVZCLyMya9hkrVdHauA.jpg,page_6.json,ok,
544876,Her Worst Nightmare,Thriller,images/544876_Her_Worst_Nightmare_Thriller.jpg,https://image.tmdb.org/t/p/original/9TmuYrgCxFtvkqU61khpjUfSH9H.jpg,page_6.json,ok,
307087,The Ghost and the Whale,Thriller,images/307087_The_Ghost_and_the_Whale_Thriller.jpg,https://image.tmdb.org/t/p/original/qMuGWqsMhPwAfcdIhuIu32sTAls.jpg,page_6.json,ok,
598974,Kill Me Twice,Thriller,images/598974_Kill_Me_Twice_Thriller.jpg,https://image.tmdb.org/t/p/original/yktcSSgasrGbehvJYDhxpUcWr6K.jpg,page_60.json,ok,
1327922,Hidden Agenda,Thriller,images/1327922_Hidden_Agenda_Thriller.jpg,https://image.tmdb.org/t/p/original/fnDQ3DxuB1ZHiyYVVDVapZp2kzj.jpg,page_6.json,ok,
1574,Chicago,Comedy,images/1574_Chicago_Comedy.jpg,https://image.tmdb.org/t/p/original/3ED8cWCXY9zkx77Sd0N5qMbsdDP.jpg,page_60.json,ok,
649609,Renfield,Comedy,images/649609_Renfield_Comedy.jpg,https://image.tmdb.org/t/p/original/p6yUjhvNGQpFZilKwOKbxQ1eHlo.jpg,page_60.json,ok,
762430,Retribution,Thriller,images/762430_Retribution_Thriller.jpg,https://image.tmdb.org/t/p/original/oUmmY7QWWn7OhKlcPOnirHJpP1F.jpg,page_60.json,ok,
2770,American Pie 2,Comedy,images/2770_American_Pie_2_Comedy.jpg,https://image.tmdb.org/t/p/original/854ZZxXdeabAs90mrV72NqShJqR.jpg,page_60.json,ok,
33217,Diary of a Wimpy Kid,Comedy,images/33217_Diary_of_a_Wimpy_Kid_Comedy.jpg,https://image.tmdb.org/t/p/original/iLAGiPnSuODt9cn332bkFElrRig.jpg,page_61.json,ok,
538523,Demetri Martin: The Overthinker,Comedy,images/538523_Demetri_Martin_The_Overthinker_Comedy.jpg,https://image.tmdb.org/t/p/original/h8PafIg6XlvgR9NO6njX8i3PkqT.jpg,page_61.json,ok,
974573,Another Simple Favor,Comedy,images/974573_Another_Simple_Favor_Comedy.jpg,https://image.tmdb.org/t/p/original/zboCGZ4aIqPMd7VFI4HWnmc7KYJ.jpg,page_61.json,ok,
8271,Disturbia,Thriller,images/8271_Disturbia_Thriller.jpg,https://image.tmdb.org/t/p/original/je3sZZpcfPeiR4eIqBKbxomOw6d.jpg,page_62.json,ok,
739993,Metal Lords,Comedy,images/739993_Metal_Lords_Comedy.jpg,https://image.tmdb.org/t/p/original/r97txZRmBb75SGsIAWqmplWJnO3.jpg,page_61.json,ok,
1195822,Heirloom,Comedy,images/1195822_Heirloom_Comedy.jpg,https://image.tmdb.org/t/p/original/aQSMAroOzqt6MTdy46ZvVc3A4Ko.jpg,page_62.json,ok,
31082,Sixty Six,Comedy,images/31082_Sixty_Six_Comedy.jpg,https://image.tmdb.org/t/p/original/tslE4UT0p4z6Qju2cdqpfFC46Hr.jpg,page_62.json,ok,
479366,Deadly Exposé,Thriller,images/479366_Deadly_Expos_Thriller.jpg,https://image.tmdb.org/t/p/original/2eDIw25dRxUf77CtiUvPIcAPMlh.jpg,page_62.json,ok,
793511,Deadly Cuts,Comedy,images/793511_Deadly_Cuts_Comedy.jpg,https://image.tmdb.org/t/p/original/8ywnFVEWYVcdwe7NaF6F4ZBCqCw.jpg,page_62.json,ok,
986054,Theater Camp,Comedy,images/986054_Theater_Camp_Comedy.jpg,https://image.tmdb.org/t/p/original/2osbLk1MMt9qjXPKSB2hMcBUyrw.jpg,page_62.json,ok,
9339,Click,Comedy,images/9339_Click_Comedy.jpg,https://image.tmdb.org/t/p/original/oL0k5JA53PyoHSZqKb3cNkhwBCE.jpg,page_62.json,ok,
13971,Wild Child,Comedy,images/13971_Wild_Child_Comedy.jpg,https://image.tmdb.org/t/p/original/xwbFEPubG4wroLDZdmTWRGNnnWf.jpg,page_62.json,ok,
59861,Larry Crowne,Comedy,images/59861_Larry_Crowne_Comedy.jpg,https://image.tmdb.org/t/p/original/8GDM7RqM6J1vNUdlU94rmtlNa3e.jpg,page_63.json,ok,
315358,The Freemason,Thriller,images/315358_The_Freemason_Thriller.jpg,https://image.tmdb.org/t/p/original/aCbVK0C5TVMB5Sp1zFbdRKXGSam.jpg,page_63.json,ok,
489939,Daphne & Velma,Comedy,images/489939_Daphne__Velma_Comedy.jpg,https://image.tmdb.org/t/p/original/zG2DHbo2GNxSmcFWqGkAPgS6hC8.jpg,page_63.json,ok,
376659,Bad Moms,Comedy,images/376659_Bad_Moms_Comedy.jpg,https://image.tmdb.org/t/p/original/u9q10ljhkLj0tNCjlVqe3DCjoU4.jpg,page_63.json,ok,
57431,The Sitter,Comedy,images/57431_The_Sitter_Comedy.jpg,https://image.tmdb.org/t/p/original/rOVS11iGQsFKRPzjXQPfyTmwtDr.jpg,page_63.json,ok,
1250,Ghost Rider,Thriller,images/1250_Ghost_Rider_Thriller.jpg,https://image.tmdb.org/t/p/original/d9Oan9XJJ6gRJa64Ifsgp1sXbC4.jpg,page_64.json,ok,
9678,Little Nicky,Comedy,images/9678_Little_Nicky_Comedy.jpg,https://image.tmdb.org/t/p/original/AudA8gnTWSBWXBHSBHnr3HHUXXM.jpg,page_63.json,ok,
1016084,BlackBerry,Comedy,images/1016084_BlackBerry_Comedy.jpg,https://image.tmdb.org/t/p/original/ePWKQzOnwabMcJsWYWIiy5p1Ofr.jpg,page_63.json,ok,
442062,Goosebumps 2: Haunted Halloween,Comedy,images/442062_Goosebumps_2_Haunted_Halloween_Comedy.jpg,https://image.tmdb.org/t/p/original/t2wy38iiMpB8WsgJi3lYeDnGh2H.jpg,page_63.json,ok,
450465,Glass,Thriller,images/450465_Glass_Thriller.jpg,https://image.tmdb.org/t/p/original/svIDTNUoajS8dLEo7EosxvyAsgJ.jpg,page_64.json,ok,
797488,Dangerous Medicine,Thriller,images/797488_Dangerous_Medicine_Thriller.jpg,https://image.tmdb.org/t/p/original/sy3Ac0RwYBDXHeZcGwfJmvYNXB.jpg,page_64.json,ok,
1393761,The Current,Comedy,images/1393761_The_Current_Comedy.jpg,https://image.tmdb.org/t/p/original/Nlrf6mEU2HAxmcEgiFl3gipykf.jpg,page_64.json,ok,
631843,Old,Thriller,images/631843_Old_Thriller.jpg,https://image.tmdb.org/t/p/original/vclShucpUmPhdAOmKgf3B3Z4POD.jpg,page_64.json,ok,
527919,Carnal Wishes,Thriller,images/527919_Carnal_Wishes_Thriller.jpg,https://image.tmdb.org/t/p/original/s9xHS4Qqcdra9aWhNEzpxafeA57.jpg,page_64.json,ok,
661374,Glass Onion: A Knives Out Mystery,Comedy,images/661374_Glass_Onion_A_Knives_Out_Mystery_Comedy.jpg,https://image.tmdb.org/t/p/original/vDGr1YdrlfbU9wxTOdpf3zChmv9.jpg,page_64.json,ok,
522241,The Courier,Thriller,images/522241_The_Courier_Thriller.jpg,https://image.tmdb.org/t/p/original/zFIjKtZrzhmc7HecdFXXjsLR2Ig.jpg,page_64.json,ok,
653569,Save Yourselves!,Comedy,images/653569_Save_Yourselves_Comedy.jpg,https://image.tmdb.org/t/p/original/bvNwVJ3Wh6KeE28TMIczJD6OEPm.jpg,page_64.json,ok,
72113,Carnage,Comedy,images/72113_Carnage_Comedy.jpg,https://image.tmdb.org/t/p/original/3Imx53XV3T02ADlMxYazYXVNysZ.jpg,page_65.json,ok,
4564,Sex and the City,Comedy,images/4564_Sex_and_the_City_Comedy.jpg,https://image.tmdb.org/t/p/original/AhNfnsGW95RKHQNLdgFH48UN0Zy.jpg,page_65.json,ok,
1547527,Stay,Thriller,images/1547527_Stay_Thriller.jpg,https://image.tmdb.org/t/p/original/kRMzvzxjClWJn7bQtaRLQ2qhb6c.jpg,page_66.json,ok,
12133,Step Brothers,Comedy,images/12133_Step_Brothers_Comedy.jpg,https://image.tmdb.org/t/p/original/tY2FpgzPVx92JrYveWt4bn3cMyD.jpg,page_65.json,ok,
228933,Drones,Thriller,images/228933_Drones_Thriller.jpg,https://image.tmdb.org/t/p/original/cpCb1VdxYyo98b0eWfgHEi3qMUX.jpg,page_66.json,ok,
871547,The Honeymoon,Comedy,images/871547_The_Honeymoon_Comedy.jpg,https://image.tmdb.org/t/p/original/vyT1SavljB1WLDutl0Bj0P1sCCj.jpg,page_66.json,ok,
163,Ocean's Twelve,Thriller,images/163_Oceans_Twelve_Thriller.jpg,https://image.tmdb.org/t/p/original/pE5anFf7nf6ah7V3VRezQ1KSovi.jpg,page_66.json,ok,
400547,Hurricane Bianca,Comedy,images/400547_Hurricane_Bianca_Comedy.jpg,https://image.tmdb.org/t/p/original/4KowccwdLWybppaZjR9fZMKbuHo.jpg,page_66.json,ok,
10610,The Medallion,Thriller,images/10610_The_Medallion_Thriller.jpg,https://image.tmdb.org/t/p/original/lbjFWKfe8WdS8Pj6WVPlyEKeVEo.jpg,page_66.json,ok,
850028,"Alice, Darling",Thriller,images/850028_Alice_Darling_Thriller.jpg,https://image.tmdb.org/t/p/original/3QpO7dxLXBdPgWpNLKvRNojz7bv.jpg,page_66.json,ok,
9991,Mean Machine,Comedy,images/9991_Mean_Machine_Comedy.jpg,https://image.tmdb.org/t/p/original/ripTQsmWQJyccK6zB1dajSY3olv.jpg,page_67.json,ok,
602779,Mad Jack,Thriller,images/602779_Mad_Jack_Thriller.jpg,https://image.tmdb.org/t/p/original/z8Gp1WgcS0A3xqICKX8dDXH67O0.jpg,page_67.json,ok,
929170,Honor Society,Comedy,images/929170_Honor_Society_Comedy.jpg,https://image.tmdb.org/t/p/original/61CZ4JxyaI462sFfLPhtyzRg4vv.jpg,page_67.json,ok,
9655,She's the Man,Comedy,images/9655_Shes_the_Man_Comedy.jpg,https://image.tmdb.org/t/p/original/ms9vdHyBLgAj0txnMWI9djGpDGp.jpg,page_67.json,ok,
1392472,Pirateland,Comedy,images/1392472_Pirateland_Comedy.jpg,https://image.tmdb.org/t/p/original/pknZUfhCegpBAqQKlmv3s3vBO8Z.jpg,page_67.json,ok,
59963,Dark Tide,Thriller,images/59963_Dark_Tide_Thriller.jpg,https://image.tmdb.org/t/p/original/gx56ZanaWd4pG930Z44eDLvnQ8N.jpg,page_67.json,ok,
564090,The Hoard,Comedy,images/564090_The_Hoard_Comedy.jpg,https://image.tmdb.org/t/p/original/74oViJnQ8vn2GVwGEaQpwjURgub.jpg,page_67.json,ok,
378356,Monkey Up,Comedy,images/378356_Monkey_Up_Comedy.jpg,https://image.tmdb.org/t/p/original/cdue0TfCUwvtc6b7g0jaHRkMlc4.jpg,page_67.json,ok,
248828,Accomplice,Comedy,images/248828_Accomplice_Comedy.jpg,https://image.tmdb.org/t/p/original/zgre5oF3ILLGb0dUcjuemHZB6mz.jpg,page_67.json,ok,
508138,Burn,Thriller,images/508138_Burn_Thriller.jpg,https://image.tmdb.org/t/p/original/ifSMo5x7SDXpettRt8TWY9EOquM.jpg,page_67.json,ok,
83896,Sand Sharks,Comedy,images/83896_Sand_Sharks_Comedy.jpg,https://image.tmdb.org/t/p/original/bhOBPEmtPPfwfTIbCF5CPMeEte6.jpg,page_67.json,ok,
9315,Flightplan,Thriller,images/9315_Flightplan_Thriller.jpg,https://image.tmdb.org/t/p/original/oNjZFzbe7PfF3TxztNHDkinOPyB.jpg,page_68.json,ok,
10096,13 Going on 30,Comedy,images/10096_13_Going_on_30_Comedy.jpg,https://image.tmdb.org/t/p/original/iNZdSIfhSCMtRILDNyhLn8UKeSG.jpg,page_68.json,ok,
279572,Becoming Blond,Comedy,images/279572_Becoming_Blond_Comedy.jpg,https://image.tmdb.org/t/p/original/cF6shPfs1Ty6nR6Q2YcRxASClix.jpg,page_68.json,ok,
601844,Becky,Thriller,images/601844_Becky_Thriller.jpg,https://image.tmdb.org/t/p/original/9wqKF883Kn9c0SZV4ZmkIkFhBLh.jpg,page_68.json,ok,
401732,Delirium,Thriller,images/401732_Delirium_Thriller.jpg,https://image.tmdb.org/t/p/original/dm5fao26h6BcxbIxBFMF9XKvUre.jpg,page_68.json,ok,
78298,Curry Munchers,Comedy,images/78298_Curry_Munchers_Comedy.jpg,https://image.tmdb.org/t/p/original/ctYfdTGscDnethefMi05vraIGvw.jpg,page_67.json,ok,
12657,Soul Plane,Comedy,images/12657_Soul_Plane_Comedy.jpg,https://image.tmdb.org/t/p/original/b5Rzb5JUwPinllWGYUYER3OV14F.jpg,page_68.json,ok,
97630,Zero Dark Thirty,Thriller,images/97630_Zero_Dark_Thirty_Thriller.jpg,https://image.tmdb.org/t/p/original/wNSdSSxowM3WIqmPJNg3RagYbwP.jpg,page_68.json,ok,
814064,Avocado Toast,Comedy,images/814064_Avocado_Toast_Comedy.jpg,https://image.tmdb.org/t/p/original/kJLoazo035LwpI6QRoEKfz7nAAI.jpg,page_68.json,ok,
644950,Urban Fears,Comedy,images/644950_Urban_Fears_Comedy.jpg,https://image.tmdb.org/t/p/original/lna2GvzlM2Y4ijqlP1DQm3MeMkP.jpg,page_69.json,ok,
9285,Road Trip,Comedy,images/9285_Road_Trip_Comedy.jpg,https://image.tmdb.org/t/p/original/jee4eY5tZprI0V18S6PXUloBzSk.jpg,page_69.json,ok,
9522,Wedding Crashers,Comedy,images/9522_Wedding_Crashers_Comedy.jpg,https://image.tmdb.org/t/p/original/lFM3lk2zVzC1YFnKm0r6LbFPyRu.jpg,page_68.json,ok,
253406,"10,000 Saints",Comedy,images/253406_10000_Saints_Comedy.jpg,https://image.tmdb.org/t/p/original/zZpQfrdXhNq5sqMMzDQkpqZQxXq.jpg,page_69.json,ok,
421879,Beach House,Thriller,images/421879_Beach_House_Thriller.jpg,https://image.tmdb.org/t/p/original/nYz6aON2AvKXZNZAnI0pAiV0ZeX.jpg,page_68.json,ok,
356305,Why Him?,Comedy,images/356305_Why_Him_Comedy.jpg,https://image.tmdb.org/t/p/original/eezFoKz7bXgdbjeieeCYJFXPKSu.jpg,page_69.json,ok,
99581,Pentecost,Comedy,images/99581_Pentecost_Comedy.jpg,https://image.tmdb.org/t/p/original/5xCV8ytQjSHOaezRJ7JUtxYBp9Y.jpg,page_69.json,ok,
859526,Is This a Joke?,Comedy,images/859526_Is_This_a_Joke_Comedy.jpg,https://image.tmdb.org/t/p/original/gyu0gU9J4J0IzUnBidhZsv1PKsT.jpg,page_7.json,ok,
1405604,The Accused,Thriller,images/1405604_The_Accused_Thriller.jpg,https://image.tmdb.org/t/p/original/u6JOf3UMYjZ6XnYw7Z4ObP9IAHW.jpg,page_69.json,ok,
309937,The Idiot,Comedy,images/309937_The_Idiot_Comedy.jpg,https://image.tmdb.org/t/p/original/dRJzm8MaF3XZpEpbsK6e7pj4R2D.jpg,page_69.json,ok,
1550,Pieces of April,Comedy,images/1550_Pieces_of_April_Comedy.jpg,https://image.tmdb.org/t/p/original/wEqJbt9iVPEspoI9dLJIjWEof7w.jpg,page_7.json,ok,
69892,Shadow of Fear,Thriller,images/69892_Shadow_of_Fear_Thriller.jpg,https://image.tmdb.org/t/p/original/bTlzkGoE51C2ak3F3NcvpN0kfWk.jpg,page_69.json,ok,
35683,Single White Female 2: The Psycho,Thriller,images/35683_Single_White_Female_2_The_Psycho_Thriller.jpg,https://image.tmdb.org/t/p/original/qovxrkXIdOnhWyyqkJJLaFfYUxF.jpg,page_7.json,ok,
737728,Killer Whales,Comedy,images/737728_Killer_Whales_Comedy.jpg,https://image.tmdb.org/t/p/original/lkDcDxUubpag2w808SBHtJPphBD.jpg,page_7.json,ok,
306562,"Ulises and the 10,000 moustaches",Comedy,images/306562_Ulises_and_the_10000_moustaches_Comedy.jpg,https://image.tmdb.org/t/p/original/sI0LBFnBMqGKuXeRJT9c97EDxas.jpg,page_7.json,ok,
1065275,Love Dump,Comedy,images/1065275_Love_Dump_Comedy.jpg,https://image.tmdb.org/t/p/original/8FGRpZCTIoeSLgUxzOJya44XqL7.jpg,page_7.json,ok,
2779,The Curse of the Jade Scorpion,Comedy,images/2779_The_Curse_of_the_Jade_Scorpion_Comedy.jpg,https://image.tmdb.org/t/p/original/mfvWefUp09oaLLxb8KhsvUYi7mX.jpg,page_7.json,ok,
1358458,Whisper Breach,Thriller,images/1358458_Whisper_Breach_Thriller.jpg,https://image.tmdb.org/t/p/original/2DcJiB2q6qdaBGRPvIH6hHm2TpP.jpg,page_7.json,ok,
673228,Is There a Killer in My Family?,Thriller,images/673228_Is_There_a_Killer_in_My_Family_Thriller.jpg,https://image.tmdb.org/t/p/original/zk7fYRNr063kggg9Coy4zdHtaa0.jpg,page_7.json,ok,
409056,Along Came the Devil,Thriller,images/409056_Along_Came_the_Devil_Thriller.jpg,https://image.tmdb.org/t/p/original/tEiu83QxMMWWD8gWUtXR4piF1Iw.jpg,page_7.json,ok,
36515,The Prince & Me 4: The Elephant Adventure,Comedy,images/36515_The_Prince__Me_4_The_Elephant_Adventure_Comedy.jpg,https://image.tmdb.org/t/p/original/fEKnwl4m8DRn7MkAqWIt6RN2y67.jpg,page_7.json,ok,
10763,Dr. T & the Women,Comedy,images/10763_Dr._T__the_Women_Comedy.jpg,https://image.tmdb.org/t/p/original/vBtKoV5YU4lStxXyBQLvAdYgGej.jpg,page_7.json,ok,
98360,Cleavagefield,Comedy,images/98360_Cleavagefield_Comedy.jpg,https://image.tmdb.org/t/p/original/32YYPWUUM8BQB984CpPZLKbVako.jpg,page_70.json,ok,
605886,To Catch a Killer,Thriller,images/605886_To_Catch_a_Killer_Thriller.jpg,https://image.tmdb.org/t/p/original/mFp3l4lZg1NSEsyxKrdi0rNK8r1.jpg,page_70.json,ok,
296178,Posthumous,Comedy,images/296178_Posthumous_Comedy.jpg,https://image.tmdb.org/t/p/original/1hdmv4WobFEvsV7C3wdeLcOJSrU.jpg,page_70.json,ok,
355008,Special Correspondents,Comedy,images/355008_Special_Correspondents_Comedy.jpg,https://image.tmdb.org/t/p/original/sQPkqwW4qh5fKbSI8V12wc8ZMlJ.jpg,page_70.json,ok,
41630,No Strings Attached,Comedy,images/41630_No_Strings_Attached_Comedy.jpg,https://image.tmdb.org/t/p/original/9C09L1U9S13J4Ut029Qhu0oLcTQ.jpg,page_71.json,ok,
1028703,The OctoGames,Thriller,images/1028703_The_OctoGames_Thriller.jpg,https://image.tmdb.org/t/p/original/qGz5rffXhegQH5PGUDiObqoOt06.jpg,page_70.json,ok,
36691,Solitary Man,Comedy,images/36691_Solitary_Man_Comedy.jpg,https://image.tmdb.org/t/p/original/5Dpm8QDoL3w3ZOwVl6rgvjRWxrj.jpg,page_71.json,ok,
10661,You Don't Mess with the Zohan,Comedy,images/10661_You_Dont_Mess_with_the_Zohan_Comedy.jpg,https://image.tmdb.org/t/p/original/gBhLQmpCPoKFMCGsulMbIFzrBID.jpg,page_71.json,ok,
36590,Totally Baked,Comedy,images/36590_Totally_Baked_Comedy.jpg,https://image.tmdb.org/t/p/original/rKEbJbLZA4W5Zr6FBgad9DLOUEi.jpg,page_71.json,ok,
227159,Horrible Bosses 2,Comedy,images/227159_Horrible_Bosses_2_Comedy.jpg,https://image.tmdb.org/t/p/original/boBOkwIqgrs8noxBUSDkkicKa4K.jpg,page_71.json,ok,
37686,Super 8,Thriller,images/37686_Super_8_Thriller.jpg,https://image.tmdb.org/t/p/original/pUWIjaMMYJjeBm5bJyE3mIXdQ62.jpg,page_71.json,ok,
869,Planet of the Apes,Thriller,images/869_Planet_of_the_Apes_Thriller.jpg,https://image.tmdb.org/t/p/original/eEsOgbgKXMvI2FEw1WENamVXi41.jpg,page_71.json,ok,
1243186,Demise,Thriller,images/1243186_Demise_Thriller.jpg,https://image.tmdb.org/t/p/original/3RFkqeMh0lsoBdlsHNmJ2I0uec8.jpg,page_71.json,ok,
455783,ExPatriot,Thriller,images/455783_ExPatriot_Thriller.jpg,https://image.tmdb.org/t/p/original/v9tUtAfnBUom4PrGghDeqULNB1P.jpg,page_72.json,ok,
35019,Nanny McPhee and the Big Bang,Comedy,images/35019_Nanny_McPhee_and_the_Big_Bang_Comedy.jpg,https://image.tmdb.org/t/p/original/9cgHfgBXVZmVR63AhwJ82R1kAFS.jpg,page_72.json,ok,
594767,Shazam! Fury of the Gods,Comedy,images/594767_Shazam_Fury_of_the_Gods_Comedy.jpg,https://image.tmdb.org/t/p/original/A3ZbZsmsvNGdprRi2lKgGEeVLEH.jpg,page_71.json,ok,
50647,Wanderlust,Comedy,images/50647_Wanderlust_Comedy.jpg,https://image.tmdb.org/t/p/original/hH1Bla0W4YIn9sdd9NwODzDCcE4.jpg,page_72.json,ok,
117974,Sightseers,Comedy,images/117974_Sightseers_Comedy.jpg,https://image.tmdb.org/t/p/original/l52cpdZcVkEVTaLqga6xxSQoaKX.jpg,page_72.json,ok,
69015,The Jailhouse,Thriller,images/69015_The_Jailhouse_Thriller.jpg,https://image.tmdb.org/t/p/original/5thdKJOzBX49FByo9J6fU9aVWbd.jpg,page_72.json,ok,
146015,The Double,Thriller,images/146015_The_Double_Thriller.jpg,https://image.tmdb.org/t/p/original/7kNcpmP1Pe9fWLKEbEOX5GEWueC.jpg,page_72.json,ok,
2123,"Me, Myself & Irene",Comedy,images/2123_Me_Myself__Irene_Comedy.jpg,https://image.tmdb.org/t/p/original/rvRrcbLbpn7UJGRH1JupgHOeJFq.jpg,page_72.json,ok,
249059,Santa Switch,Comedy,images/249059_Santa_Switch_Comedy.jpg,https://image.tmdb.org/t/p/original/qdofjYeV4YPB4zaJem1mKZCgxU1.jpg,page_72.json,ok,
1321914,The Fairchild,Comedy,images/1321914_The_Fairchild_Comedy.jpg,https://image.tmdb.org/t/p/original/jEKsgXEjJS1J8a1P1zpUu6FDZ3c.jpg,page_73.json,ok,
63578,The Trip,Comedy,images/63578_The_Trip_Comedy.jpg,https://image.tmdb.org/t/p/original/tjGrjHNjsR0klih0bkGBHbukMdX.jpg,page_72.json,ok,
51876,Limitless,Thriller,images/51876_Limitless_Thriller.jpg,https://image.tmdb.org/t/p/original/un0a2U7KLjMH77N6EhqYh7ZOlVx.jpg,page_73.json,ok,
673593,Mean Girls,Comedy,images/673593_Mean_Girls_Comedy.jpg,https://image.tmdb.org/t/p/original/fbbj3viSUDEGT1fFFMNpHP1iUjw.jpg,page_73.json,ok,
640173,15 Things You Didn't Know About Bigfoot,Comedy,images/640173_15_Things_You_Didnt_Know_About_Bigfoot_Comedy.jpg,https://image.tmdb.org/t/p/original/jj6czY1rTP06NcZqaczEv2jDyWb.jpg,page_73.json,ok,
606237,Unplugging,Comedy,images/606237_Unplugging_Comedy.jpg,https://image.tmdb.org/t/p/original/tFL9lRtVUEmsVcggoag0u4H14mJ.jpg,page_73.json,ok,
44564,The Dilemma,Comedy,images/44564_The_Dilemma_Comedy.jpg,https://image.tmdb.org/t/p/original/a7EVBTqeh6NoCFDW24qIp11kyi9.jpg,page_73.json,ok,
802226,Bingo Hell,Thriller,images/802226_Bingo_Hell_Thriller.jpg,https://image.tmdb.org/t/p/original/86VKuiaox9eVJTETel0ld7XZtiO.jpg,page_74.json,ok,
65057,The Descendants,Comedy,images/65057_The_Descendants_Comedy.jpg,https://image.tmdb.org/t/p/original/8cDq5UlOPYeKm39okALCEOsZPxk.jpg,page_74.json,ok,
2057,Original Sin,Thriller,images/2057_Original_Sin_Thriller.jpg,https://image.tmdb.org/t/p/original/xvTtsdvvVr1NYlVJxWZibzhaEt5.jpg,page_74.json,ok,
11469,Black Knight,Comedy,images/11469_Black_Knight_Comedy.jpg,https://image.tmdb.org/t/p/original/pVxwVH461k9u4tUfRewT29DEZ2e.jpg,page_74.json,ok,
11460,Red Eye,Thriller,images/11460_Red_Eye_Thriller.jpg,https://image.tmdb.org/t/p/original/j33szyBdJjrmnItyUgPBsqaBECE.jpg,page_74.json,ok,
13161,Big Stan,Comedy,images/13161_Big_Stan_Comedy.jpg,https://image.tmdb.org/t/p/original/zS1uUwKEFcd8ak0NTXxw97DlbAa.jpg,page_73.json,ok,
1407861,The Bayou,Thriller,images/1407861_The_Bayou_Thriller.jpg,https://image.tmdb.org/t/p/original/sf6j1SbgDf7VTjL1MRq5MAQSOyE.jpg,page_74.json,ok,
7303,Maid in Manhattan,Comedy,images/7303_Maid_in_Manhattan_Comedy.jpg,https://image.tmdb.org/t/p/original/gnEuTYH3jhHxl80QyoPfZjEYd0J.jpg,page_74.json,ok,
958196,Inside,Thriller,images/958196_Inside_Thriller.jpg,https://image.tmdb.org/t/p/original/dXsiWJWwGwYwOQ6DfYFt5pPBMwT.jpg,page_74.json,ok,
791135,Unfollower,Thriller,images/791135_Unfollower_Thriller.jpg,https://image.tmdb.org/t/p/original/op37q1x1nCQOpQZQyAvR8ZbWLhu.jpg,page_74.json,ok,
531509,Otherhood,Comedy,images/531509_Otherhood_Comedy.jpg,https://image.tmdb.org/t/p/original/2qVErJgfMcg3TzfYcrbaXBcrXV9.jpg,page_75.json,ok,
96600,Grassroots,Comedy,images/96600_Grassroots_Comedy.jpg,https://image.tmdb.org/t/p/original/At79sRABWzppBed5759uRYqh6vh.jpg,page_75.json,ok,
452068,Drone,Thriller,images/452068_Drone_Thriller.jpg,https://image.tmdb.org/t/p/original/o1Zp7DBOkxDhGCg6fXhuaFaFwsN.jpg,page_75.json,ok,
50839,Margin Call,Thriller,images/50839_Margin_Call_Thriller.jpg,https://image.tmdb.org/t/p/original/qtO57obCJuUBS0en3HLgFgZ19Xk.jpg,page_75.json,ok,
26906,Enloquecidas,Comedy,images/26906_Enloquecidas_Comedy.jpg,https://image.tmdb.org/t/p/original/1OgaTq0EUMvRjwtNTNTDXHIAhJm.jpg,page_75.json,ok,
9513,Garfield: A Tail of Two Kitties,Comedy,images/9513_Garfield_A_Tail_of_Two_Kitties_Comedy.jpg,https://image.tmdb.org/t/p/original/eRbG8Buz2eFylHL5uX8bTxgoNp9.jpg,page_75.json,ok,
411873,The Little Hours,Comedy,images/411873_The_Little_Hours_Comedy.jpg,https://image.tmdb.org/t/p/original/wS69OOwBJzimoLIcmYMSVkmhCZM.jpg,page_75.json,ok,
265208,Wild Card,Thriller,images/265208_Wild_Card_Thriller.jpg,https://image.tmdb.org/t/p/original/2zeLw6jFNkODSar3NValf5HnARh.jpg,page_75.json,ok,
1212142,Kinda Pregnant,Comedy,images/1212142_Kinda_Pregnant_Comedy.jpg,https://image.tmdb.org/t/p/original/k2Lq3rCJ7P9gk5Df9of9kqr9IJM.jpg,page_75.json,ok,
254320,The Lobster,Comedy,images/254320_The_Lobster_Comedy.jpg,https://image.tmdb.org/t/p/original/7Y9ILV1unpW9mLpGcqyGQU72LUy.jpg,page_76.json,ok,
436285,Serpent,Thriller,images/436285_Serpent_Thriller.jpg,https://image.tmdb.org/t/p/original/h3GRtHasWEQV04LuoS22UHVpJfA.jpg,page_76.json,ok,
10201,Yes Man,Comedy,images/10201_Yes_Man_Comedy.jpg,https://image.tmdb.org/t/p/original/16zVbgFLTUaUTG1wQHuGjfWNuDM.jpg,page_76.json,ok,
272101,Sacrament,Thriller,images/272101_Sacrament_Thriller.jpg,https://image.tmdb.org/t/p/original/kn4gpghCTCCdmON0rIgcYgniNtd.jpg,page_76.json,ok,
1145725,Tyler Perry's Duplicity,Thriller,images/1145725_Tyler_Perrys_Duplicity_Thriller.jpg,https://image.tmdb.org/t/p/original/pYrmTaOnMgvS59OKSxkCSrhISoL.jpg,page_76.json,ok,
1192856,Liberty,Thriller,images/1192856_Liberty_Thriller.jpg,https://image.tmdb.org/t/p/original/pY0BAsoeiUWbQDNd6qGK8VMRulX.jpg,page_76.json,ok,
460019,Truth or Dare,Thriller,images/460019_Truth_or_Dare_Thriller.jpg,https://image.tmdb.org/t/p/original/ei2waWQAG8NP244WShIFgGu9IOu.jpg,page_76.json,ok,
79697,Butter,Comedy,images/79697_Butter_Comedy.jpg,https://image.tmdb.org/t/p/original/30sLoIcLHjZwjMiTjyTUrTNawB4.jpg,page_76.json,ok,
87818,Movie 43,Comedy,images/87818_Movie_43_Comedy.jpg,https://image.tmdb.org/t/p/original/uYa06GxHsCsELx9vOQ11vsT0Aa6.jpg,page_77.json,ok,
541359,Suburban Wildlife,Comedy,images/541359_Suburban_Wildlife_Comedy.jpg,https://image.tmdb.org/t/p/original/zklgiKF0N0J296NfXrzelhtEijm.jpg,page_77.json,ok,
9919,How to Lose a Guy in 10 Days,Comedy,images/9919_How_to_Lose_a_Guy_in_10_Days_Comedy.jpg,https://image.tmdb.org/t/p/original/2dlftyPz7mTYbrsPvTogyFmYd7d.jpg,page_77.json,ok,
449562,The Hustle,Comedy,images/449562_The_Hustle_Comedy.jpg,https://image.tmdb.org/t/p/original/qZniBGQRESLIfxw6GeZLZ2G1osa.jpg,page_77.json,ok,
497828,Triangle of Sadness,Comedy,images/497828_Triangle_of_Sadness_Comedy.jpg,https://image.tmdb.org/t/p/original/k9eLozCgCed5FGTSdHu0bBElAV8.jpg,page_77.json,ok,
86838,Seven Psychopaths,Comedy,images/86838_Seven_Psychopaths_Comedy.jpg,https://image.tmdb.org/t/p/original/4ukEYAxlSivFcDG6vLxJB6PjTjg.jpg,page_77.json,ok,
515195,Yesterday,Comedy,images/515195_Yesterday_Comedy.jpg,https://image.tmdb.org/t/p/original/9fYka5CQt9nrb6LOtKicysUf9NA.jpg,page_77.json,ok,
466282,To All the Boys I've Loved Before,Comedy,images/466282_To_All_the_Boys_Ive_Loved_Before_Comedy.jpg,https://image.tmdb.org/t/p/original/hKHZhUbIyUAjcSrqJThFGYIR6kI.jpg,page_77.json,ok,
87428,That's My Boy,Comedy,images/87428_Thats_My_Boy_Comedy.jpg,https://image.tmdb.org/t/p/original/ati7KTjMaYtinjU0xDaxKp15vzN.jpg,page_77.json,ok,
301049,Trophy Kids,Comedy,images/301049_Trophy_Kids_Comedy.jpg,https://image.tmdb.org/t/p/original/oPTbyNhN1ZOLpjRs6vKDZwaOFzj.jpg,page_78.json,ok,
32141,Strange Bedfellows,Comedy,images/32141_Strange_Bedfellows_Comedy.jpg,https://image.tmdb.org/t/p/original/zub7yJWZwGf61jLnANdV2mb1yRo.jpg,page_78.json,ok,
139038,A Haunted House,Comedy,images/139038_A_Haunted_House_Comedy.jpg,https://image.tmdb.org/t/p/original/tpw6kvuAJBo1CGRw1Bwdz1KU0hc.jpg,page_78.json,ok,
1493,Miss Congeniality,Comedy,images/1493_Miss_Congeniality_Comedy.jpg,https://image.tmdb.org/t/p/original/pat3vKaRlB70he4ghwTMydR4TvP.jpg,page_78.json,ok,
1175174,Fackham Hall,Comedy,images/1175174_Fackham_Hall_Comedy.jpg,https://image.tmdb.org/t/p/original/bwQOW1DWTZKMwQzZPfPx8ICHaWX.jpg,page_78.json,ok,
1297860,Inheritance,Thriller,images/1297860_Inheritance_Thriller.jpg,https://image.tmdb.org/t/p/original/aZGpn6GTtLFkkJ0LmeHtifL1Jw8.jpg,page_79.json,ok,
677210,Fashionably Yours,Comedy,images/677210_Fashionably_Yours_Comedy.jpg,https://image.tmdb.org/t/p/original/r2CJ6ncw7PYe7UqjcDsMADrLTmn.jpg,page_79.json,ok,
9683,Bubble Boy,Comedy,images/9683_Bubble_Boy_Comedy.jpg,https://image.tmdb.org/t/p/original/tFwvUSc8g0HHvDOBQ2rvC9LWVSj.jpg,page_79.json,ok,
290250,The Nice Guys,Comedy,images/290250_The_Nice_Guys_Comedy.jpg,https://image.tmdb.org/t/p/original/clq4So9spa9cXk3MZy2iMdqkxP2.jpg,page_79.json,ok,
55721,Bridesmaids,Comedy,images/55721_Bridesmaids_Comedy.jpg,https://image.tmdb.org/t/p/original/gJtA7hYsBMQ7EM3sPBMUdBfU7a0.jpg,page_79.json,ok,
9557,Boat Trip,Comedy,images/9557_Boat_Trip_Comedy.jpg,https://image.tmdb.org/t/p/original/xHFJt9nEfVIUItBfKZr7qhbgveL.jpg,page_79.json,ok,
58232,Chalet Girl,Comedy,images/58232_Chalet_Girl_Comedy.jpg,https://image.tmdb.org/t/p/original/uzHIG8nXums3sCAiO4w5heZi3Hc.jpg,page_79.json,ok,
704630,Asylum: Twisted Horror and Fantasy Tales,Comedy,images/704630_Asylum_Twisted_Horror_and_Fantasy_Tales_Comedy.jpg,https://image.tmdb.org/t/p/original/3rxKic2PDrheSXMCG82vm9LAm8e.jpg,page_79.json,ok,
547377,Her Boyfriend's Secret,Thriller,images/547377_Her_Boyfriends_Secret_Thriller.jpg,https://image.tmdb.org/t/p/original/qmJnFHuIlu7a9NYJmbU2I9yY077.jpg,page_8.json,ok,
603119,The Silencing,Thriller,images/603119_The_Silencing_Thriller.jpg,https://image.tmdb.org/t/p/original/mUInz05QlvukSrGOulKm5dbOR7L.jpg,page_79.json,ok,
323690,Matt Braunger: Big Dumb Animal,Comedy,images/323690_Matt_Braunger_Big_Dumb_Animal_Comedy.jpg,https://image.tmdb.org/t/p/original/eSoL8Jvtii39kMGYEUdoZsN60tD.jpg,page_8.json,ok,
1276610,Locked in My House,Thriller,images/1276610_Locked_in_My_House_Thriller.jpg,https://image.tmdb.org/t/p/original/7Sg6tiDTibo08F0fcwj6csn9OzE.jpg,page_8.json,ok,
795230,Trust,Thriller,images/795230_Trust_Thriller.jpg,https://image.tmdb.org/t/p/original/tVmymE4f7QgekI0Cp59lXtERspf.jpg,page_79.json,ok,
345914,The House,Comedy,images/345914_The_House_Comedy.jpg,https://image.tmdb.org/t/p/original/hkmWkVgirei79bwds23Hr0lWSXS.jpg,page_79.json,ok,
457243,The Long Dumb Road,Comedy,images/457243_The_Long_Dumb_Road_Comedy.jpg,https://image.tmdb.org/t/p/original/nGfKFEnKqSVaM0I2xxUnDeLx7t4.jpg,page_8.json,ok,
523226,Mimi,Comedy,images/523226_Mimi_Comedy.jpg,https://image.tmdb.org/t/p/original/nNUbjlEazugPDewWoUsX1TZmJI0.jpg,page_80.json,ok,
1035259,The Naked Gun,Comedy,images/1035259_The_Naked_Gun_Comedy.jpg,https://image.tmdb.org/t/p/original/hF4pG0CMDzC4GCiiUR9iNrzoW2p.jpg,page_8.json,ok,
112987,The Hustle,Comedy,images/112987_The_Hustle_Comedy.jpg,https://image.tmdb.org/t/p/original/dZRvLYqjl5QLPpYAjArHrw2aolz.jpg,page_80.json,ok,
9741,Unbreakable,Thriller,images/9741_Unbreakable_Thriller.jpg,https://image.tmdb.org/t/p/original/mLuehrGLiK5zFCyRmDDOH6gbfPf.jpg,page_80.json,ok,
271520,Glenn Wool: You Don't Go to Hell for Eating Elephants,Comedy,images/271520_Glenn_Wool_You_Dont_Go_to_Hell_for_Eating_Elephants_Comedy.jpg,https://image.tmdb.org/t/p/original/x8XjSa5ZxYEALtrCJpFVnu0vIfN.jpg,page_8.json,ok,
8275,American Pie Presents: The Naked Mile,Comedy,images/8275_American_Pie_Presents_The_Naked_Mile_Comedy.jpg,https://image.tmdb.org/t/p/original/6CPJVJrqVjibP5Uub8yCg4FKtJi.jpg,page_80.json,ok,
4964,Knocked Up,Comedy,images/4964_Knocked_Up_Comedy.jpg,https://image.tmdb.org/t/p/original/b4OaXw2MW97VvIiZE0Sbn1NfxSh.jpg,page_80.json,ok,
346681,Wilson,Comedy,images/346681_Wilson_Comedy.jpg,https://image.tmdb.org/t/p/original/m63h5MxevYrKn3720hVgKZAx86S.jpg,page_80.json,ok,
347852,Farhope Tower,Thriller,images/347852_Farhope_Tower_Thriller.jpg,https://image.tmdb.org/t/p/original/2ZsE0oe3CIi20D0ezXXQN4ebGvM.jpg,page_80.json,ok,
77866,Contraband,Thriller,images/77866_Contraband_Thriller.jpg,https://image.tmdb.org/t/p/original/dNNjyZQ0zVtmPa74nJE63Kn0xEx.jpg,page_80.json,ok,
390353,Traceroute,Comedy,images/390353_Traceroute_Comedy.jpg,https://image.tmdb.org/t/p/original/oDelXRjk8DBPdmjr5gcXr8ulJBr.jpg,page_81.json,ok,
252204,Breakdance Academy,Comedy,images/252204_Breakdance_Academy_Comedy.jpg,https://image.tmdb.org/t/p/original/a0QEH1bduaRQwHh8K0s71lotmEB.jpg,page_81.json,ok,
94363,Hick,Comedy,images/94363_Hick_Comedy.jpg,https://image.tmdb.org/t/p/original/ziXCRCci5BFLEUwSgO0V83M9LGw.jpg,page_81.json,ok,
41210,The Switch,Comedy,images/41210_The_Switch_Comedy.jpg,https://image.tmdb.org/t/p/original/oJdMT6RGtbvQ26Tk7EHGfG8xZ6.jpg,page_81.json,ok,
1255795,Putin,Thriller,images/1255795_Putin_Thriller.jpg,https://image.tmdb.org/t/p/original/j3Q2MrpmaOrKfN2pInNvRNhYa4G.jpg,page_81.json,ok,
43947,I Spit on Your Grave,Thriller,images/43947_I_Spit_on_Your_Grave_Thriller.jpg,https://image.tmdb.org/t/p/original/4VZ9eqel8Fsp54KMnesr3xIc67N.jpg,page_81.json,ok,
7553,Waiting...,Comedy,images/7553_Waiting..._Comedy.jpg,https://image.tmdb.org/t/p/original/uyZ11F0ZdUWR29wx8pS9CMCNyse.jpg,page_81.json,ok,
399796,Life of the Party,Comedy,images/399796_Life_of_the_Party_Comedy.jpg,https://image.tmdb.org/t/p/original/749iUAWQWeutQuTd9excjmigecw.jpg,page_81.json,ok,
2313,Prime,Comedy,images/2313_Prime_Comedy.jpg,https://image.tmdb.org/t/p/original/gz17H1jiLI9OrTo8ruS31WkP9Am.jpg,page_81.json,ok,
4523,Enchanted,Comedy,images/4523_Enchanted_Comedy.jpg,https://image.tmdb.org/t/p/original/8KCNzCArLlvLdQoHx6npua2VSVc.jpg,page_81.json,ok,
455,Bend It Like Beckham,Comedy,images/455_Bend_It_Like_Beckham_Comedy.jpg,https://image.tmdb.org/t/p/original/2dzSBmFWWqt8NbnubJKIWU21Y86.jpg,page_82.json,ok,
333371,10 Cloverfield Lane,Thriller,images/333371_10_Cloverfield_Lane_Thriller.jpg,https://image.tmdb.org/t/p/original/84Dhwz93vCin6T1PX6ctSvWEuNE.jpg,page_81.json,ok,
207768,I Spit on Your Grave 2,Thriller,images/207768_I_Spit_on_Your_Grave_2_Thriller.jpg,https://image.tmdb.org/t/p/original/cy3zp7PA4JFq8bT0WwSi8uDlrbD.jpg,page_82.json,ok,
44833,Battleship,Thriller,images/44833_Battleship_Thriller.jpg,https://image.tmdb.org/t/p/original/9b0Im7SfedHiajTwzSL9zGyBI7M.jpg,page_82.json,ok,
661437,The Lead,Thriller,images/661437_The_Lead_Thriller.jpg,https://image.tmdb.org/t/p/original/m9ZWrxoznoMFBW1mlj8NA0f17er.jpg,page_82.json,ok,
420452,The Circuit,Comedy,images/420452_The_Circuit_Comedy.jpg,https://image.tmdb.org/t/p/original/9AddHOCTfyO286mChQztYBmIaO2.jpg,page_83.json,ok,
342182,Mekko,Thriller,images/342182_Mekko_Thriller.jpg,https://image.tmdb.org/t/p/original/o8jMnuRs7B7lT2J1dmJzHUSCfB7.jpg,page_83.json,ok,
615665,Holidate,Comedy,images/615665_Holidate_Comedy.jpg,https://image.tmdb.org/t/p/original/oXCLSlCRWWHsSSwLJSVIC0DDWsE.jpg,page_83.json,ok,
571286,Mondo Hollywoodland,Comedy,images/571286_Mondo_Hollywoodland_Comedy.jpg,https://image.tmdb.org/t/p/original/77Mi4J7hDTBUi41UErCYb3ns3RM.jpg,page_83.json,ok,
955950,The Blacklight,Thriller,images/955950_The_Blacklight_Thriller.jpg,https://image.tmdb.org/t/p/original/m7UM0BSUcgPelxqVPTXPdhk28zI.jpg,page_82.json,ok,
58660,"Oh, My Girl! A Laugh Story...",Comedy,images/58660_Oh_My_Girl_A_Laugh_Story..._Comedy.jpg,https://image.tmdb.org/t/p/original/4w9O9gbFIg5KtsMeNcU66G2CpG1.jpg,page_84.json,ok,
36269,Winning London,Comedy,images/36269_Winning_London_Comedy.jpg,https://image.tmdb.org/t/p/original/2wzA0yGuwpoIjduC6OoTXigWtMg.jpg,page_83.json,ok,
1022690,Ricky Stanicky,Comedy,images/1022690_Ricky_Stanicky_Comedy.jpg,https://image.tmdb.org/t/p/original/oJQdLfrpl4CQsHAKIxd3DJqYTVq.jpg,page_83.json,ok,
922848,Deadly Doula,Thriller,images/922848_Deadly_Doula_Thriller.jpg,https://image.tmdb.org/t/p/original/saZ1NgVXiPveHFiMQmpTCFCoD1M.jpg,page_84.json,ok,
360408,Jeff Dunham: Unhinged in Hollywood,Comedy,images/360408_Jeff_Dunham_Unhinged_in_Hollywood_Comedy.jpg,https://image.tmdb.org/t/p/original/yBlrWOgFpmOZADx2mnM521z8p8H.jpg,page_83.json,ok,
49872,Hansel & Gretel,Comedy,images/49872_Hansel__Gretel_Comedy.jpg,https://image.tmdb.org/t/p/original/eNY4aIyVuYnQWu1dGWds0nGeCBO.jpg,page_84.json,ok,
59965,Abduction,Thriller,images/59965_Abduction_Thriller.jpg,https://image.tmdb.org/t/p/original/4vqkl1w4eSTMdIcL9IrBzln58Wy.jpg,page_84.json,ok,
5994,The Family Man,Comedy,images/5994_The_Family_Man_Comedy.jpg,https://image.tmdb.org/t/p/original/9wToOVsKuf0XeKhlauzCa3D8Gui.jpg,page_85.json,ok,
1280672,One of Them Days,Comedy,images/1280672_One_of_Them_Days_Comedy.jpg,https://image.tmdb.org/t/p/original/ccn6bFUA5DECjA3Lo0CuJqGNQCv.jpg,page_84.json,ok,
320,Insomnia,Thriller,images/320_Insomnia_Thriller.jpg,https://image.tmdb.org/t/p/original/riVXh3EimGO0y5dgQxEWPRy5Itg.jpg,page_85.json,ok,
724209,Heart of Stone,Thriller,images/724209_Heart_of_Stone_Thriller.jpg,https://image.tmdb.org/t/p/original/vB8o2p4ETnrfiWEgVxHmHWP9yRl.jpg,page_84.json,ok,
393425,Intersection,Thriller,images/393425_Intersection_Thriller.jpg,https://image.tmdb.org/t/p/original/nXmqTt9IlQkjIhq96fqMnhZd36l.jpg,page_84.json,ok,
6282,Coyote Ugly,Comedy,images/6282_Coyote_Ugly_Comedy.jpg,https://image.tmdb.org/t/p/original/psFfGo5wePnsNxGgeU6qx8oZUM9.jpg,page_85.json,ok,
693,Meet the Fockers,Comedy,images/693_Meet_the_Fockers_Comedy.jpg,https://image.tmdb.org/t/p/original/59fXm6N2x7QSbvt6BaBxTNBXGL8.jpg,page_85.json,ok,
13973,Choke,Comedy,images/13973_Choke_Comedy.jpg,https://image.tmdb.org/t/p/original/7osy71os3YLiFpNYn567koOnAKZ.jpg,page_85.json,ok,
1030282,All Happy Families,Comedy,images/1030282_All_Happy_Families_Comedy.jpg,https://image.tmdb.org/t/p/original/4lpgOpSRs4K5wI8lyO7miMcLwn3.jpg,page_85.json,ok,
772973,The Inhabitant,Thriller,images/772973_The_Inhabitant_Thriller.jpg,https://image.tmdb.org/t/p/original/p1hH2FXEUHuY5kzm9bEBxEmdD8D.jpg,page_85.json,ok,
356318,North Mountain,Thriller,images/356318_North_Mountain_Thriller.jpg,https://image.tmdb.org/t/p/original/6YW5EEUE2CSpv8vvZ5nAMa8JfxS.jpg,page_85.json,ok,
10947,High School Musical,Comedy,images/10947_High_School_Musical_Comedy.jpg,https://image.tmdb.org/t/p/original/1DGmWZjUJPeKGFRHGCA6VPFUBML.jpg,page_86.json,ok,
255168,Finding Faith,Thriller,images/255168_Finding_Faith_Thriller.jpg,https://image.tmdb.org/t/p/original/jzZMtGktGqC2z9jjHiQTpMZkVa7.jpg,page_85.json,ok,
9472,DodgeBall: A True Underdog Story,Comedy,images/9472_DodgeBall_A_True_Underdog_Story_Comedy.jpg,https://image.tmdb.org/t/p/original/r8KbNHkkwFXLjV1suGwm0Qjure5.jpg,page_85.json,ok,
82390,The Paperboy,Thriller,images/82390_The_Paperboy_Thriller.jpg,https://image.tmdb.org/t/p/original/AiALtw5Nl4adb6oO4VndBPo3RkQ.jpg,page_87.json,ok,
335878,Coffee & Pie,Comedy,images/335878_Coffee__Pie_Comedy.jpg,https://image.tmdb.org/t/p/original/nR4nof5JvdkObzCWM29BbWai4Z7.jpg,page_85.json,ok,
723347,Robots,Comedy,images/723347_Robots_Comedy.jpg,https://image.tmdb.org/t/p/original/5BAqLXrPD4ra3zA07lVsozK6sEj.jpg,page_87.json,ok,
71763,Stealing Candy,Thriller,images/71763_Stealing_Candy_Thriller.jpg,https://image.tmdb.org/t/p/original/kxSVajcmLUd8yNPrt1YjXI0cpJ1.jpg,page_87.json,ok,
74702,Between,Thriller,images/74702_Between_Thriller.jpg,https://image.tmdb.org/t/p/original/tPeTFAEuHgeBJOrOENp064jEt4U.jpg,page_87.json,ok,
614939,Bros,Comedy,images/614939_Bros_Comedy.jpg,https://image.tmdb.org/t/p/original/6iFBzZ3LjmlE83pHok03Z9QPkAB.jpg,page_87.json,ok,
798286,Beau Is Afraid,Comedy,images/798286_Beau_Is_Afraid_Comedy.jpg,https://image.tmdb.org/t/p/original/wgVkkjigF31r1nZV80uV0xNIoun.jpg,page_88.json,ok,
528630,Spinster,Comedy,images/528630_Spinster_Comedy.jpg,https://image.tmdb.org/t/p/original/yztudvdD6IEr9waWZJZjyoXDR8A.jpg,page_87.json,ok,
90232,Humans vs Zombies,Comedy,images/90232_Humans_vs_Zombies_Comedy.jpg,https://image.tmdb.org/t/p/original/ytQ2S5UlBrnclSDqioKfjbEShij.jpg,page_88.json,ok,
408381,Monolith,Thriller,images/408381_Monolith_Thriller.jpg,https://image.tmdb.org/t/p/original/gyI1M8toCUr6xlVnVqXOdATg9gY.jpg,page_88.json,ok,
13018,Deception,Thriller,images/13018_Deception_Thriller.jpg,https://image.tmdb.org/t/p/original/lfkdTvfmaqlGiHymJl6EAdIaN1J.jpg,page_88.json,ok,
27581,The Other Guys,Comedy,images/27581_The_Other_Guys_Comedy.jpg,https://image.tmdb.org/t/p/original/wNEHNqo3MgHmj3BUiPSqqq5czcm.jpg,page_88.json,ok,
128862,The Bogus Witch Project,Comedy,images/128862_The_Bogus_Witch_Project_Comedy.jpg,https://image.tmdb.org/t/p/original/v5joJaXXii5yLt4b1Fd9TFztPhY.jpg,page_88.json,ok,
35944,Lucky Break,Comedy,images/35944_Lucky_Break_Comedy.jpg,https://image.tmdb.org/t/p/original/63JHVXD2bkPBdIFgprqXKu3k8bw.jpg,page_89.json,ok,
1421990,The Baltimorons,Comedy,images/1421990_The_Baltimorons_Comedy.jpg,https://image.tmdb.org/t/p/original/5h6kfi1xAf6J9rvfdWkdwsQkGy3.jpg,page_89.json,ok,
23398,Alvin and the Chipmunks: The Squeakquel,Comedy,images/23398_Alvin_and_the_Chipmunks_The_Squeakquel_Comedy.jpg,https://image.tmdb.org/t/p/original/8mdPqOga5fty15nXmaNcK1fsNMa.jpg,page_89.json,ok,
960251,Downtown Owl,Comedy,images/960251_Downtown_Owl_Comedy.jpg,https://image.tmdb.org/t/p/original/jJc9FJehQALnKOAwCdLVbqgeycQ.jpg,page_88.json,ok,
325358,Superfast!,Comedy,images/325358_Superfast_Comedy.jpg,https://image.tmdb.org/t/p/original/iuIWl90qCpoxv6g775JB6Kg0m86.jpg,page_89.json,ok,
594174,Locusts,Thriller,images/594174_Locusts_Thriller.jpg,https://image.tmdb.org/t/p/original/v5qphhS55KPhqmyGafHAcSVPhvU.jpg,page_89.json,ok,
40624,In the Shadows,Thriller,images/40624_In_the_Shadows_Thriller.jpg,https://image.tmdb.org/t/p/original/l1QmD3WB4KGB5kWSg2c6WxPV6Xj.jpg,page_9.json,ok,
643847,Boiling Point,Thriller,images/643847_Boiling_Point_Thriller.jpg,https://image.tmdb.org/t/p/original/mfzH3Zqm3QGK6SsdyCBPoB0NgPF.jpg,page_9.json,ok,
680653,"Exorcism at 60,000 Feet",Comedy,images/680653_Exorcism_at_60000_Feet_Comedy.jpg,https://image.tmdb.org/t/p/original/2By9Rh0PdxeaJCaMOGOnLAijyd3.jpg,page_9.json,ok,
545570,Mayfair,Thriller,images/545570_Mayfair_Thriller.jpg,https://image.tmdb.org/t/p/original/nXGpYIQka6OE767xrDPyBbzPx83.jpg,page_89.json,ok,
14825,G.P.S.,Thriller,images/14825_G.P.S._Thriller.jpg,https://image.tmdb.org/t/p/original/V1GAtNNZCtP1AwMQC5xX53osvZ.jpg,page_9.json,ok,
1452027,Hacked: A Double Entendre of Rage Fueled Karma,Comedy,images/1452027_Hacked_A_Double_Entendre_of_Rage_Fueled_Karma_Comedy.jpg,https://image.tmdb.org/t/p/original/pQWBuuPj3biKxjW1ywBaOC5nZlE.jpg,page_89.json,ok,
1206699,Hidden Flora,Comedy,images/1206699_Hidden_Flora_Comedy.jpg,https://image.tmdb.org/t/p/original/e2vAHlPpCWE80nivIber1NvzSiA.jpg,page_9.json,ok,
1267905,The Roses,Comedy,images/1267905_The_Roses_Comedy.jpg,https://image.tmdb.org/t/p/original/98n5HnCJ5LnXKIMNP9SBfVNyxCE.jpg,page_9.json,ok,
755249,Who Is Killing the Cheerleaders?,Thriller,images/755249_Who_Is_Killing_the_Cheerleaders_Thriller.jpg,https://image.tmdb.org/t/p/original/jJat6I5uwHuXQRJx35PIQJlEUKe.jpg,page_9.json,ok,
1005367,The Stray,Thriller,images/1005367_The_Stray_Thriller.jpg,https://image.tmdb.org/t/p/original/koQrvVwdiFlAktWvlD6OQ4FleuL.jpg,page_9.json,ok,
550248,Joe Rogan: Strange Times,Comedy,images/550248_Joe_Rogan_Strange_Times_Comedy.jpg,https://image.tmdb.org/t/p/original/nxV9XiWQsp0J9bOpReKiAnKrzNj.jpg,page_9.json,ok,
507729,Marlon Wayans: Woke-ish,Comedy,images/507729_Marlon_Wayans_Woke-ish_Comedy.jpg,https://image.tmdb.org/t/p/original/n4LE5FaNvkexps3eDUeLYAuHvBN.jpg,page_9.json,ok,
972258,Malicious Mind Games,Thriller,images/972258_Malicious_Mind_Games_Thriller.jpg,https://image.tmdb.org/t/p/original/z5KKEuIeqF65rXPqFAAiHxOWfdI.jpg,page_9.json,ok,
1213746,All I've Got & Then Some,Comedy,images/1213746_All_Ive_Got__Then_Some_Comedy.jpg,https://image.tmdb.org/t/p/original/pY1ED94vCmzNopd4FpLzwJjClrE.jpg,page_9.json,ok,
372741,Marty Jenkins and the Vampire Bitches,Comedy,images/372741_Marty_Jenkins_and_the_Vampire_Bitches_Comedy.jpg,https://image.tmdb.org/t/p/original/ztIw9tkWgBT8K3pF3XRAqAkPl5m.jpg,page_9.json,ok,
1252693,Room 0,Thriller,images/1252693_Room_0_Thriller.jpg,https://image.tmdb.org/t/p/original/rTpZnL9OsGJfoIKk61BnrmHEaZw.jpg,page_9.json,ok,
60238,Hidden Secrets,Comedy,images/60238_Hidden_Secrets_Comedy.jpg,https://image.tmdb.org/t/p/original/mcMYNa3p8ZqFr8GuohQwTPdojnA.jpg,page_9.json,ok,
800857,Fester,Comedy,images/800857_Fester_Comedy.jpg,https://image.tmdb.org/t/p/original/ybcMDEnxbLINhBcTZZVhOKtIDLj.jpg,page_90.json,ok,
1026436,Miller's Girl,Thriller,images/1026436_Millers_Girl_Thriller.jpg,https://image.tmdb.org/t/p/original/ieU0zUj7WhE0GrgpgofRH0sNjbI.jpg,page_91.json,ok,
274167,Daddy's Home,Comedy,images/274167_Daddys_Home_Comedy.jpg,https://image.tmdb.org/t/p/original/fB9lALk9zKsMYWvf0bJSkJN219Z.jpg,page_90.json,ok,
567738,American Hangman,Thriller,images/567738_American_Hangman_Thriller.jpg,https://image.tmdb.org/t/p/original/xKoXpgqEk8RSezV05oRDCZP9fhT.jpg,page_90.json,ok,
1109534,The Dive,Thriller,images/1109534_The_Dive_Thriller.jpg,https://image.tmdb.org/t/p/original/1aLFglfGkTFG5p6KQg9o07EN3rl.jpg,page_90.json,ok,
333385,Mr. Right,Comedy,images/333385_Mr._Right_Comedy.jpg,https://image.tmdb.org/t/p/original/aSx5YUCLcSUAR4nt93aeIpZYHF6.jpg,page_91.json,ok,
1047020,The Last Stop in Yuma County,Thriller,images/1047020_The_Last_Stop_in_Yuma_County_Thriller.jpg,https://image.tmdb.org/t/p/original/u6ae2MMh8PpSamO3cIttLM5B18v.jpg,page_91.json,ok,
542470,Blue Moon,Thriller,images/542470_Blue_Moon_Thriller.jpg,https://image.tmdb.org/t/p/original/73P5zbPlhIy1296KfVZvPQPjYWh.jpg,page_91.json,ok,
296099,Vacation,Comedy,images/296099_Vacation_Comedy.jpg,https://image.tmdb.org/t/p/original/fYDALvoCt3DBlSWN6pSAnGQ9ld7.jpg,page_91.json,ok,
999364,Movers Ultimate,Comedy,images/999364_Movers_Ultimate_Comedy.jpg,https://image.tmdb.org/t/p/original/A8LL81sRrcJrmWgiWsyx1ksd6FX.jpg,page_91.json,ok,
23023,Tooth Fairy,Comedy,images/23023_Tooth_Fairy_Comedy.jpg,https://image.tmdb.org/t/p/original/cRZvw3bPomtucIUtMHZ3qPIYtYs.jpg,page_92.json,ok,
97370,Under the Skin,Thriller,images/97370_Under_the_Skin_Thriller.jpg,https://image.tmdb.org/t/p/original/55wmcXJIDYITr7JDijJTdvwSaAv.jpg,page_92.json,ok,
27486,Voodoo Dollz,Comedy,images/27486_Voodoo_Dollz_Comedy.jpg,https://image.tmdb.org/t/p/original/q9dbYAjo51T0DhqrEHrjA5ViyjB.jpg,page_92.json,ok,
16996,17 Again,Comedy,images/16996_17_Again_Comedy.jpg,https://image.tmdb.org/t/p/original/yEcfFXEWpuXcfsR9nKESVCFneqV.jpg,page_92.json,ok,
398096,Freshwater,Thriller,images/398096_Freshwater_Thriller.jpg,https://image.tmdb.org/t/p/original/xMUzZBw0Hw05WjKMq0glxVb9nlj.jpg,page_93.json,ok,
407655,A Cinderella Story: If the Shoe Fits,Comedy,images/407655_A_Cinderella_Story_If_the_Shoe_Fits_Comedy.jpg,https://image.tmdb.org/t/p/original/qtxOA6Sb8lK1PfRiwduxYVuzaEv.jpg,page_93.json,ok,
43593,Piranha 3D,Comedy,images/43593_Piranha_3D_Comedy.jpg,https://image.tmdb.org/t/p/original/lMLS2OFBbNYMSB1ZbVp4q2S4zTU.jpg,page_92.json,ok,
808023,The Virtuoso,Thriller,images/808023_The_Virtuoso_Thriller.jpg,https://image.tmdb.org/t/p/original/ufFbnDMa1XNJxWYxlYv2jEPxUcD.jpg,page_94.json,ok,
72784,The Loft,Thriller,images/72784_The_Loft_Thriller.jpg,https://image.tmdb.org/t/p/original/msHg4MRKZBcGwIakhMEaYRSdYag.jpg,page_92.json,ok,
570670,The Invisible Man,Thriller,images/570670_The_Invisible_Man_Thriller.jpg,https://image.tmdb.org/t/p/original/5EufsDwXdY2CVttYOk2WtYhgKpa.jpg,page_93.json,ok,
885415,Good Grief,Comedy,images/885415_Good_Grief_Comedy.jpg,https://image.tmdb.org/t/p/original/n1xh7xl2FVV1vcrk4M1tqUFb827.jpg,page_92.json,ok,
24870,Viva,Comedy,images/24870_Viva_Comedy.jpg,https://image.tmdb.org/t/p/original/6c8GlvDF71b1f62K8fapWAa8Qtv.jpg,page_94.json,ok,
134374,Pain & Gain,Comedy,images/134374_Pain__Gain_Comedy.jpg,https://image.tmdb.org/t/p/original/9WqA0Ry9wmTzFvom8mNbcyKZQgP.jpg,page_94.json,ok,
184835,Teddy Bears' Picnic,Comedy,images/184835_Teddy_Bears_Picnic_Comedy.jpg,https://image.tmdb.org/t/p/original/ynoApiMTavHJJnwpy9e58hMbdUH.jpg,page_94.json,ok,
419639,The Thinning,Thriller,images/419639_The_Thinning_Thriller.jpg,https://image.tmdb.org/t/p/original/1vgtCoBbBzeoW78g8fHT4EekoM2.jpg,page_94.json,ok,
3172,Bandits,Comedy,images/3172_Bandits_Comedy.jpg,https://image.tmdb.org/t/p/original/67AUAkiT4rbgqN7SNlIJn0zWZqU.jpg,page_94.json,ok,
1479701,Mean Goals,Comedy,images/1479701_Mean_Goals_Comedy.jpg,https://image.tmdb.org/t/p/original/cD4xq4ahUUBKy77ecqWd259CtF5.jpg,page_95.json,ok,
1075334,The Girl Who Escaped: The Kara Robinson Story,Thriller,images/1075334_The_Girl_Who_Escaped_The_Kara_Robinson_Story_Thriller.jpg,https://image.tmdb.org/t/p/original/o9hwOE1FeOelkNxfsGtTNrlWnyq.jpg,page_95.json,ok,
846273,Love Wine,Comedy,images/846273_Love_Wine_Comedy.jpg,https://image.tmdb.org/t/p/original/jwzsksBZ5CqJnNpa1PKBN27BUW8.jpg,page_95.json,ok,
181886,Enemy,Thriller,images/181886_Enemy_Thriller.jpg,https://image.tmdb.org/t/p/original/vf40tyDRKZsBmaLsYeopzfFLzLx.jpg,page_95.json,ok,
513083,Wine Country,Comedy,images/513083_Wine_Country_Comedy.jpg,https://image.tmdb.org/t/p/original/mi5l29DQFdwrTXxbqM2OLbs830H.jpg,page_95.json,ok,
1226076,Queen of the New Year 2023,Comedy,images/1226076_Queen_of_the_New_Year_2023_Comedy.jpg,https://image.tmdb.org/t/p/original/rYxEJtEsq9gWXpzfKFxIHY0M5X7.jpg,page_95.json,ok,
660982,American Pie Presents: Girls' Rules,Comedy,images/660982_American_Pie_Presents_Girls_Rules_Comedy.jpg,https://image.tmdb.org/t/p/original/xqvX5A24dbIWaeYsMTxxKX5qOfz.jpg,page_95.json,ok,
10761,Made of Honor,Comedy,images/10761_Made_of_Honor_Comedy.jpg,https://image.tmdb.org/t/p/original/pDg8D0jNqmz7RbCBgblWvmPswHE.jpg,page_95.json,ok,
10771,The Tuxedo,Thriller,images/10771_The_Tuxedo_Thriller.jpg,https://image.tmdb.org/t/p/original/2agrcNQRtgTsN5SbffC4H2BwYW2.jpg,page_96.json,ok,
1817,Phone Booth,Thriller,images/1817_Phone_Booth_Thriller.jpg,https://image.tmdb.org/t/p/original/r6lIwPKVDa6Q76qH2TbIBqPhXL3.jpg,page_96.json,ok,
578701,Those Who Wish Me Dead,Thriller,images/578701_Those_Who_Wish_Me_Dead_Thriller.jpg,https://image.tmdb.org/t/p/original/xCEg6KowNISWvMh8GvPSxtdf9TO.jpg,page_96.json,ok,
52449,Bad Teacher,Comedy,images/52449_Bad_Teacher_Comedy.jpg,https://image.tmdb.org/t/p/original/zpIY4qUSX91J9XpPgr0hFrk1eKr.jpg,page_96.json,ok,
417828,Night Calls: The Movie 2,Comedy,images/417828_Night_Calls_The_Movie_2_Comedy.jpg,https://image.tmdb.org/t/p/original/fYFpii5JeVaUJ17YieWZrEy85Oj.jpg,page_96.json,ok,
1584,School of Rock,Comedy,images/1584_School_of_Rock_Comedy.jpg,https://image.tmdb.org/t/p/original/zXLXaepIBvFVLU25DH3wv4IPSbe.jpg,page_96.json,ok,
953365,Moving On,Comedy,images/953365_Moving_On_Comedy.jpg,https://image.tmdb.org/t/p/original/pUZxbnF2i4gHf55tjuKIURDi8vR.jpg,page_97.json,ok,
840430,The Holdovers,Comedy,images/840430_The_Holdovers_Comedy.jpg,https://image.tmdb.org/t/p/original/VHSzNBTwxV8vh7wylo7O9CLdac.jpg,page_96.json,ok,
684138,Dear Me,Comedy,images/684138_Dear_Me_Comedy.jpg,https://image.tmdb.org/t/p/original/gAviCUpfrlsiNf3nYBCdkdBdGkN.jpg,page_98.json,ok,
41709,Alchemy,Comedy,images/41709_Alchemy_Comedy.jpg,https://image.tmdb.org/t/p/original/4TkXzoMHkKj1hrShoDk7bW9Vg4.jpg,page_98.json,ok,
567604,Once Upon a Deadpool,Comedy,images/567604_Once_Upon_a_Deadpool_Comedy.jpg,https://image.tmdb.org/t/p/original/w6Jk8BHohhoKBUcxGeSyDQGWGWc.jpg,page_97.json,ok,
45612,Source Code,Thriller,images/45612_Source_Code_Thriller.jpg,https://image.tmdb.org/t/p/original/nTr0lvAzeQmUjgSgDEHTJpnrxTz.jpg,page_97.json,ok,
257440,Term Life,Thriller,images/257440_Term_Life_Thriller.jpg,https://image.tmdb.org/t/p/original/9oAVYDh7RHW3wzQWbGsRB7RFE6J.jpg,page_97.json,ok,
401981,Red Sparrow,Thriller,images/401981_Red_Sparrow_Thriller.jpg,https://image.tmdb.org/t/p/original/a2YVxRnqwAkunqzYXWutMZYCMaG.jpg,page_98.json,ok,
546121,Run,Thriller,images/546121_Run_Thriller.jpg,https://image.tmdb.org/t/p/original/ilHG4EayOVoYeKqslspY3pR4wzC.jpg,page_97.json,ok,
862551,Me Time,Comedy,images/862551_Me_Time_Comedy.jpg,https://image.tmdb.org/t/p/original/bkjPoisqAavXUvtoirxTEcLLQyI.jpg,page_98.json,ok,
634,Bridget Jones's Diary,Comedy,images/634_Bridget_Joness_Diary_Comedy.jpg,https://image.tmdb.org/t/p/original/dkauRl9TosBFikftrC3OVcKWDoz.jpg,page_99.json,ok,
13483,Awake,Thriller,images/13483_Awake_Thriller.jpg,https://image.tmdb.org/t/p/original/jIPIxaBcppLLkygko7tV5yuTIs1.jpg,page_99.json,ok,
161080,Secret Society,Comedy,images/161080_Secret_Society_Comedy.jpg,https://image.tmdb.org/t/p/original/sZ4HeEoyOkzmv6848exsbDfsNVJ.jpg,page_98.json,ok,
757190,The Conspiracy of Dark Falls,Thriller,images/757190_The_Conspiracy_of_Dark_Falls_Thriller.jpg,https://image.tmdb.org/t/p/original/qKD0JMcNFK16T132zWt4SXKh7JC.jpg,page_98.json,ok,
989834,Vandits,Comedy,images/989834_Vandits_Comedy.jpg,https://image.tmdb.org/t/p/original/ubzdzLJtSUYyVv5kxWFvr023Lad.jpg,page_98.json,ok,
1245347,Twinless,Comedy,images/1245347_Twinless_Comedy.jpg,https://image.tmdb.org/t/p/original/9vaw9Az5tPLMjNLj426KgKsp0k8.jpg,page_99.json,ok,
292834,Brother Nature,Comedy,images/292834_Brother_Nature_Comedy.jpg,https://image.tmdb.org/t/p/original/jEaUqbtlOvg0bfnPaPh1Bd0MoAu.jpg,page_98.json,ok,
227973,The Peanuts Movie,Comedy,images/227973_The_Peanuts_Movie_Comedy.jpg,https://image.tmdb.org/t/p/original/aiwdwnl7RFs1vcBanOKr13ye3wE.jpg,page_99.json,ok,
2022,Mr. Deeds,Comedy,images/2022_Mr._Deeds_Comedy.jpg,https://image.tmdb.org/t/p/original/7gGk3pkpRsNlJ4PrJgEfgY9PG43.jpg,page_99.json,ok,
82622,Violet Tendencies,Comedy,images/82622_Violet_Tendencies_Comedy.jpg,https://image.tmdb.org/t/p/original/9yGr3wXAXJ43D8ztPGeqEHFrLCO.jpg,page_99.json,ok,
75802,Hysteria,Comedy,images/75802_Hysteria_Comedy.jpg,https://image.tmdb.org/t/p/original/ziWnXi2VyNDD9qPi5wmOuolOCIu.jpg,page_99.json,ok,
877762,Appland,Comedy,images/877762_Appland_Comedy.jpg,https://image.tmdb.org/t/p/original/o5P8ED1THGvgPM1ijedMBTR3z1Q.jpg,page_99.json,ok,
